-- phpMyAdmin SQL Dump
-- version 5.2.1deb3
-- https://www.phpmyadmin.net/
--
-- Host: localhost:3306
-- Generation Time: Nov 17, 2025 at 05:15 PM
-- Server version: 8.0.43-0ubuntu0.24.04.2
-- PHP Version: 8.3.6

SET SQL_MODE = "NO_AUTO_VALUE_ON_ZERO";
START TRANSACTION;
SET time_zone = "+00:00";


/*!40101 SET @OLD_CHARACTER_SET_CLIENT=@@CHARACTER_SET_CLIENT */;
/*!40101 SET @OLD_CHARACTER_SET_RESULTS=@@CHARACTER_SET_RESULTS */;
/*!40101 SET @OLD_COLLATION_CONNECTION=@@COLLATION_CONNECTION */;
/*!40101 SET NAMES utf8mb4 */;

--
-- Database: `scms`
--

-- --------------------------------------------------------

--
-- Table structure for table `attendances`
--

CREATE TABLE `attendances` (
  `id` bigint UNSIGNED NOT NULL,
  `student_id` bigint UNSIGNED NOT NULL,
  `classroom_id` bigint UNSIGNED DEFAULT NULL,
  `subject_id` bigint UNSIGNED DEFAULT NULL,
  `date` date NOT NULL,
  `status` enum('present','absent','late','excused') COLLATE utf8mb4_unicode_ci NOT NULL,
  `remarks` text COLLATE utf8mb4_unicode_ci,
  `created_at` timestamp NULL DEFAULT NULL,
  `updated_at` timestamp NULL DEFAULT NULL,
  `deleted_at` timestamp NULL DEFAULT NULL
) ENGINE=InnoDB DEFAULT CHARSET=utf8mb4 COLLATE=utf8mb4_unicode_ci;

-- --------------------------------------------------------

--
-- Table structure for table `cache`
--

CREATE TABLE `cache` (
  `key` varchar(255) COLLATE utf8mb4_unicode_ci NOT NULL,
  `value` mediumtext COLLATE utf8mb4_unicode_ci NOT NULL,
  `expiration` int NOT NULL
) ENGINE=InnoDB DEFAULT CHARSET=utf8mb4 COLLATE=utf8mb4_unicode_ci;

-- --------------------------------------------------------

--
-- Table structure for table `cache_locks`
--

CREATE TABLE `cache_locks` (
  `key` varchar(255) COLLATE utf8mb4_unicode_ci NOT NULL,
  `owner` varchar(255) COLLATE utf8mb4_unicode_ci NOT NULL,
  `expiration` int NOT NULL
) ENGINE=InnoDB DEFAULT CHARSET=utf8mb4 COLLATE=utf8mb4_unicode_ci;

-- --------------------------------------------------------

--
-- Table structure for table `classrooms`
--

CREATE TABLE `classrooms` (
  `id` bigint UNSIGNED NOT NULL,
  `name` varchar(255) COLLATE utf8mb4_unicode_ci NOT NULL,
  `room_number` varchar(255) COLLATE utf8mb4_unicode_ci NOT NULL,
  `capacity` int NOT NULL,
  `created_at` timestamp NULL DEFAULT NULL,
  `updated_at` timestamp NULL DEFAULT NULL,
  `deleted_at` timestamp NULL DEFAULT NULL
) ENGINE=InnoDB DEFAULT CHARSET=utf8mb4 COLLATE=utf8mb4_unicode_ci;

--
-- Dumping data for table `classrooms`
--

INSERT INTO `classrooms` (`id`, `name`, `room_number`, `capacity`, `created_at`, `updated_at`, `deleted_at`) VALUES
(1, 'Classroom A', 'A-101', 30, '2025-11-17 10:14:10', '2025-11-17 10:14:10', NULL),
(2, 'Classroom A', 'A-102', 30, '2025-11-17 10:14:10', '2025-11-17 10:14:10', NULL),
(3, 'Classroom A', 'A-103', 30, '2025-11-17 10:14:10', '2025-11-17 10:14:10', NULL),
(4, 'Classroom A', 'A-104', 30, '2025-11-17 10:14:10', '2025-11-17 10:14:10', NULL),
(5, 'Classroom A', 'A-105', 30, '2025-11-17 10:14:10', '2025-11-17 10:14:10', NULL),
(6, 'Classroom B', 'B-101', 30, '2025-11-17 10:14:10', '2025-11-17 10:14:10', NULL),
(7, 'Classroom B', 'B-102', 30, '2025-11-17 10:14:10', '2025-11-17 10:14:10', NULL),
(8, 'Classroom B', 'B-103', 30, '2025-11-17 10:14:10', '2025-11-17 10:14:10', NULL),
(9, 'Classroom B', 'B-104', 30, '2025-11-17 10:14:10', '2025-11-17 10:14:10', NULL),
(10, 'Classroom B', 'B-105', 30, '2025-11-17 10:14:10', '2025-11-17 10:14:10', NULL),
(11, 'Classroom C', 'C-101', 30, '2025-11-17 10:14:10', '2025-11-17 10:14:10', NULL),
(12, 'Classroom C', 'C-102', 30, '2025-11-17 10:14:10', '2025-11-17 10:14:10', NULL),
(13, 'Classroom C', 'C-103', 30, '2025-11-17 10:14:10', '2025-11-17 10:14:10', NULL),
(14, 'Classroom C', 'C-104', 30, '2025-11-17 10:14:10', '2025-11-17 10:14:10', NULL),
(15, 'Classroom C', 'C-105', 30, '2025-11-17 10:14:10', '2025-11-17 10:14:10', NULL);

-- --------------------------------------------------------

--
-- Table structure for table `departments`
--

CREATE TABLE `departments` (
  `id` bigint UNSIGNED NOT NULL,
  `name` varchar(255) COLLATE utf8mb4_unicode_ci NOT NULL,
  `description` text COLLATE utf8mb4_unicode_ci,
  `created_at` timestamp NULL DEFAULT NULL,
  `updated_at` timestamp NULL DEFAULT NULL,
  `deleted_at` timestamp NULL DEFAULT NULL
) ENGINE=InnoDB DEFAULT CHARSET=utf8mb4 COLLATE=utf8mb4_unicode_ci;

--
-- Dumping data for table `departments`
--

INSERT INTO `departments` (`id`, `name`, `description`, `created_at`, `updated_at`, `deleted_at`) VALUES
(1, 'Administration', 'Oversees the daily operations and management of the school.', '2025-11-17 10:13:49', '2025-11-17 10:13:49', NULL),
(2, 'Human Resources', 'Manages all personnel-related functions.', '2025-11-17 10:13:49', '2025-11-17 10:13:49', NULL),
(3, 'Finance', 'Responsible for the school\'s budget and accounting.', '2025-11-17 10:13:49', '2025-11-17 10:13:49', NULL),
(4, 'Maintenance', 'Handles upkeep and repair of facilities.', '2025-11-17 10:13:49', '2025-11-17 10:13:49', NULL),
(5, 'Student Services', 'Supports student well-being, counseling, extracurriculars.', '2025-11-17 10:13:49', '2025-11-17 10:13:49', NULL);

-- --------------------------------------------------------

--
-- Table structure for table `exams`
--

CREATE TABLE `exams` (
  `id` bigint UNSIGNED NOT NULL,
  `name` varchar(255) COLLATE utf8mb4_unicode_ci NOT NULL,
  `description` text COLLATE utf8mb4_unicode_ci,
  `subject_id` bigint UNSIGNED NOT NULL,
  `date` date NOT NULL,
  `total_marks` int NOT NULL,
  `passing_marks` int NOT NULL,
  `created_at` timestamp NULL DEFAULT NULL,
  `updated_at` timestamp NULL DEFAULT NULL,
  `deleted_at` timestamp NULL DEFAULT NULL
) ENGINE=InnoDB DEFAULT CHARSET=utf8mb4 COLLATE=utf8mb4_unicode_ci;

--
-- Dumping data for table `exams`
--

INSERT INTO `exams` (`id`, `name`, `description`, `subject_id`, `date`, `total_marks`, `passing_marks`, `created_at`, `updated_at`, `deleted_at`) VALUES
(1, 'Midterm Exam Subject 4', 'Midterm exam for subject 4', 4, '2025-12-01', 100, 50, '2025-11-17 10:14:11', '2025-11-17 10:14:11', NULL),
(2, 'Midterm Exam Subject 1', 'Midterm exam for subject 1', 1, '2025-12-01', 100, 50, '2025-11-17 10:14:11', '2025-11-17 10:14:11', NULL),
(3, 'Midterm Exam Subject 2', 'Midterm exam for subject 2', 2, '2025-12-01', 100, 50, '2025-11-17 10:14:11', '2025-11-17 10:14:11', NULL),
(4, 'Midterm Exam Subject 5', 'Midterm exam for subject 5', 5, '2025-12-01', 100, 50, '2025-11-17 10:14:11', '2025-11-17 10:14:11', NULL),
(5, 'Midterm Exam Subject 3', 'Midterm exam for subject 3', 3, '2025-12-01', 100, 50, '2025-11-17 10:14:11', '2025-11-17 10:14:11', NULL);

-- --------------------------------------------------------

--
-- Table structure for table `expenses`
--

CREATE TABLE `expenses` (
  `id` bigint UNSIGNED NOT NULL,
  `title` varchar(255) COLLATE utf8mb4_unicode_ci NOT NULL,
  `description` text COLLATE utf8mb4_unicode_ci NOT NULL,
  `amount` decimal(10,2) NOT NULL,
  `date` date NOT NULL,
  `expense_category_id` bigint UNSIGNED DEFAULT NULL,
  `approved_by` bigint UNSIGNED DEFAULT NULL,
  `created_at` timestamp NULL DEFAULT NULL,
  `updated_at` timestamp NULL DEFAULT NULL,
  `deleted_at` timestamp NULL DEFAULT NULL
) ENGINE=InnoDB DEFAULT CHARSET=utf8mb4 COLLATE=utf8mb4_unicode_ci;

--
-- Dumping data for table `expenses`
--

INSERT INTO `expenses` (`id`, `title`, `description`, `amount`, `date`, `expense_category_id`, `approved_by`, `created_at`, `updated_at`, `deleted_at`) VALUES
(1, 'Expense 0', 'Description for expense 0', 172.00, '2025-11-17', 3, 55, '2025-11-17 10:14:11', '2025-11-17 10:14:11', NULL),
(2, 'Expense 1', 'Description for expense 1', 206.00, '2025-11-17', 3, 76, '2025-11-17 10:14:11', '2025-11-17 10:14:11', NULL),
(3, 'Expense 2', 'Description for expense 2', 212.00, '2025-11-13', 2, 10, '2025-11-17 10:14:11', '2025-11-17 10:14:11', NULL),
(4, 'Expense 3', 'Description for expense 3', 432.00, '2025-10-27', 2, 13, '2025-11-17 10:14:11', '2025-11-17 10:14:11', NULL),
(5, 'Expense 4', 'Description for expense 4', 316.00, '2025-10-26', 1, 84, '2025-11-17 10:14:11', '2025-11-17 10:14:11', NULL),
(6, 'Expense 5', 'Description for expense 5', 394.00, '2025-10-28', 4, 39, '2025-11-17 10:14:11', '2025-11-17 10:14:11', NULL),
(7, 'Expense 6', 'Description for expense 6', 413.00, '2025-10-31', 1, 24, '2025-11-17 10:14:11', '2025-11-17 10:14:11', NULL),
(8, 'Expense 7', 'Description for expense 7', 140.00, '2025-10-25', 4, 48, '2025-11-17 10:14:11', '2025-11-17 10:14:11', NULL),
(9, 'Expense 8', 'Description for expense 8', 52.00, '2025-11-14', 2, 76, '2025-11-17 10:14:11', '2025-11-17 10:14:11', NULL),
(10, 'Expense 9', 'Description for expense 9', 154.00, '2025-11-11', 1, 43, '2025-11-17 10:14:11', '2025-11-17 10:14:11', NULL),
(11, 'Expense 10', 'Description for expense 10', 95.00, '2025-10-29', 3, 65, '2025-11-17 10:14:11', '2025-11-17 10:14:11', NULL),
(12, 'Expense 11', 'Description for expense 11', 298.00, '2025-10-23', 2, 93, '2025-11-17 10:14:11', '2025-11-17 10:14:11', NULL),
(13, 'Expense 12', 'Description for expense 12', 440.00, '2025-10-22', 1, 86, '2025-11-17 10:14:11', '2025-11-17 10:14:11', NULL),
(14, 'Expense 13', 'Description for expense 13', 375.00, '2025-11-07', 2, 102, '2025-11-17 10:14:11', '2025-11-17 10:14:11', NULL),
(15, 'Expense 14', 'Description for expense 14', 441.00, '2025-11-13', 4, 102, '2025-11-17 10:14:11', '2025-11-17 10:14:11', NULL),
(16, 'Expense 15', 'Description for expense 15', 271.00, '2025-10-22', 3, 55, '2025-11-17 10:14:11', '2025-11-17 10:14:11', NULL),
(17, 'Expense 16', 'Description for expense 16', 403.00, '2025-11-15', 3, 86, '2025-11-17 10:14:11', '2025-11-17 10:14:11', NULL),
(18, 'Expense 17', 'Description for expense 17', 417.00, '2025-11-14', 2, 55, '2025-11-17 10:14:11', '2025-11-17 10:14:11', NULL),
(19, 'Expense 18', 'Description for expense 18', 324.00, '2025-11-15', 3, 72, '2025-11-17 10:14:11', '2025-11-17 10:14:11', NULL),
(20, 'Expense 19', 'Description for expense 19', 251.00, '2025-11-06', 3, 66, '2025-11-17 10:14:11', '2025-11-17 10:14:11', NULL);

-- --------------------------------------------------------

--
-- Table structure for table `expense_categories`
--

CREATE TABLE `expense_categories` (
  `id` bigint UNSIGNED NOT NULL,
  `name` varchar(255) COLLATE utf8mb4_unicode_ci NOT NULL,
  `description` text COLLATE utf8mb4_unicode_ci,
  `created_at` timestamp NULL DEFAULT NULL,
  `updated_at` timestamp NULL DEFAULT NULL,
  `deleted_at` timestamp NULL DEFAULT NULL
) ENGINE=InnoDB DEFAULT CHARSET=utf8mb4 COLLATE=utf8mb4_unicode_ci;

--
-- Dumping data for table `expense_categories`
--

INSERT INTO `expense_categories` (`id`, `name`, `description`, `created_at`, `updated_at`, `deleted_at`) VALUES
(1, 'Maintenance', 'Maintenance expenses', '2025-11-17 10:14:11', '2025-11-17 10:14:11', NULL),
(2, 'Utilities', 'Utilities expenses', '2025-11-17 10:14:11', '2025-11-17 10:14:11', NULL),
(3, 'Events', 'Events expenses', '2025-11-17 10:14:11', '2025-11-17 10:14:11', NULL),
(4, 'Supplies', 'Supplies expenses', '2025-11-17 10:14:11', '2025-11-17 10:14:11', NULL);

-- --------------------------------------------------------

--
-- Table structure for table `fees`
--

CREATE TABLE `fees` (
  `id` bigint UNSIGNED NOT NULL,
  `student_id` bigint UNSIGNED NOT NULL,
  `fee_type_id` bigint UNSIGNED NOT NULL,
  `amount` decimal(10,2) NOT NULL,
  `due_date` date DEFAULT NULL,
  `status` enum('unpaid','partially_paid','paid') COLLATE utf8mb4_unicode_ci NOT NULL DEFAULT 'unpaid',
  `remarks` text COLLATE utf8mb4_unicode_ci,
  `created_at` timestamp NULL DEFAULT NULL,
  `updated_at` timestamp NULL DEFAULT NULL,
  `deleted_at` timestamp NULL DEFAULT NULL
) ENGINE=InnoDB DEFAULT CHARSET=utf8mb4 COLLATE=utf8mb4_unicode_ci;

--
-- Dumping data for table `fees`
--

INSERT INTO `fees` (`id`, `student_id`, `fee_type_id`, `amount`, `due_date`, `status`, `remarks`, `created_at`, `updated_at`, `deleted_at`) VALUES
(1, 7, 3, 799.00, '2025-12-17', 'unpaid', NULL, '2025-11-17 10:14:11', '2025-11-17 10:14:11', NULL),
(2, 7, 2, 712.00, '2025-12-17', 'unpaid', NULL, '2025-11-17 10:14:11', '2025-11-17 10:14:11', NULL),
(3, 7, 4, 646.00, '2025-12-17', 'unpaid', NULL, '2025-11-17 10:14:11', '2025-11-17 10:14:11', NULL),
(4, 7, 1, 423.00, '2025-12-17', 'unpaid', NULL, '2025-11-17 10:14:11', '2025-11-17 10:14:11', NULL),
(5, 8, 3, 117.00, '2025-12-17', 'unpaid', NULL, '2025-11-17 10:14:11', '2025-11-17 10:14:11', NULL),
(6, 8, 2, 333.00, '2025-12-17', 'unpaid', NULL, '2025-11-17 10:14:11', '2025-11-17 10:14:11', NULL),
(7, 8, 4, 136.00, '2025-12-17', 'unpaid', NULL, '2025-11-17 10:14:11', '2025-11-17 10:14:11', NULL),
(8, 8, 1, 172.00, '2025-12-17', 'unpaid', NULL, '2025-11-17 10:14:11', '2025-11-17 10:14:11', NULL),
(9, 9, 3, 497.00, '2025-12-17', 'unpaid', NULL, '2025-11-17 10:14:11', '2025-11-17 10:14:11', NULL),
(10, 9, 2, 107.00, '2025-12-17', 'unpaid', NULL, '2025-11-17 10:14:11', '2025-11-17 10:14:11', NULL),
(11, 9, 4, 315.00, '2025-12-17', 'unpaid', NULL, '2025-11-17 10:14:11', '2025-11-17 10:14:11', NULL),
(12, 9, 1, 949.00, '2025-12-17', 'unpaid', NULL, '2025-11-17 10:14:11', '2025-11-17 10:14:11', NULL),
(13, 10, 3, 487.00, '2025-12-17', 'unpaid', NULL, '2025-11-17 10:14:11', '2025-11-17 10:14:11', NULL),
(14, 10, 2, 156.00, '2025-12-17', 'unpaid', NULL, '2025-11-17 10:14:11', '2025-11-17 10:14:11', NULL),
(15, 10, 4, 602.00, '2025-12-17', 'unpaid', NULL, '2025-11-17 10:14:11', '2025-11-17 10:14:11', NULL),
(16, 10, 1, 788.00, '2025-12-17', 'unpaid', NULL, '2025-11-17 10:14:11', '2025-11-17 10:14:11', NULL),
(17, 11, 3, 477.00, '2025-12-17', 'unpaid', NULL, '2025-11-17 10:14:11', '2025-11-17 10:14:11', NULL),
(18, 11, 2, 710.00, '2025-12-17', 'unpaid', NULL, '2025-11-17 10:14:11', '2025-11-17 10:14:11', NULL),
(19, 11, 4, 162.00, '2025-12-17', 'unpaid', NULL, '2025-11-17 10:14:11', '2025-11-17 10:14:11', NULL),
(20, 11, 1, 531.00, '2025-12-17', 'unpaid', NULL, '2025-11-17 10:14:11', '2025-11-17 10:14:11', NULL),
(21, 12, 3, 171.00, '2025-12-17', 'unpaid', NULL, '2025-11-17 10:14:11', '2025-11-17 10:14:11', NULL),
(22, 12, 2, 899.00, '2025-12-17', 'unpaid', NULL, '2025-11-17 10:14:11', '2025-11-17 10:14:11', NULL),
(23, 12, 4, 144.00, '2025-12-17', 'unpaid', NULL, '2025-11-17 10:14:11', '2025-11-17 10:14:11', NULL),
(24, 12, 1, 323.00, '2025-12-17', 'unpaid', NULL, '2025-11-17 10:14:11', '2025-11-17 10:14:11', NULL),
(25, 13, 3, 817.00, '2025-12-17', 'unpaid', NULL, '2025-11-17 10:14:11', '2025-11-17 10:14:11', NULL),
(26, 13, 2, 250.00, '2025-12-17', 'unpaid', NULL, '2025-11-17 10:14:11', '2025-11-17 10:14:11', NULL),
(27, 13, 4, 532.00, '2025-12-17', 'unpaid', NULL, '2025-11-17 10:14:11', '2025-11-17 10:14:11', NULL),
(28, 13, 1, 139.00, '2025-12-17', 'unpaid', NULL, '2025-11-17 10:14:11', '2025-11-17 10:14:11', NULL),
(29, 14, 3, 777.00, '2025-12-17', 'unpaid', NULL, '2025-11-17 10:14:11', '2025-11-17 10:14:11', NULL),
(30, 14, 2, 610.00, '2025-12-17', 'unpaid', NULL, '2025-11-17 10:14:11', '2025-11-17 10:14:11', NULL),
(31, 14, 4, 244.00, '2025-12-17', 'unpaid', NULL, '2025-11-17 10:14:11', '2025-11-17 10:14:11', NULL),
(32, 14, 1, 242.00, '2025-12-17', 'unpaid', NULL, '2025-11-17 10:14:11', '2025-11-17 10:14:11', NULL),
(33, 15, 3, 871.00, '2025-12-17', 'unpaid', NULL, '2025-11-17 10:14:11', '2025-11-17 10:14:11', NULL),
(34, 15, 2, 346.00, '2025-12-17', 'unpaid', NULL, '2025-11-17 10:14:11', '2025-11-17 10:14:11', NULL),
(35, 15, 4, 484.00, '2025-12-17', 'unpaid', NULL, '2025-11-17 10:14:11', '2025-11-17 10:14:11', NULL),
(36, 15, 1, 797.00, '2025-12-17', 'unpaid', NULL, '2025-11-17 10:14:11', '2025-11-17 10:14:11', NULL),
(37, 16, 3, 542.00, '2025-12-17', 'unpaid', NULL, '2025-11-17 10:14:11', '2025-11-17 10:14:11', NULL),
(38, 16, 2, 427.00, '2025-12-17', 'unpaid', NULL, '2025-11-17 10:14:11', '2025-11-17 10:14:11', NULL),
(39, 16, 4, 420.00, '2025-12-17', 'unpaid', NULL, '2025-11-17 10:14:11', '2025-11-17 10:14:11', NULL),
(40, 16, 1, 723.00, '2025-12-17', 'unpaid', NULL, '2025-11-17 10:14:11', '2025-11-17 10:14:11', NULL),
(41, 17, 3, 498.00, '2025-12-17', 'unpaid', NULL, '2025-11-17 10:14:11', '2025-11-17 10:14:11', NULL),
(42, 17, 2, 417.00, '2025-12-17', 'unpaid', NULL, '2025-11-17 10:14:11', '2025-11-17 10:14:11', NULL),
(43, 17, 4, 408.00, '2025-12-17', 'unpaid', NULL, '2025-11-17 10:14:11', '2025-11-17 10:14:11', NULL),
(44, 17, 1, 842.00, '2025-12-17', 'unpaid', NULL, '2025-11-17 10:14:11', '2025-11-17 10:14:11', NULL),
(45, 18, 3, 387.00, '2025-12-17', 'unpaid', NULL, '2025-11-17 10:14:11', '2025-11-17 10:14:11', NULL),
(46, 18, 2, 432.00, '2025-12-17', 'unpaid', NULL, '2025-11-17 10:14:11', '2025-11-17 10:14:11', NULL),
(47, 18, 4, 751.00, '2025-12-17', 'unpaid', NULL, '2025-11-17 10:14:11', '2025-11-17 10:14:11', NULL),
(48, 18, 1, 276.00, '2025-12-17', 'unpaid', NULL, '2025-11-17 10:14:11', '2025-11-17 10:14:11', NULL),
(49, 19, 3, 613.00, '2025-12-17', 'unpaid', NULL, '2025-11-17 10:14:11', '2025-11-17 10:14:11', NULL),
(50, 19, 2, 934.00, '2025-12-17', 'unpaid', NULL, '2025-11-17 10:14:11', '2025-11-17 10:14:11', NULL),
(51, 19, 4, 311.00, '2025-12-17', 'unpaid', NULL, '2025-11-17 10:14:11', '2025-11-17 10:14:11', NULL),
(52, 19, 1, 577.00, '2025-12-17', 'unpaid', NULL, '2025-11-17 10:14:11', '2025-11-17 10:14:11', NULL),
(53, 20, 3, 224.00, '2025-12-17', 'unpaid', NULL, '2025-11-17 10:14:11', '2025-11-17 10:14:11', NULL),
(54, 20, 2, 787.00, '2025-12-17', 'unpaid', NULL, '2025-11-17 10:14:11', '2025-11-17 10:14:11', NULL),
(55, 20, 4, 716.00, '2025-12-17', 'unpaid', NULL, '2025-11-17 10:14:11', '2025-11-17 10:14:11', NULL),
(56, 20, 1, 758.00, '2025-12-17', 'unpaid', NULL, '2025-11-17 10:14:11', '2025-11-17 10:14:11', NULL),
(57, 21, 3, 588.00, '2025-12-17', 'unpaid', NULL, '2025-11-17 10:14:11', '2025-11-17 10:14:11', NULL),
(58, 21, 2, 352.00, '2025-12-17', 'unpaid', NULL, '2025-11-17 10:14:11', '2025-11-17 10:14:11', NULL),
(59, 21, 4, 257.00, '2025-12-17', 'unpaid', NULL, '2025-11-17 10:14:11', '2025-11-17 10:14:11', NULL),
(60, 21, 1, 626.00, '2025-12-17', 'unpaid', NULL, '2025-11-17 10:14:11', '2025-11-17 10:14:11', NULL),
(61, 22, 3, 931.00, '2025-12-17', 'unpaid', NULL, '2025-11-17 10:14:11', '2025-11-17 10:14:11', NULL),
(62, 22, 2, 866.00, '2025-12-17', 'unpaid', NULL, '2025-11-17 10:14:11', '2025-11-17 10:14:11', NULL),
(63, 22, 4, 910.00, '2025-12-17', 'unpaid', NULL, '2025-11-17 10:14:11', '2025-11-17 10:14:11', NULL),
(64, 22, 1, 422.00, '2025-12-17', 'unpaid', NULL, '2025-11-17 10:14:11', '2025-11-17 10:14:11', NULL),
(65, 23, 3, 405.00, '2025-12-17', 'unpaid', NULL, '2025-11-17 10:14:11', '2025-11-17 10:14:11', NULL),
(66, 23, 2, 226.00, '2025-12-17', 'unpaid', NULL, '2025-11-17 10:14:11', '2025-11-17 10:14:11', NULL),
(67, 23, 4, 850.00, '2025-12-17', 'unpaid', NULL, '2025-11-17 10:14:11', '2025-11-17 10:14:11', NULL),
(68, 23, 1, 854.00, '2025-12-17', 'unpaid', NULL, '2025-11-17 10:14:11', '2025-11-17 10:14:11', NULL),
(69, 24, 3, 647.00, '2025-12-17', 'unpaid', NULL, '2025-11-17 10:14:11', '2025-11-17 10:14:11', NULL),
(70, 24, 2, 562.00, '2025-12-17', 'unpaid', NULL, '2025-11-17 10:14:11', '2025-11-17 10:14:11', NULL),
(71, 24, 4, 277.00, '2025-12-17', 'unpaid', NULL, '2025-11-17 10:14:11', '2025-11-17 10:14:11', NULL),
(72, 24, 1, 182.00, '2025-12-17', 'unpaid', NULL, '2025-11-17 10:14:11', '2025-11-17 10:14:11', NULL),
(73, 25, 3, 595.00, '2025-12-17', 'unpaid', NULL, '2025-11-17 10:14:11', '2025-11-17 10:14:11', NULL),
(74, 25, 2, 548.00, '2025-12-17', 'unpaid', NULL, '2025-11-17 10:14:11', '2025-11-17 10:14:11', NULL),
(75, 25, 4, 786.00, '2025-12-17', 'unpaid', NULL, '2025-11-17 10:14:11', '2025-11-17 10:14:11', NULL),
(76, 25, 1, 236.00, '2025-12-17', 'unpaid', NULL, '2025-11-17 10:14:11', '2025-11-17 10:14:11', NULL),
(77, 26, 3, 798.00, '2025-12-17', 'unpaid', NULL, '2025-11-17 10:14:11', '2025-11-17 10:14:11', NULL),
(78, 26, 2, 100.00, '2025-12-17', 'unpaid', NULL, '2025-11-17 10:14:11', '2025-11-17 10:14:11', NULL),
(79, 26, 4, 188.00, '2025-12-17', 'unpaid', NULL, '2025-11-17 10:14:11', '2025-11-17 10:14:11', NULL),
(80, 26, 1, 339.00, '2025-12-17', 'unpaid', NULL, '2025-11-17 10:14:11', '2025-11-17 10:14:11', NULL),
(81, 27, 3, 673.00, '2025-12-17', 'unpaid', NULL, '2025-11-17 10:14:11', '2025-11-17 10:14:11', NULL),
(82, 27, 2, 407.00, '2025-12-17', 'unpaid', NULL, '2025-11-17 10:14:11', '2025-11-17 10:14:11', NULL),
(83, 27, 4, 185.00, '2025-12-17', 'unpaid', NULL, '2025-11-17 10:14:11', '2025-11-17 10:14:11', NULL),
(84, 27, 1, 624.00, '2025-12-17', 'unpaid', NULL, '2025-11-17 10:14:11', '2025-11-17 10:14:11', NULL),
(85, 28, 3, 728.00, '2025-12-17', 'unpaid', NULL, '2025-11-17 10:14:11', '2025-11-17 10:14:11', NULL),
(86, 28, 2, 293.00, '2025-12-17', 'unpaid', NULL, '2025-11-17 10:14:11', '2025-11-17 10:14:11', NULL),
(87, 28, 4, 408.00, '2025-12-17', 'unpaid', NULL, '2025-11-17 10:14:11', '2025-11-17 10:14:11', NULL),
(88, 28, 1, 165.00, '2025-12-17', 'unpaid', NULL, '2025-11-17 10:14:11', '2025-11-17 10:14:11', NULL),
(89, 29, 3, 865.00, '2025-12-17', 'unpaid', NULL, '2025-11-17 10:14:11', '2025-11-17 10:14:11', NULL),
(90, 29, 2, 830.00, '2025-12-17', 'unpaid', NULL, '2025-11-17 10:14:11', '2025-11-17 10:14:11', NULL),
(91, 29, 4, 526.00, '2025-12-17', 'unpaid', NULL, '2025-11-17 10:14:11', '2025-11-17 10:14:11', NULL),
(92, 29, 1, 304.00, '2025-12-17', 'unpaid', NULL, '2025-11-17 10:14:11', '2025-11-17 10:14:11', NULL),
(93, 30, 3, 898.00, '2025-12-17', 'unpaid', NULL, '2025-11-17 10:14:11', '2025-11-17 10:14:11', NULL),
(94, 30, 2, 640.00, '2025-12-17', 'unpaid', NULL, '2025-11-17 10:14:11', '2025-11-17 10:14:11', NULL),
(95, 30, 4, 757.00, '2025-12-17', 'unpaid', NULL, '2025-11-17 10:14:11', '2025-11-17 10:14:11', NULL),
(96, 30, 1, 102.00, '2025-12-17', 'unpaid', NULL, '2025-11-17 10:14:11', '2025-11-17 10:14:11', NULL),
(97, 31, 3, 629.00, '2025-12-17', 'unpaid', NULL, '2025-11-17 10:14:11', '2025-11-17 10:14:11', NULL),
(98, 31, 2, 737.00, '2025-12-17', 'unpaid', NULL, '2025-11-17 10:14:11', '2025-11-17 10:14:11', NULL),
(99, 31, 4, 822.00, '2025-12-17', 'unpaid', NULL, '2025-11-17 10:14:11', '2025-11-17 10:14:11', NULL),
(100, 31, 1, 129.00, '2025-12-17', 'unpaid', NULL, '2025-11-17 10:14:11', '2025-11-17 10:14:11', NULL),
(101, 32, 3, 979.00, '2025-12-17', 'unpaid', NULL, '2025-11-17 10:14:11', '2025-11-17 10:14:11', NULL),
(102, 32, 2, 443.00, '2025-12-17', 'unpaid', NULL, '2025-11-17 10:14:11', '2025-11-17 10:14:11', NULL),
(103, 32, 4, 135.00, '2025-12-17', 'unpaid', NULL, '2025-11-17 10:14:11', '2025-11-17 10:14:11', NULL),
(104, 32, 1, 618.00, '2025-12-17', 'unpaid', NULL, '2025-11-17 10:14:11', '2025-11-17 10:14:11', NULL),
(105, 33, 3, 503.00, '2025-12-17', 'unpaid', NULL, '2025-11-17 10:14:11', '2025-11-17 10:14:11', NULL),
(106, 33, 2, 486.00, '2025-12-17', 'unpaid', NULL, '2025-11-17 10:14:11', '2025-11-17 10:14:11', NULL),
(107, 33, 4, 201.00, '2025-12-17', 'unpaid', NULL, '2025-11-17 10:14:11', '2025-11-17 10:14:11', NULL),
(108, 33, 1, 528.00, '2025-12-17', 'unpaid', NULL, '2025-11-17 10:14:11', '2025-11-17 10:14:11', NULL),
(109, 34, 3, 147.00, '2025-12-17', 'unpaid', NULL, '2025-11-17 10:14:11', '2025-11-17 10:14:11', NULL),
(110, 34, 2, 951.00, '2025-12-17', 'unpaid', NULL, '2025-11-17 10:14:11', '2025-11-17 10:14:11', NULL),
(111, 34, 4, 487.00, '2025-12-17', 'unpaid', NULL, '2025-11-17 10:14:11', '2025-11-17 10:14:11', NULL),
(112, 34, 1, 935.00, '2025-12-17', 'unpaid', NULL, '2025-11-17 10:14:11', '2025-11-17 10:14:11', NULL),
(113, 35, 3, 386.00, '2025-12-17', 'unpaid', NULL, '2025-11-17 10:14:11', '2025-11-17 10:14:11', NULL),
(114, 35, 2, 733.00, '2025-12-17', 'unpaid', NULL, '2025-11-17 10:14:11', '2025-11-17 10:14:11', NULL),
(115, 35, 4, 140.00, '2025-12-17', 'unpaid', NULL, '2025-11-17 10:14:11', '2025-11-17 10:14:11', NULL),
(116, 35, 1, 372.00, '2025-12-17', 'unpaid', NULL, '2025-11-17 10:14:11', '2025-11-17 10:14:11', NULL),
(117, 36, 3, 637.00, '2025-12-17', 'unpaid', NULL, '2025-11-17 10:14:11', '2025-11-17 10:14:11', NULL),
(118, 36, 2, 901.00, '2025-12-17', 'unpaid', NULL, '2025-11-17 10:14:11', '2025-11-17 10:14:11', NULL),
(119, 36, 4, 566.00, '2025-12-17', 'unpaid', NULL, '2025-11-17 10:14:11', '2025-11-17 10:14:11', NULL),
(120, 36, 1, 843.00, '2025-12-17', 'unpaid', NULL, '2025-11-17 10:14:11', '2025-11-17 10:14:11', NULL),
(121, 37, 3, 656.00, '2025-12-17', 'unpaid', NULL, '2025-11-17 10:14:11', '2025-11-17 10:14:11', NULL),
(122, 37, 2, 134.00, '2025-12-17', 'unpaid', NULL, '2025-11-17 10:14:11', '2025-11-17 10:14:11', NULL),
(123, 37, 4, 641.00, '2025-12-17', 'unpaid', NULL, '2025-11-17 10:14:11', '2025-11-17 10:14:11', NULL),
(124, 37, 1, 134.00, '2025-12-17', 'unpaid', NULL, '2025-11-17 10:14:11', '2025-11-17 10:14:11', NULL),
(125, 38, 3, 376.00, '2025-12-17', 'unpaid', NULL, '2025-11-17 10:14:11', '2025-11-17 10:14:11', NULL),
(126, 38, 2, 731.00, '2025-12-17', 'unpaid', NULL, '2025-11-17 10:14:11', '2025-11-17 10:14:11', NULL),
(127, 38, 4, 299.00, '2025-12-17', 'unpaid', NULL, '2025-11-17 10:14:11', '2025-11-17 10:14:11', NULL),
(128, 38, 1, 572.00, '2025-12-17', 'unpaid', NULL, '2025-11-17 10:14:11', '2025-11-17 10:14:11', NULL),
(129, 39, 3, 921.00, '2025-12-17', 'unpaid', NULL, '2025-11-17 10:14:11', '2025-11-17 10:14:11', NULL),
(130, 39, 2, 870.00, '2025-12-17', 'unpaid', NULL, '2025-11-17 10:14:11', '2025-11-17 10:14:11', NULL),
(131, 39, 4, 871.00, '2025-12-17', 'unpaid', NULL, '2025-11-17 10:14:11', '2025-11-17 10:14:11', NULL),
(132, 39, 1, 686.00, '2025-12-17', 'unpaid', NULL, '2025-11-17 10:14:11', '2025-11-17 10:14:11', NULL),
(133, 40, 3, 457.00, '2025-12-17', 'unpaid', NULL, '2025-11-17 10:14:11', '2025-11-17 10:14:11', NULL),
(134, 40, 2, 667.00, '2025-12-17', 'unpaid', NULL, '2025-11-17 10:14:11', '2025-11-17 10:14:11', NULL),
(135, 40, 4, 101.00, '2025-12-17', 'unpaid', NULL, '2025-11-17 10:14:11', '2025-11-17 10:14:11', NULL),
(136, 40, 1, 432.00, '2025-12-17', 'unpaid', NULL, '2025-11-17 10:14:11', '2025-11-17 10:14:11', NULL),
(137, 41, 3, 214.00, '2025-12-17', 'unpaid', NULL, '2025-11-17 10:14:11', '2025-11-17 10:14:11', NULL),
(138, 41, 2, 302.00, '2025-12-17', 'unpaid', NULL, '2025-11-17 10:14:11', '2025-11-17 10:14:11', NULL),
(139, 41, 4, 681.00, '2025-12-17', 'unpaid', NULL, '2025-11-17 10:14:11', '2025-11-17 10:14:11', NULL),
(140, 41, 1, 918.00, '2025-12-17', 'unpaid', NULL, '2025-11-17 10:14:11', '2025-11-17 10:14:11', NULL),
(141, 42, 3, 681.00, '2025-12-17', 'unpaid', NULL, '2025-11-17 10:14:11', '2025-11-17 10:14:11', NULL),
(142, 42, 2, 573.00, '2025-12-17', 'unpaid', NULL, '2025-11-17 10:14:11', '2025-11-17 10:14:11', NULL),
(143, 42, 4, 635.00, '2025-12-17', 'unpaid', NULL, '2025-11-17 10:14:11', '2025-11-17 10:14:11', NULL),
(144, 42, 1, 138.00, '2025-12-17', 'unpaid', NULL, '2025-11-17 10:14:11', '2025-11-17 10:14:11', NULL),
(145, 43, 3, 664.00, '2025-12-17', 'unpaid', NULL, '2025-11-17 10:14:11', '2025-11-17 10:14:11', NULL),
(146, 43, 2, 892.00, '2025-12-17', 'unpaid', NULL, '2025-11-17 10:14:11', '2025-11-17 10:14:11', NULL),
(147, 43, 4, 148.00, '2025-12-17', 'unpaid', NULL, '2025-11-17 10:14:11', '2025-11-17 10:14:11', NULL),
(148, 43, 1, 282.00, '2025-12-17', 'unpaid', NULL, '2025-11-17 10:14:11', '2025-11-17 10:14:11', NULL),
(149, 44, 3, 584.00, '2025-12-17', 'unpaid', NULL, '2025-11-17 10:14:11', '2025-11-17 10:14:11', NULL),
(150, 44, 2, 395.00, '2025-12-17', 'unpaid', NULL, '2025-11-17 10:14:11', '2025-11-17 10:14:11', NULL),
(151, 44, 4, 451.00, '2025-12-17', 'unpaid', NULL, '2025-11-17 10:14:11', '2025-11-17 10:14:11', NULL),
(152, 44, 1, 369.00, '2025-12-17', 'unpaid', NULL, '2025-11-17 10:14:11', '2025-11-17 10:14:11', NULL),
(153, 45, 3, 617.00, '2025-12-17', 'unpaid', NULL, '2025-11-17 10:14:11', '2025-11-17 10:14:11', NULL),
(154, 45, 2, 871.00, '2025-12-17', 'unpaid', NULL, '2025-11-17 10:14:11', '2025-11-17 10:14:11', NULL),
(155, 45, 4, 894.00, '2025-12-17', 'unpaid', NULL, '2025-11-17 10:14:11', '2025-11-17 10:14:11', NULL),
(156, 45, 1, 885.00, '2025-12-17', 'unpaid', NULL, '2025-11-17 10:14:11', '2025-11-17 10:14:11', NULL),
(157, 46, 3, 166.00, '2025-12-17', 'unpaid', NULL, '2025-11-17 10:14:11', '2025-11-17 10:14:11', NULL),
(158, 46, 2, 250.00, '2025-12-17', 'unpaid', NULL, '2025-11-17 10:14:11', '2025-11-17 10:14:11', NULL),
(159, 46, 4, 601.00, '2025-12-17', 'unpaid', NULL, '2025-11-17 10:14:11', '2025-11-17 10:14:11', NULL),
(160, 46, 1, 331.00, '2025-12-17', 'unpaid', NULL, '2025-11-17 10:14:11', '2025-11-17 10:14:11', NULL),
(161, 47, 3, 432.00, '2025-12-17', 'unpaid', NULL, '2025-11-17 10:14:11', '2025-11-17 10:14:11', NULL),
(162, 47, 2, 592.00, '2025-12-17', 'unpaid', NULL, '2025-11-17 10:14:11', '2025-11-17 10:14:11', NULL),
(163, 47, 4, 231.00, '2025-12-17', 'unpaid', NULL, '2025-11-17 10:14:11', '2025-11-17 10:14:11', NULL),
(164, 47, 1, 657.00, '2025-12-17', 'unpaid', NULL, '2025-11-17 10:14:11', '2025-11-17 10:14:11', NULL),
(165, 48, 3, 812.00, '2025-12-17', 'unpaid', NULL, '2025-11-17 10:14:11', '2025-11-17 10:14:11', NULL),
(166, 48, 2, 277.00, '2025-12-17', 'unpaid', NULL, '2025-11-17 10:14:11', '2025-11-17 10:14:11', NULL),
(167, 48, 4, 173.00, '2025-12-17', 'unpaid', NULL, '2025-11-17 10:14:11', '2025-11-17 10:14:11', NULL),
(168, 48, 1, 684.00, '2025-12-17', 'unpaid', NULL, '2025-11-17 10:14:11', '2025-11-17 10:14:11', NULL),
(169, 49, 3, 521.00, '2025-12-17', 'unpaid', NULL, '2025-11-17 10:14:11', '2025-11-17 10:14:11', NULL),
(170, 49, 2, 313.00, '2025-12-17', 'unpaid', NULL, '2025-11-17 10:14:11', '2025-11-17 10:14:11', NULL),
(171, 49, 4, 845.00, '2025-12-17', 'unpaid', NULL, '2025-11-17 10:14:11', '2025-11-17 10:14:11', NULL),
(172, 49, 1, 974.00, '2025-12-17', 'unpaid', NULL, '2025-11-17 10:14:11', '2025-11-17 10:14:11', NULL),
(173, 50, 3, 127.00, '2025-12-17', 'unpaid', NULL, '2025-11-17 10:14:11', '2025-11-17 10:14:11', NULL),
(174, 50, 2, 361.00, '2025-12-17', 'unpaid', NULL, '2025-11-17 10:14:11', '2025-11-17 10:14:11', NULL),
(175, 50, 4, 590.00, '2025-12-17', 'unpaid', NULL, '2025-11-17 10:14:11', '2025-11-17 10:14:11', NULL),
(176, 50, 1, 774.00, '2025-12-17', 'unpaid', NULL, '2025-11-17 10:14:11', '2025-11-17 10:14:11', NULL),
(177, 51, 3, 214.00, '2025-12-17', 'unpaid', NULL, '2025-11-17 10:14:11', '2025-11-17 10:14:11', NULL),
(178, 51, 2, 110.00, '2025-12-17', 'unpaid', NULL, '2025-11-17 10:14:11', '2025-11-17 10:14:11', NULL),
(179, 51, 4, 175.00, '2025-12-17', 'unpaid', NULL, '2025-11-17 10:14:11', '2025-11-17 10:14:11', NULL),
(180, 51, 1, 198.00, '2025-12-17', 'unpaid', NULL, '2025-11-17 10:14:11', '2025-11-17 10:14:11', NULL),
(181, 52, 3, 667.00, '2025-12-17', 'unpaid', NULL, '2025-11-17 10:14:11', '2025-11-17 10:14:11', NULL),
(182, 52, 2, 628.00, '2025-12-17', 'unpaid', NULL, '2025-11-17 10:14:11', '2025-11-17 10:14:11', NULL),
(183, 52, 4, 311.00, '2025-12-17', 'unpaid', NULL, '2025-11-17 10:14:11', '2025-11-17 10:14:11', NULL),
(184, 52, 1, 981.00, '2025-12-17', 'unpaid', NULL, '2025-11-17 10:14:11', '2025-11-17 10:14:11', NULL),
(185, 53, 3, 390.00, '2025-12-17', 'unpaid', NULL, '2025-11-17 10:14:11', '2025-11-17 10:14:11', NULL),
(186, 53, 2, 835.00, '2025-12-17', 'unpaid', NULL, '2025-11-17 10:14:11', '2025-11-17 10:14:11', NULL),
(187, 53, 4, 407.00, '2025-12-17', 'unpaid', NULL, '2025-11-17 10:14:11', '2025-11-17 10:14:11', NULL),
(188, 53, 1, 642.00, '2025-12-17', 'unpaid', NULL, '2025-11-17 10:14:11', '2025-11-17 10:14:11', NULL),
(189, 54, 3, 113.00, '2025-12-17', 'unpaid', NULL, '2025-11-17 10:14:11', '2025-11-17 10:14:11', NULL),
(190, 54, 2, 973.00, '2025-12-17', 'unpaid', NULL, '2025-11-17 10:14:11', '2025-11-17 10:14:11', NULL),
(191, 54, 4, 532.00, '2025-12-17', 'unpaid', NULL, '2025-11-17 10:14:11', '2025-11-17 10:14:11', NULL),
(192, 54, 1, 248.00, '2025-12-17', 'unpaid', NULL, '2025-11-17 10:14:11', '2025-11-17 10:14:11', NULL),
(193, 55, 3, 130.00, '2025-12-17', 'unpaid', NULL, '2025-11-17 10:14:11', '2025-11-17 10:14:11', NULL),
(194, 55, 2, 948.00, '2025-12-17', 'unpaid', NULL, '2025-11-17 10:14:11', '2025-11-17 10:14:11', NULL),
(195, 55, 4, 201.00, '2025-12-17', 'unpaid', NULL, '2025-11-17 10:14:11', '2025-11-17 10:14:11', NULL),
(196, 55, 1, 453.00, '2025-12-17', 'unpaid', NULL, '2025-11-17 10:14:11', '2025-11-17 10:14:11', NULL),
(197, 56, 3, 145.00, '2025-12-17', 'unpaid', NULL, '2025-11-17 10:14:11', '2025-11-17 10:14:11', NULL),
(198, 56, 2, 575.00, '2025-12-17', 'unpaid', NULL, '2025-11-17 10:14:11', '2025-11-17 10:14:11', NULL),
(199, 56, 4, 912.00, '2025-12-17', 'unpaid', NULL, '2025-11-17 10:14:11', '2025-11-17 10:14:11', NULL),
(200, 56, 1, 278.00, '2025-12-17', 'unpaid', NULL, '2025-11-17 10:14:11', '2025-11-17 10:14:11', NULL),
(201, 57, 3, 708.00, '2025-12-17', 'unpaid', NULL, '2025-11-17 10:14:11', '2025-11-17 10:14:11', NULL),
(202, 57, 2, 366.00, '2025-12-17', 'unpaid', NULL, '2025-11-17 10:14:11', '2025-11-17 10:14:11', NULL),
(203, 57, 4, 112.00, '2025-12-17', 'unpaid', NULL, '2025-11-17 10:14:11', '2025-11-17 10:14:11', NULL),
(204, 57, 1, 271.00, '2025-12-17', 'unpaid', NULL, '2025-11-17 10:14:11', '2025-11-17 10:14:11', NULL),
(205, 58, 3, 802.00, '2025-12-17', 'unpaid', NULL, '2025-11-17 10:14:11', '2025-11-17 10:14:11', NULL),
(206, 58, 2, 581.00, '2025-12-17', 'unpaid', NULL, '2025-11-17 10:14:11', '2025-11-17 10:14:11', NULL),
(207, 58, 4, 394.00, '2025-12-17', 'unpaid', NULL, '2025-11-17 10:14:11', '2025-11-17 10:14:11', NULL),
(208, 58, 1, 167.00, '2025-12-17', 'unpaid', NULL, '2025-11-17 10:14:11', '2025-11-17 10:14:11', NULL),
(209, 59, 3, 354.00, '2025-12-17', 'unpaid', NULL, '2025-11-17 10:14:11', '2025-11-17 10:14:11', NULL),
(210, 59, 2, 532.00, '2025-12-17', 'unpaid', NULL, '2025-11-17 10:14:11', '2025-11-17 10:14:11', NULL),
(211, 59, 4, 558.00, '2025-12-17', 'unpaid', NULL, '2025-11-17 10:14:11', '2025-11-17 10:14:11', NULL),
(212, 59, 1, 631.00, '2025-12-17', 'unpaid', NULL, '2025-11-17 10:14:11', '2025-11-17 10:14:11', NULL),
(213, 60, 3, 976.00, '2025-12-17', 'unpaid', NULL, '2025-11-17 10:14:11', '2025-11-17 10:14:11', NULL),
(214, 60, 2, 749.00, '2025-12-17', 'unpaid', NULL, '2025-11-17 10:14:11', '2025-11-17 10:14:11', NULL),
(215, 60, 4, 993.00, '2025-12-17', 'unpaid', NULL, '2025-11-17 10:14:11', '2025-11-17 10:14:11', NULL),
(216, 60, 1, 372.00, '2025-12-17', 'unpaid', NULL, '2025-11-17 10:14:11', '2025-11-17 10:14:11', NULL),
(217, 61, 3, 148.00, '2025-12-17', 'unpaid', NULL, '2025-11-17 10:14:11', '2025-11-17 10:14:11', NULL),
(218, 61, 2, 290.00, '2025-12-17', 'unpaid', NULL, '2025-11-17 10:14:11', '2025-11-17 10:14:11', NULL),
(219, 61, 4, 559.00, '2025-12-17', 'unpaid', NULL, '2025-11-17 10:14:11', '2025-11-17 10:14:11', NULL),
(220, 61, 1, 247.00, '2025-12-17', 'unpaid', NULL, '2025-11-17 10:14:11', '2025-11-17 10:14:11', NULL),
(221, 62, 3, 354.00, '2025-12-17', 'unpaid', NULL, '2025-11-17 10:14:11', '2025-11-17 10:14:11', NULL),
(222, 62, 2, 336.00, '2025-12-17', 'unpaid', NULL, '2025-11-17 10:14:11', '2025-11-17 10:14:11', NULL),
(223, 62, 4, 214.00, '2025-12-17', 'unpaid', NULL, '2025-11-17 10:14:11', '2025-11-17 10:14:11', NULL),
(224, 62, 1, 622.00, '2025-12-17', 'unpaid', NULL, '2025-11-17 10:14:11', '2025-11-17 10:14:11', NULL),
(225, 63, 3, 474.00, '2025-12-17', 'unpaid', NULL, '2025-11-17 10:14:11', '2025-11-17 10:14:11', NULL),
(226, 63, 2, 872.00, '2025-12-17', 'unpaid', NULL, '2025-11-17 10:14:11', '2025-11-17 10:14:11', NULL),
(227, 63, 4, 916.00, '2025-12-17', 'unpaid', NULL, '2025-11-17 10:14:11', '2025-11-17 10:14:11', NULL),
(228, 63, 1, 966.00, '2025-12-17', 'unpaid', NULL, '2025-11-17 10:14:11', '2025-11-17 10:14:11', NULL),
(229, 64, 3, 225.00, '2025-12-17', 'unpaid', NULL, '2025-11-17 10:14:11', '2025-11-17 10:14:11', NULL),
(230, 64, 2, 288.00, '2025-12-17', 'unpaid', NULL, '2025-11-17 10:14:11', '2025-11-17 10:14:11', NULL),
(231, 64, 4, 271.00, '2025-12-17', 'unpaid', NULL, '2025-11-17 10:14:11', '2025-11-17 10:14:11', NULL),
(232, 64, 1, 965.00, '2025-12-17', 'unpaid', NULL, '2025-11-17 10:14:11', '2025-11-17 10:14:11', NULL),
(233, 65, 3, 417.00, '2025-12-17', 'unpaid', NULL, '2025-11-17 10:14:11', '2025-11-17 10:14:11', NULL),
(234, 65, 2, 783.00, '2025-12-17', 'unpaid', NULL, '2025-11-17 10:14:11', '2025-11-17 10:14:11', NULL),
(235, 65, 4, 690.00, '2025-12-17', 'unpaid', NULL, '2025-11-17 10:14:11', '2025-11-17 10:14:11', NULL),
(236, 65, 1, 524.00, '2025-12-17', 'unpaid', NULL, '2025-11-17 10:14:11', '2025-11-17 10:14:11', NULL),
(237, 66, 3, 924.00, '2025-12-17', 'unpaid', NULL, '2025-11-17 10:14:11', '2025-11-17 10:14:11', NULL),
(238, 66, 2, 485.00, '2025-12-17', 'unpaid', NULL, '2025-11-17 10:14:11', '2025-11-17 10:14:11', NULL),
(239, 66, 4, 409.00, '2025-12-17', 'unpaid', NULL, '2025-11-17 10:14:11', '2025-11-17 10:14:11', NULL),
(240, 66, 1, 833.00, '2025-12-17', 'unpaid', NULL, '2025-11-17 10:14:11', '2025-11-17 10:14:11', NULL),
(241, 67, 3, 595.00, '2025-12-17', 'unpaid', NULL, '2025-11-17 10:14:11', '2025-11-17 10:14:11', NULL),
(242, 67, 2, 284.00, '2025-12-17', 'unpaid', NULL, '2025-11-17 10:14:11', '2025-11-17 10:14:11', NULL),
(243, 67, 4, 604.00, '2025-12-17', 'unpaid', NULL, '2025-11-17 10:14:11', '2025-11-17 10:14:11', NULL),
(244, 67, 1, 758.00, '2025-12-17', 'unpaid', NULL, '2025-11-17 10:14:11', '2025-11-17 10:14:11', NULL),
(245, 68, 3, 334.00, '2025-12-17', 'unpaid', NULL, '2025-11-17 10:14:11', '2025-11-17 10:14:11', NULL),
(246, 68, 2, 272.00, '2025-12-17', 'unpaid', NULL, '2025-11-17 10:14:11', '2025-11-17 10:14:11', NULL),
(247, 68, 4, 339.00, '2025-12-17', 'unpaid', NULL, '2025-11-17 10:14:11', '2025-11-17 10:14:11', NULL),
(248, 68, 1, 324.00, '2025-12-17', 'unpaid', NULL, '2025-11-17 10:14:11', '2025-11-17 10:14:11', NULL),
(249, 69, 3, 300.00, '2025-12-17', 'unpaid', NULL, '2025-11-17 10:14:11', '2025-11-17 10:14:11', NULL),
(250, 69, 2, 754.00, '2025-12-17', 'unpaid', NULL, '2025-11-17 10:14:11', '2025-11-17 10:14:11', NULL),
(251, 69, 4, 372.00, '2025-12-17', 'unpaid', NULL, '2025-11-17 10:14:11', '2025-11-17 10:14:11', NULL),
(252, 69, 1, 429.00, '2025-12-17', 'unpaid', NULL, '2025-11-17 10:14:11', '2025-11-17 10:14:11', NULL),
(253, 70, 3, 339.00, '2025-12-17', 'unpaid', NULL, '2025-11-17 10:14:11', '2025-11-17 10:14:11', NULL),
(254, 70, 2, 649.00, '2025-12-17', 'unpaid', NULL, '2025-11-17 10:14:11', '2025-11-17 10:14:11', NULL),
(255, 70, 4, 362.00, '2025-12-17', 'unpaid', NULL, '2025-11-17 10:14:11', '2025-11-17 10:14:11', NULL),
(256, 70, 1, 227.00, '2025-12-17', 'unpaid', NULL, '2025-11-17 10:14:11', '2025-11-17 10:14:11', NULL),
(257, 71, 3, 773.00, '2025-12-17', 'unpaid', NULL, '2025-11-17 10:14:11', '2025-11-17 10:14:11', NULL),
(258, 71, 2, 288.00, '2025-12-17', 'unpaid', NULL, '2025-11-17 10:14:11', '2025-11-17 10:14:11', NULL),
(259, 71, 4, 270.00, '2025-12-17', 'unpaid', NULL, '2025-11-17 10:14:11', '2025-11-17 10:14:11', NULL),
(260, 71, 1, 204.00, '2025-12-17', 'unpaid', NULL, '2025-11-17 10:14:11', '2025-11-17 10:14:11', NULL),
(261, 72, 3, 902.00, '2025-12-17', 'unpaid', NULL, '2025-11-17 10:14:11', '2025-11-17 10:14:11', NULL),
(262, 72, 2, 510.00, '2025-12-17', 'unpaid', NULL, '2025-11-17 10:14:11', '2025-11-17 10:14:11', NULL),
(263, 72, 4, 442.00, '2025-12-17', 'unpaid', NULL, '2025-11-17 10:14:11', '2025-11-17 10:14:11', NULL),
(264, 72, 1, 803.00, '2025-12-17', 'unpaid', NULL, '2025-11-17 10:14:11', '2025-11-17 10:14:11', NULL),
(265, 73, 3, 555.00, '2025-12-17', 'unpaid', NULL, '2025-11-17 10:14:11', '2025-11-17 10:14:11', NULL),
(266, 73, 2, 757.00, '2025-12-17', 'unpaid', NULL, '2025-11-17 10:14:11', '2025-11-17 10:14:11', NULL),
(267, 73, 4, 485.00, '2025-12-17', 'unpaid', NULL, '2025-11-17 10:14:11', '2025-11-17 10:14:11', NULL),
(268, 73, 1, 941.00, '2025-12-17', 'unpaid', NULL, '2025-11-17 10:14:11', '2025-11-17 10:14:11', NULL),
(269, 74, 3, 431.00, '2025-12-17', 'unpaid', NULL, '2025-11-17 10:14:11', '2025-11-17 10:14:11', NULL),
(270, 74, 2, 294.00, '2025-12-17', 'unpaid', NULL, '2025-11-17 10:14:11', '2025-11-17 10:14:11', NULL),
(271, 74, 4, 986.00, '2025-12-17', 'unpaid', NULL, '2025-11-17 10:14:11', '2025-11-17 10:14:11', NULL),
(272, 74, 1, 558.00, '2025-12-17', 'unpaid', NULL, '2025-11-17 10:14:11', '2025-11-17 10:14:11', NULL),
(273, 75, 3, 947.00, '2025-12-17', 'unpaid', NULL, '2025-11-17 10:14:11', '2025-11-17 10:14:11', NULL),
(274, 75, 2, 839.00, '2025-12-17', 'unpaid', NULL, '2025-11-17 10:14:11', '2025-11-17 10:14:11', NULL),
(275, 75, 4, 708.00, '2025-12-17', 'unpaid', NULL, '2025-11-17 10:14:11', '2025-11-17 10:14:11', NULL),
(276, 75, 1, 606.00, '2025-12-17', 'unpaid', NULL, '2025-11-17 10:14:11', '2025-11-17 10:14:11', NULL),
(277, 76, 3, 473.00, '2025-12-17', 'unpaid', NULL, '2025-11-17 10:14:11', '2025-11-17 10:14:11', NULL),
(278, 76, 2, 249.00, '2025-12-17', 'unpaid', NULL, '2025-11-17 10:14:11', '2025-11-17 10:14:11', NULL),
(279, 76, 4, 145.00, '2025-12-17', 'unpaid', NULL, '2025-11-17 10:14:11', '2025-11-17 10:14:11', NULL),
(280, 76, 1, 504.00, '2025-12-17', 'unpaid', NULL, '2025-11-17 10:14:11', '2025-11-17 10:14:11', NULL),
(281, 77, 3, 951.00, '2025-12-17', 'unpaid', NULL, '2025-11-17 10:14:11', '2025-11-17 10:14:11', NULL),
(282, 77, 2, 600.00, '2025-12-17', 'unpaid', NULL, '2025-11-17 10:14:11', '2025-11-17 10:14:11', NULL),
(283, 77, 4, 623.00, '2025-12-17', 'unpaid', NULL, '2025-11-17 10:14:11', '2025-11-17 10:14:11', NULL),
(284, 77, 1, 142.00, '2025-12-17', 'unpaid', NULL, '2025-11-17 10:14:11', '2025-11-17 10:14:11', NULL),
(285, 78, 3, 250.00, '2025-12-17', 'unpaid', NULL, '2025-11-17 10:14:11', '2025-11-17 10:14:11', NULL),
(286, 78, 2, 962.00, '2025-12-17', 'unpaid', NULL, '2025-11-17 10:14:11', '2025-11-17 10:14:11', NULL),
(287, 78, 4, 908.00, '2025-12-17', 'unpaid', NULL, '2025-11-17 10:14:11', '2025-11-17 10:14:11', NULL),
(288, 78, 1, 534.00, '2025-12-17', 'unpaid', NULL, '2025-11-17 10:14:11', '2025-11-17 10:14:11', NULL),
(289, 79, 3, 380.00, '2025-12-17', 'unpaid', NULL, '2025-11-17 10:14:11', '2025-11-17 10:14:11', NULL),
(290, 79, 2, 420.00, '2025-12-17', 'unpaid', NULL, '2025-11-17 10:14:11', '2025-11-17 10:14:11', NULL),
(291, 79, 4, 718.00, '2025-12-17', 'unpaid', NULL, '2025-11-17 10:14:11', '2025-11-17 10:14:11', NULL),
(292, 79, 1, 393.00, '2025-12-17', 'unpaid', NULL, '2025-11-17 10:14:11', '2025-11-17 10:14:11', NULL),
(293, 80, 3, 503.00, '2025-12-17', 'unpaid', NULL, '2025-11-17 10:14:11', '2025-11-17 10:14:11', NULL),
(294, 80, 2, 931.00, '2025-12-17', 'unpaid', NULL, '2025-11-17 10:14:11', '2025-11-17 10:14:11', NULL),
(295, 80, 4, 149.00, '2025-12-17', 'unpaid', NULL, '2025-11-17 10:14:11', '2025-11-17 10:14:11', NULL),
(296, 80, 1, 847.00, '2025-12-17', 'unpaid', NULL, '2025-11-17 10:14:11', '2025-11-17 10:14:11', NULL),
(297, 81, 3, 639.00, '2025-12-17', 'unpaid', NULL, '2025-11-17 10:14:11', '2025-11-17 10:14:11', NULL),
(298, 81, 2, 468.00, '2025-12-17', 'unpaid', NULL, '2025-11-17 10:14:11', '2025-11-17 10:14:11', NULL),
(299, 81, 4, 118.00, '2025-12-17', 'unpaid', NULL, '2025-11-17 10:14:11', '2025-11-17 10:14:11', NULL),
(300, 81, 1, 439.00, '2025-12-17', 'unpaid', NULL, '2025-11-17 10:14:11', '2025-11-17 10:14:11', NULL),
(301, 82, 3, 229.00, '2025-12-17', 'unpaid', NULL, '2025-11-17 10:14:11', '2025-11-17 10:14:11', NULL),
(302, 82, 2, 160.00, '2025-12-17', 'unpaid', NULL, '2025-11-17 10:14:11', '2025-11-17 10:14:11', NULL),
(303, 82, 4, 110.00, '2025-12-17', 'unpaid', NULL, '2025-11-17 10:14:11', '2025-11-17 10:14:11', NULL),
(304, 82, 1, 762.00, '2025-12-17', 'unpaid', NULL, '2025-11-17 10:14:11', '2025-11-17 10:14:11', NULL),
(305, 83, 3, 226.00, '2025-12-17', 'unpaid', NULL, '2025-11-17 10:14:11', '2025-11-17 10:14:11', NULL),
(306, 83, 2, 956.00, '2025-12-17', 'unpaid', NULL, '2025-11-17 10:14:11', '2025-11-17 10:14:11', NULL),
(307, 83, 4, 633.00, '2025-12-17', 'unpaid', NULL, '2025-11-17 10:14:11', '2025-11-17 10:14:11', NULL),
(308, 83, 1, 584.00, '2025-12-17', 'unpaid', NULL, '2025-11-17 10:14:11', '2025-11-17 10:14:11', NULL),
(309, 84, 3, 160.00, '2025-12-17', 'unpaid', NULL, '2025-11-17 10:14:11', '2025-11-17 10:14:11', NULL),
(310, 84, 2, 911.00, '2025-12-17', 'unpaid', NULL, '2025-11-17 10:14:11', '2025-11-17 10:14:11', NULL),
(311, 84, 4, 609.00, '2025-12-17', 'unpaid', NULL, '2025-11-17 10:14:11', '2025-11-17 10:14:11', NULL),
(312, 84, 1, 983.00, '2025-12-17', 'unpaid', NULL, '2025-11-17 10:14:11', '2025-11-17 10:14:11', NULL),
(313, 85, 3, 294.00, '2025-12-17', 'unpaid', NULL, '2025-11-17 10:14:11', '2025-11-17 10:14:11', NULL),
(314, 85, 2, 236.00, '2025-12-17', 'unpaid', NULL, '2025-11-17 10:14:11', '2025-11-17 10:14:11', NULL),
(315, 85, 4, 665.00, '2025-12-17', 'unpaid', NULL, '2025-11-17 10:14:11', '2025-11-17 10:14:11', NULL),
(316, 85, 1, 143.00, '2025-12-17', 'unpaid', NULL, '2025-11-17 10:14:11', '2025-11-17 10:14:11', NULL),
(317, 86, 3, 364.00, '2025-12-17', 'unpaid', NULL, '2025-11-17 10:14:11', '2025-11-17 10:14:11', NULL),
(318, 86, 2, 675.00, '2025-12-17', 'unpaid', NULL, '2025-11-17 10:14:11', '2025-11-17 10:14:11', NULL),
(319, 86, 4, 858.00, '2025-12-17', 'unpaid', NULL, '2025-11-17 10:14:11', '2025-11-17 10:14:11', NULL),
(320, 86, 1, 818.00, '2025-12-17', 'unpaid', NULL, '2025-11-17 10:14:11', '2025-11-17 10:14:11', NULL),
(321, 87, 3, 495.00, '2025-12-17', 'unpaid', NULL, '2025-11-17 10:14:11', '2025-11-17 10:14:11', NULL),
(322, 87, 2, 258.00, '2025-12-17', 'unpaid', NULL, '2025-11-17 10:14:11', '2025-11-17 10:14:11', NULL),
(323, 87, 4, 109.00, '2025-12-17', 'unpaid', NULL, '2025-11-17 10:14:11', '2025-11-17 10:14:11', NULL),
(324, 87, 1, 928.00, '2025-12-17', 'unpaid', NULL, '2025-11-17 10:14:11', '2025-11-17 10:14:11', NULL),
(325, 88, 3, 897.00, '2025-12-17', 'unpaid', NULL, '2025-11-17 10:14:11', '2025-11-17 10:14:11', NULL),
(326, 88, 2, 418.00, '2025-12-17', 'unpaid', NULL, '2025-11-17 10:14:11', '2025-11-17 10:14:11', NULL),
(327, 88, 4, 285.00, '2025-12-17', 'unpaid', NULL, '2025-11-17 10:14:11', '2025-11-17 10:14:11', NULL),
(328, 88, 1, 479.00, '2025-12-17', 'unpaid', NULL, '2025-11-17 10:14:11', '2025-11-17 10:14:11', NULL),
(329, 89, 3, 338.00, '2025-12-17', 'unpaid', NULL, '2025-11-17 10:14:11', '2025-11-17 10:14:11', NULL),
(330, 89, 2, 955.00, '2025-12-17', 'unpaid', NULL, '2025-11-17 10:14:11', '2025-11-17 10:14:11', NULL),
(331, 89, 4, 673.00, '2025-12-17', 'unpaid', NULL, '2025-11-17 10:14:11', '2025-11-17 10:14:11', NULL),
(332, 89, 1, 819.00, '2025-12-17', 'unpaid', NULL, '2025-11-17 10:14:11', '2025-11-17 10:14:11', NULL),
(333, 90, 3, 250.00, '2025-12-17', 'unpaid', NULL, '2025-11-17 10:14:11', '2025-11-17 10:14:11', NULL),
(334, 90, 2, 528.00, '2025-12-17', 'unpaid', NULL, '2025-11-17 10:14:11', '2025-11-17 10:14:11', NULL),
(335, 90, 4, 943.00, '2025-12-17', 'unpaid', NULL, '2025-11-17 10:14:11', '2025-11-17 10:14:11', NULL),
(336, 90, 1, 171.00, '2025-12-17', 'unpaid', NULL, '2025-11-17 10:14:11', '2025-11-17 10:14:11', NULL),
(337, 91, 3, 624.00, '2025-12-17', 'unpaid', NULL, '2025-11-17 10:14:11', '2025-11-17 10:14:11', NULL),
(338, 91, 2, 126.00, '2025-12-17', 'unpaid', NULL, '2025-11-17 10:14:11', '2025-11-17 10:14:11', NULL),
(339, 91, 4, 264.00, '2025-12-17', 'unpaid', NULL, '2025-11-17 10:14:11', '2025-11-17 10:14:11', NULL),
(340, 91, 1, 893.00, '2025-12-17', 'unpaid', NULL, '2025-11-17 10:14:11', '2025-11-17 10:14:11', NULL),
(341, 92, 3, 446.00, '2025-12-17', 'unpaid', NULL, '2025-11-17 10:14:11', '2025-11-17 10:14:11', NULL),
(342, 92, 2, 713.00, '2025-12-17', 'unpaid', NULL, '2025-11-17 10:14:11', '2025-11-17 10:14:11', NULL),
(343, 92, 4, 746.00, '2025-12-17', 'unpaid', NULL, '2025-11-17 10:14:11', '2025-11-17 10:14:11', NULL),
(344, 92, 1, 406.00, '2025-12-17', 'unpaid', NULL, '2025-11-17 10:14:11', '2025-11-17 10:14:11', NULL),
(345, 93, 3, 679.00, '2025-12-17', 'unpaid', NULL, '2025-11-17 10:14:11', '2025-11-17 10:14:11', NULL),
(346, 93, 2, 946.00, '2025-12-17', 'unpaid', NULL, '2025-11-17 10:14:11', '2025-11-17 10:14:11', NULL),
(347, 93, 4, 236.00, '2025-12-17', 'unpaid', NULL, '2025-11-17 10:14:11', '2025-11-17 10:14:11', NULL),
(348, 93, 1, 980.00, '2025-12-17', 'unpaid', NULL, '2025-11-17 10:14:11', '2025-11-17 10:14:11', NULL),
(349, 94, 3, 693.00, '2025-12-17', 'unpaid', NULL, '2025-11-17 10:14:11', '2025-11-17 10:14:11', NULL),
(350, 94, 2, 416.00, '2025-12-17', 'unpaid', NULL, '2025-11-17 10:14:11', '2025-11-17 10:14:11', NULL),
(351, 94, 4, 450.00, '2025-12-17', 'unpaid', NULL, '2025-11-17 10:14:11', '2025-11-17 10:14:11', NULL),
(352, 94, 1, 912.00, '2025-12-17', 'unpaid', NULL, '2025-11-17 10:14:11', '2025-11-17 10:14:11', NULL),
(353, 95, 3, 563.00, '2025-12-17', 'unpaid', NULL, '2025-11-17 10:14:11', '2025-11-17 10:14:11', NULL),
(354, 95, 2, 293.00, '2025-12-17', 'unpaid', NULL, '2025-11-17 10:14:11', '2025-11-17 10:14:11', NULL),
(355, 95, 4, 253.00, '2025-12-17', 'unpaid', NULL, '2025-11-17 10:14:11', '2025-11-17 10:14:11', NULL),
(356, 95, 1, 870.00, '2025-12-17', 'unpaid', NULL, '2025-11-17 10:14:11', '2025-11-17 10:14:11', NULL),
(357, 96, 3, 201.00, '2025-12-17', 'unpaid', NULL, '2025-11-17 10:14:11', '2025-11-17 10:14:11', NULL),
(358, 96, 2, 716.00, '2025-12-17', 'unpaid', NULL, '2025-11-17 10:14:11', '2025-11-17 10:14:11', NULL),
(359, 96, 4, 444.00, '2025-12-17', 'unpaid', NULL, '2025-11-17 10:14:11', '2025-11-17 10:14:11', NULL),
(360, 96, 1, 424.00, '2025-12-17', 'unpaid', NULL, '2025-11-17 10:14:11', '2025-11-17 10:14:11', NULL),
(361, 97, 3, 148.00, '2025-12-17', 'unpaid', NULL, '2025-11-17 10:14:11', '2025-11-17 10:14:11', NULL),
(362, 97, 2, 631.00, '2025-12-17', 'unpaid', NULL, '2025-11-17 10:14:11', '2025-11-17 10:14:11', NULL),
(363, 97, 4, 711.00, '2025-12-17', 'unpaid', NULL, '2025-11-17 10:14:11', '2025-11-17 10:14:11', NULL),
(364, 97, 1, 412.00, '2025-12-17', 'unpaid', NULL, '2025-11-17 10:14:11', '2025-11-17 10:14:11', NULL),
(365, 98, 3, 589.00, '2025-12-17', 'unpaid', NULL, '2025-11-17 10:14:11', '2025-11-17 10:14:11', NULL),
(366, 98, 2, 809.00, '2025-12-17', 'unpaid', NULL, '2025-11-17 10:14:11', '2025-11-17 10:14:11', NULL),
(367, 98, 4, 392.00, '2025-12-17', 'unpaid', NULL, '2025-11-17 10:14:11', '2025-11-17 10:14:11', NULL),
(368, 98, 1, 939.00, '2025-12-17', 'unpaid', NULL, '2025-11-17 10:14:11', '2025-11-17 10:14:11', NULL),
(369, 99, 3, 591.00, '2025-12-17', 'unpaid', NULL, '2025-11-17 10:14:11', '2025-11-17 10:14:11', NULL),
(370, 99, 2, 258.00, '2025-12-17', 'unpaid', NULL, '2025-11-17 10:14:11', '2025-11-17 10:14:11', NULL),
(371, 99, 4, 817.00, '2025-12-17', 'unpaid', NULL, '2025-11-17 10:14:11', '2025-11-17 10:14:11', NULL),
(372, 99, 1, 918.00, '2025-12-17', 'unpaid', NULL, '2025-11-17 10:14:11', '2025-11-17 10:14:11', NULL),
(373, 100, 3, 839.00, '2025-12-17', 'unpaid', NULL, '2025-11-17 10:14:11', '2025-11-17 10:14:11', NULL),
(374, 100, 2, 106.00, '2025-12-17', 'unpaid', NULL, '2025-11-17 10:14:11', '2025-11-17 10:14:11', NULL),
(375, 100, 4, 123.00, '2025-12-17', 'unpaid', NULL, '2025-11-17 10:14:11', '2025-11-17 10:14:11', NULL),
(376, 100, 1, 926.00, '2025-12-17', 'unpaid', NULL, '2025-11-17 10:14:11', '2025-11-17 10:14:11', NULL),
(377, 101, 3, 109.00, '2025-12-17', 'unpaid', NULL, '2025-11-17 10:14:11', '2025-11-17 10:14:11', NULL),
(378, 101, 2, 780.00, '2025-12-17', 'unpaid', NULL, '2025-11-17 10:14:11', '2025-11-17 10:14:11', NULL),
(379, 101, 4, 985.00, '2025-12-17', 'unpaid', NULL, '2025-11-17 10:14:11', '2025-11-17 10:14:11', NULL),
(380, 101, 1, 483.00, '2025-12-17', 'unpaid', NULL, '2025-11-17 10:14:11', '2025-11-17 10:14:11', NULL),
(381, 102, 3, 621.00, '2025-12-17', 'unpaid', NULL, '2025-11-17 10:14:11', '2025-11-17 10:14:11', NULL),
(382, 102, 2, 558.00, '2025-12-17', 'unpaid', NULL, '2025-11-17 10:14:11', '2025-11-17 10:14:11', NULL),
(383, 102, 4, 473.00, '2025-12-17', 'unpaid', NULL, '2025-11-17 10:14:11', '2025-11-17 10:14:11', NULL),
(384, 102, 1, 123.00, '2025-12-17', 'unpaid', NULL, '2025-11-17 10:14:11', '2025-11-17 10:14:11', NULL),
(385, 103, 3, 645.00, '2025-12-17', 'unpaid', NULL, '2025-11-17 10:14:11', '2025-11-17 10:14:11', NULL),
(386, 103, 2, 678.00, '2025-12-17', 'unpaid', NULL, '2025-11-17 10:14:11', '2025-11-17 10:14:11', NULL),
(387, 103, 4, 316.00, '2025-12-17', 'unpaid', NULL, '2025-11-17 10:14:11', '2025-11-17 10:14:11', NULL),
(388, 103, 1, 240.00, '2025-12-17', 'unpaid', NULL, '2025-11-17 10:14:11', '2025-11-17 10:14:11', NULL),
(389, 104, 3, 452.00, '2025-12-17', 'unpaid', NULL, '2025-11-17 10:14:11', '2025-11-17 10:14:11', NULL),
(390, 104, 2, 196.00, '2025-12-17', 'unpaid', NULL, '2025-11-17 10:14:11', '2025-11-17 10:14:11', NULL),
(391, 104, 4, 167.00, '2025-12-17', 'unpaid', NULL, '2025-11-17 10:14:11', '2025-11-17 10:14:11', NULL),
(392, 104, 1, 743.00, '2025-12-17', 'unpaid', NULL, '2025-11-17 10:14:11', '2025-11-17 10:14:11', NULL),
(393, 105, 3, 651.00, '2025-12-17', 'unpaid', NULL, '2025-11-17 10:14:11', '2025-11-17 10:14:11', NULL),
(394, 105, 2, 180.00, '2025-12-17', 'unpaid', NULL, '2025-11-17 10:14:11', '2025-11-17 10:14:11', NULL),
(395, 105, 4, 356.00, '2025-12-17', 'unpaid', NULL, '2025-11-17 10:14:11', '2025-11-17 10:14:11', NULL),
(396, 105, 1, 723.00, '2025-12-17', 'unpaid', NULL, '2025-11-17 10:14:11', '2025-11-17 10:14:11', NULL),
(397, 106, 3, 325.00, '2025-12-17', 'unpaid', NULL, '2025-11-17 10:14:11', '2025-11-17 10:14:11', NULL),
(398, 106, 2, 540.00, '2025-12-17', 'unpaid', NULL, '2025-11-17 10:14:11', '2025-11-17 10:14:11', NULL),
(399, 106, 4, 269.00, '2025-12-17', 'unpaid', NULL, '2025-11-17 10:14:11', '2025-11-17 10:14:11', NULL),
(400, 106, 1, 171.00, '2025-12-17', 'unpaid', NULL, '2025-11-17 10:14:11', '2025-11-17 10:14:11', NULL);

-- --------------------------------------------------------

--
-- Table structure for table `fee_types`
--

CREATE TABLE `fee_types` (
  `id` bigint UNSIGNED NOT NULL,
  `name` varchar(255) COLLATE utf8mb4_unicode_ci NOT NULL,
  `description` text COLLATE utf8mb4_unicode_ci,
  `created_at` timestamp NULL DEFAULT NULL,
  `updated_at` timestamp NULL DEFAULT NULL,
  `deleted_at` timestamp NULL DEFAULT NULL
) ENGINE=InnoDB DEFAULT CHARSET=utf8mb4 COLLATE=utf8mb4_unicode_ci;

--
-- Dumping data for table `fee_types`
--

INSERT INTO `fee_types` (`id`, `name`, `description`, `created_at`, `updated_at`, `deleted_at`) VALUES
(1, 'Tuition', 'Tuition fee', '2025-11-17 10:14:11', '2025-11-17 10:14:11', NULL),
(2, 'Library', 'Library fee', '2025-11-17 10:14:11', '2025-11-17 10:14:11', NULL),
(3, 'Lab', 'Lab fee', '2025-11-17 10:14:11', '2025-11-17 10:14:11', NULL),
(4, 'Sports', 'Sports fee', '2025-11-17 10:14:11', '2025-11-17 10:14:11', NULL);

-- --------------------------------------------------------

--
-- Table structure for table `migrations`
--

CREATE TABLE `migrations` (
  `id` int UNSIGNED NOT NULL,
  `migration` varchar(255) COLLATE utf8mb4_unicode_ci NOT NULL,
  `batch` int NOT NULL
) ENGINE=InnoDB DEFAULT CHARSET=utf8mb4 COLLATE=utf8mb4_unicode_ci;

--
-- Dumping data for table `migrations`
--

INSERT INTO `migrations` (`id`, `migration`, `batch`) VALUES
(1, '1_create_tb', 1),
(2, '2_create_cache_table', 1),
(3, '4_create_personal_access_tokens_table', 1),
(4, '5_create_permission_tables', 1);

-- --------------------------------------------------------

--
-- Table structure for table `model_has_permissions`
--

CREATE TABLE `model_has_permissions` (
  `permission_id` bigint UNSIGNED NOT NULL,
  `model_type` varchar(255) COLLATE utf8mb4_unicode_ci NOT NULL,
  `model_id` bigint UNSIGNED NOT NULL
) ENGINE=InnoDB DEFAULT CHARSET=utf8mb4 COLLATE=utf8mb4_unicode_ci;

-- --------------------------------------------------------

--
-- Table structure for table `model_has_roles`
--

CREATE TABLE `model_has_roles` (
  `role_id` bigint UNSIGNED NOT NULL,
  `model_type` varchar(255) COLLATE utf8mb4_unicode_ci NOT NULL,
  `model_id` bigint UNSIGNED NOT NULL
) ENGINE=InnoDB DEFAULT CHARSET=utf8mb4 COLLATE=utf8mb4_unicode_ci;

--
-- Dumping data for table `model_has_roles`
--

INSERT INTO `model_has_roles` (`role_id`, `model_type`, `model_id`) VALUES
(1, 'App\\Models\\User', 1),
(2, 'App\\Models\\User', 2),
(2, 'App\\Models\\User', 3),
(2, 'App\\Models\\User', 4),
(2, 'App\\Models\\User', 5),
(2, 'App\\Models\\User', 6),
(3, 'App\\Models\\User', 7),
(3, 'App\\Models\\User', 8),
(3, 'App\\Models\\User', 9),
(3, 'App\\Models\\User', 10),
(3, 'App\\Models\\User', 11),
(3, 'App\\Models\\User', 12),
(3, 'App\\Models\\User', 13),
(3, 'App\\Models\\User', 14),
(3, 'App\\Models\\User', 15),
(3, 'App\\Models\\User', 16),
(3, 'App\\Models\\User', 17),
(3, 'App\\Models\\User', 18),
(3, 'App\\Models\\User', 19),
(3, 'App\\Models\\User', 20),
(3, 'App\\Models\\User', 21),
(3, 'App\\Models\\User', 22),
(3, 'App\\Models\\User', 23),
(3, 'App\\Models\\User', 24),
(3, 'App\\Models\\User', 25),
(3, 'App\\Models\\User', 26),
(3, 'App\\Models\\User', 27),
(3, 'App\\Models\\User', 28),
(3, 'App\\Models\\User', 29),
(3, 'App\\Models\\User', 30),
(3, 'App\\Models\\User', 31),
(3, 'App\\Models\\User', 32),
(3, 'App\\Models\\User', 33),
(3, 'App\\Models\\User', 34),
(3, 'App\\Models\\User', 35),
(3, 'App\\Models\\User', 36),
(3, 'App\\Models\\User', 37),
(3, 'App\\Models\\User', 38),
(3, 'App\\Models\\User', 39),
(3, 'App\\Models\\User', 40),
(3, 'App\\Models\\User', 41),
(3, 'App\\Models\\User', 42),
(3, 'App\\Models\\User', 43),
(3, 'App\\Models\\User', 44),
(3, 'App\\Models\\User', 45),
(3, 'App\\Models\\User', 46),
(3, 'App\\Models\\User', 47),
(3, 'App\\Models\\User', 48),
(3, 'App\\Models\\User', 49),
(3, 'App\\Models\\User', 50),
(3, 'App\\Models\\User', 51),
(3, 'App\\Models\\User', 52),
(3, 'App\\Models\\User', 53),
(3, 'App\\Models\\User', 54),
(3, 'App\\Models\\User', 55),
(3, 'App\\Models\\User', 56),
(3, 'App\\Models\\User', 57),
(3, 'App\\Models\\User', 58),
(3, 'App\\Models\\User', 59),
(3, 'App\\Models\\User', 60),
(3, 'App\\Models\\User', 61),
(3, 'App\\Models\\User', 62),
(3, 'App\\Models\\User', 63),
(3, 'App\\Models\\User', 64),
(3, 'App\\Models\\User', 65),
(3, 'App\\Models\\User', 66),
(3, 'App\\Models\\User', 67),
(3, 'App\\Models\\User', 68),
(3, 'App\\Models\\User', 69),
(3, 'App\\Models\\User', 70),
(3, 'App\\Models\\User', 71),
(3, 'App\\Models\\User', 72),
(3, 'App\\Models\\User', 73),
(3, 'App\\Models\\User', 74),
(3, 'App\\Models\\User', 75),
(3, 'App\\Models\\User', 76),
(3, 'App\\Models\\User', 77),
(3, 'App\\Models\\User', 78),
(3, 'App\\Models\\User', 79),
(3, 'App\\Models\\User', 80),
(3, 'App\\Models\\User', 81),
(3, 'App\\Models\\User', 82),
(3, 'App\\Models\\User', 83),
(3, 'App\\Models\\User', 84),
(3, 'App\\Models\\User', 85),
(3, 'App\\Models\\User', 86),
(3, 'App\\Models\\User', 87),
(3, 'App\\Models\\User', 88),
(3, 'App\\Models\\User', 89),
(3, 'App\\Models\\User', 90),
(3, 'App\\Models\\User', 91),
(3, 'App\\Models\\User', 92),
(3, 'App\\Models\\User', 93),
(3, 'App\\Models\\User', 94),
(3, 'App\\Models\\User', 95),
(3, 'App\\Models\\User', 96),
(3, 'App\\Models\\User', 97),
(3, 'App\\Models\\User', 98),
(3, 'App\\Models\\User', 99),
(3, 'App\\Models\\User', 100),
(3, 'App\\Models\\User', 101),
(3, 'App\\Models\\User', 102),
(3, 'App\\Models\\User', 103),
(3, 'App\\Models\\User', 104),
(3, 'App\\Models\\User', 105),
(3, 'App\\Models\\User', 106);

-- --------------------------------------------------------

--
-- Table structure for table `password_reset_tokens`
--

CREATE TABLE `password_reset_tokens` (
  `email` varchar(255) COLLATE utf8mb4_unicode_ci NOT NULL,
  `token` varchar(255) COLLATE utf8mb4_unicode_ci NOT NULL,
  `created_at` timestamp NULL DEFAULT NULL
) ENGINE=InnoDB DEFAULT CHARSET=utf8mb4 COLLATE=utf8mb4_unicode_ci;

-- --------------------------------------------------------

--
-- Table structure for table `payments`
--

CREATE TABLE `payments` (
  `id` bigint UNSIGNED NOT NULL,
  `amount` decimal(10,2) NOT NULL,
  `payment_date` date NOT NULL,
  `payment_method` varchar(255) COLLATE utf8mb4_unicode_ci NOT NULL,
  `transaction_id` varchar(255) COLLATE utf8mb4_unicode_ci DEFAULT NULL,
  `remarks` text COLLATE utf8mb4_unicode_ci,
  `received_by` bigint UNSIGNED NOT NULL,
  `student_id` bigint UNSIGNED NOT NULL,
  `fee_id` bigint UNSIGNED DEFAULT NULL,
  `created_at` timestamp NULL DEFAULT NULL,
  `updated_at` timestamp NULL DEFAULT NULL,
  `deleted_at` timestamp NULL DEFAULT NULL
) ENGINE=InnoDB DEFAULT CHARSET=utf8mb4 COLLATE=utf8mb4_unicode_ci;

-- --------------------------------------------------------

--
-- Table structure for table `permissions`
--

CREATE TABLE `permissions` (
  `id` bigint UNSIGNED NOT NULL,
  `name` varchar(255) COLLATE utf8mb4_unicode_ci NOT NULL,
  `guard_name` varchar(255) COLLATE utf8mb4_unicode_ci NOT NULL,
  `created_at` timestamp NULL DEFAULT NULL,
  `updated_at` timestamp NULL DEFAULT NULL
) ENGINE=InnoDB DEFAULT CHARSET=utf8mb4 COLLATE=utf8mb4_unicode_ci;

--
-- Dumping data for table `permissions`
--

INSERT INTO `permissions` (`id`, `name`, `guard_name`, `created_at`, `updated_at`) VALUES
(1, 'create attendance', 'web', '2025-11-17 10:13:48', '2025-11-17 10:13:48'),
(2, 'view attendance', 'web', '2025-11-17 10:13:48', '2025-11-17 10:13:48'),
(3, 'update attendance', 'web', '2025-11-17 10:13:48', '2025-11-17 10:13:48'),
(4, 'delete attendance', 'web', '2025-11-17 10:13:48', '2025-11-17 10:13:48'),
(5, 'create classroom', 'web', '2025-11-17 10:13:48', '2025-11-17 10:13:48'),
(6, 'view classroom', 'web', '2025-11-17 10:13:48', '2025-11-17 10:13:48'),
(7, 'update classroom', 'web', '2025-11-17 10:13:48', '2025-11-17 10:13:48'),
(8, 'delete classroom', 'web', '2025-11-17 10:13:48', '2025-11-17 10:13:48'),
(9, 'create course-offering', 'web', '2025-11-17 10:13:48', '2025-11-17 10:13:48'),
(10, 'view course-offering', 'web', '2025-11-17 10:13:48', '2025-11-17 10:13:48'),
(11, 'update course-offering', 'web', '2025-11-17 10:13:48', '2025-11-17 10:13:48'),
(12, 'delete course-offering', 'web', '2025-11-17 10:13:48', '2025-11-17 10:13:48'),
(13, 'create department', 'web', '2025-11-17 10:13:48', '2025-11-17 10:13:48'),
(14, 'view department', 'web', '2025-11-17 10:13:48', '2025-11-17 10:13:48'),
(15, 'update department', 'web', '2025-11-17 10:13:48', '2025-11-17 10:13:48'),
(16, 'delete department', 'web', '2025-11-17 10:13:48', '2025-11-17 10:13:48'),
(17, 'create district', 'web', '2025-11-17 10:13:48', '2025-11-17 10:13:48'),
(18, 'view district', 'web', '2025-11-17 10:13:48', '2025-11-17 10:13:48'),
(19, 'update district', 'web', '2025-11-17 10:13:48', '2025-11-17 10:13:48'),
(20, 'delete district', 'web', '2025-11-17 10:13:48', '2025-11-17 10:13:48'),
(21, 'create event', 'web', '2025-11-17 10:13:48', '2025-11-17 10:13:48'),
(22, 'view event', 'web', '2025-11-17 10:13:48', '2025-11-17 10:13:48'),
(23, 'update event', 'web', '2025-11-17 10:13:48', '2025-11-17 10:13:48'),
(24, 'delete event', 'web', '2025-11-17 10:13:48', '2025-11-17 10:13:48'),
(25, 'create exam', 'web', '2025-11-17 10:13:48', '2025-11-17 10:13:48'),
(26, 'view exam', 'web', '2025-11-17 10:13:48', '2025-11-17 10:13:48'),
(27, 'update exam', 'web', '2025-11-17 10:13:48', '2025-11-17 10:13:48'),
(28, 'delete exam', 'web', '2025-11-17 10:13:48', '2025-11-17 10:13:48'),
(29, 'create expense', 'web', '2025-11-17 10:13:48', '2025-11-17 10:13:48'),
(30, 'view expense', 'web', '2025-11-17 10:13:48', '2025-11-17 10:13:48'),
(31, 'update expense', 'web', '2025-11-17 10:13:48', '2025-11-17 10:13:48'),
(32, 'delete expense', 'web', '2025-11-17 10:13:48', '2025-11-17 10:13:48'),
(33, 'create expense-category', 'web', '2025-11-17 10:13:48', '2025-11-17 10:13:48'),
(34, 'view expense-category', 'web', '2025-11-17 10:13:48', '2025-11-17 10:13:48'),
(35, 'update expense-category', 'web', '2025-11-17 10:13:48', '2025-11-17 10:13:48'),
(36, 'delete expense-category', 'web', '2025-11-17 10:13:48', '2025-11-17 10:13:48'),
(37, 'create fee', 'web', '2025-11-17 10:13:48', '2025-11-17 10:13:48'),
(38, 'view fee', 'web', '2025-11-17 10:13:48', '2025-11-17 10:13:48'),
(39, 'update fee', 'web', '2025-11-17 10:13:48', '2025-11-17 10:13:48'),
(40, 'delete fee', 'web', '2025-11-17 10:13:48', '2025-11-17 10:13:48'),
(41, 'create fee-type', 'web', '2025-11-17 10:13:48', '2025-11-17 10:13:48'),
(42, 'view fee-type', 'web', '2025-11-17 10:13:48', '2025-11-17 10:13:48'),
(43, 'update fee-type', 'web', '2025-11-17 10:13:48', '2025-11-17 10:13:48'),
(44, 'delete fee-type', 'web', '2025-11-17 10:13:48', '2025-11-17 10:13:48'),
(45, 'create payment', 'web', '2025-11-17 10:13:48', '2025-11-17 10:13:48'),
(46, 'view payment', 'web', '2025-11-17 10:13:48', '2025-11-17 10:13:48'),
(47, 'update payment', 'web', '2025-11-17 10:13:48', '2025-11-17 10:13:48'),
(48, 'delete payment', 'web', '2025-11-17 10:13:48', '2025-11-17 10:13:48'),
(49, 'create schedule', 'web', '2025-11-17 10:13:48', '2025-11-17 10:13:48'),
(50, 'view schedule', 'web', '2025-11-17 10:13:48', '2025-11-17 10:13:48'),
(51, 'update schedule', 'web', '2025-11-17 10:13:48', '2025-11-17 10:13:48'),
(52, 'delete schedule', 'web', '2025-11-17 10:13:48', '2025-11-17 10:13:48'),
(53, 'create score', 'web', '2025-11-17 10:13:48', '2025-11-17 10:13:48'),
(54, 'view score', 'web', '2025-11-17 10:13:48', '2025-11-17 10:13:48'),
(55, 'update score', 'web', '2025-11-17 10:13:48', '2025-11-17 10:13:48'),
(56, 'delete score', 'web', '2025-11-17 10:13:48', '2025-11-17 10:13:48'),
(57, 'create student-course', 'web', '2025-11-17 10:13:48', '2025-11-17 10:13:48'),
(58, 'view student-course', 'web', '2025-11-17 10:13:48', '2025-11-17 10:13:48'),
(59, 'update student-course', 'web', '2025-11-17 10:13:48', '2025-11-17 10:13:48'),
(60, 'delete student-course', 'web', '2025-11-17 10:13:48', '2025-11-17 10:13:48'),
(61, 'create subject', 'web', '2025-11-17 10:13:49', '2025-11-17 10:13:49'),
(62, 'view subject', 'web', '2025-11-17 10:13:49', '2025-11-17 10:13:49'),
(63, 'update subject', 'web', '2025-11-17 10:13:49', '2025-11-17 10:13:49'),
(64, 'delete subject', 'web', '2025-11-17 10:13:49', '2025-11-17 10:13:49'),
(65, 'create user', 'web', '2025-11-17 10:13:49', '2025-11-17 10:13:49'),
(66, 'view user', 'web', '2025-11-17 10:13:49', '2025-11-17 10:13:49'),
(67, 'update user', 'web', '2025-11-17 10:13:49', '2025-11-17 10:13:49'),
(68, 'delete user', 'web', '2025-11-17 10:13:49', '2025-11-17 10:13:49');

-- --------------------------------------------------------

--
-- Table structure for table `personal_access_tokens`
--

CREATE TABLE `personal_access_tokens` (
  `id` bigint UNSIGNED NOT NULL,
  `tokenable_type` varchar(255) COLLATE utf8mb4_unicode_ci NOT NULL,
  `tokenable_id` bigint UNSIGNED NOT NULL,
  `name` varchar(255) COLLATE utf8mb4_unicode_ci NOT NULL,
  `token` varchar(64) COLLATE utf8mb4_unicode_ci NOT NULL,
  `abilities` text COLLATE utf8mb4_unicode_ci,
  `last_used_at` timestamp NULL DEFAULT NULL,
  `expires_at` timestamp NULL DEFAULT NULL,
  `created_at` timestamp NULL DEFAULT NULL,
  `updated_at` timestamp NULL DEFAULT NULL
) ENGINE=InnoDB DEFAULT CHARSET=utf8mb4 COLLATE=utf8mb4_unicode_ci;

-- --------------------------------------------------------

--
-- Table structure for table `roles`
--

CREATE TABLE `roles` (
  `id` bigint UNSIGNED NOT NULL,
  `name` varchar(255) COLLATE utf8mb4_unicode_ci NOT NULL,
  `guard_name` varchar(255) COLLATE utf8mb4_unicode_ci NOT NULL,
  `created_at` timestamp NULL DEFAULT NULL,
  `updated_at` timestamp NULL DEFAULT NULL
) ENGINE=InnoDB DEFAULT CHARSET=utf8mb4 COLLATE=utf8mb4_unicode_ci;

--
-- Dumping data for table `roles`
--

INSERT INTO `roles` (`id`, `name`, `guard_name`, `created_at`, `updated_at`) VALUES
(1, 'admin', 'web', '2025-11-17 10:13:49', '2025-11-17 10:13:49'),
(2, 'teacher', 'web', '2025-11-17 10:13:49', '2025-11-17 10:13:49'),
(3, 'student', 'web', '2025-11-17 10:13:49', '2025-11-17 10:13:49'),
(4, 'guardian', 'web', '2025-11-17 10:13:49', '2025-11-17 10:13:49'),
(5, 'staff', 'web', '2025-11-17 10:13:49', '2025-11-17 10:13:49');

-- --------------------------------------------------------

--
-- Table structure for table `role_has_permissions`
--

CREATE TABLE `role_has_permissions` (
  `permission_id` bigint UNSIGNED NOT NULL,
  `role_id` bigint UNSIGNED NOT NULL
) ENGINE=InnoDB DEFAULT CHARSET=utf8mb4 COLLATE=utf8mb4_unicode_ci;

-- --------------------------------------------------------

--
-- Table structure for table `schedules`
--

CREATE TABLE `schedules` (
  `id` bigint UNSIGNED NOT NULL,
  `teacher_id` bigint UNSIGNED NOT NULL,
  `subject_id` bigint UNSIGNED NOT NULL,
  `classroom_id` bigint UNSIGNED NOT NULL,
  `weekday` varchar(255) COLLATE utf8mb4_unicode_ci NOT NULL,
  `start_time` time NOT NULL,
  `end_time` time NOT NULL,
  `created_at` timestamp NULL DEFAULT NULL,
  `updated_at` timestamp NULL DEFAULT NULL
) ENGINE=InnoDB DEFAULT CHARSET=utf8mb4 COLLATE=utf8mb4_unicode_ci;

--
-- Dumping data for table `schedules`
--

INSERT INTO `schedules` (`id`, `teacher_id`, `subject_id`, `classroom_id`, `weekday`, `start_time`, `end_time`, `created_at`, `updated_at`) VALUES
(1, 2, 4, 1, 'Tuesday', '08:00:00', '09:30:00', '2025-11-17 10:14:11', '2025-11-17 10:14:11'),
(2, 2, 2, 12, 'Friday', '08:00:00', '09:30:00', '2025-11-17 10:14:11', '2025-11-17 10:14:11'),
(3, 2, 1, 11, 'Thursday', '08:00:00', '09:30:00', '2025-11-17 10:14:11', '2025-11-17 10:14:11'),
(4, 3, 3, 12, 'Tuesday', '08:00:00', '09:30:00', '2025-11-17 10:14:11', '2025-11-17 10:14:11'),
(5, 3, 4, 15, 'Tuesday', '08:00:00', '09:30:00', '2025-11-17 10:14:11', '2025-11-17 10:14:11'),
(6, 3, 2, 6, 'Tuesday', '08:00:00', '09:30:00', '2025-11-17 10:14:11', '2025-11-17 10:14:11'),
(7, 4, 3, 1, 'Friday', '08:00:00', '09:30:00', '2025-11-17 10:14:11', '2025-11-17 10:14:11'),
(8, 4, 2, 11, 'Wednesday', '08:00:00', '09:30:00', '2025-11-17 10:14:11', '2025-11-17 10:14:11'),
(9, 4, 3, 3, 'Thursday', '08:00:00', '09:30:00', '2025-11-17 10:14:11', '2025-11-17 10:14:11'),
(10, 5, 5, 13, 'Wednesday', '08:00:00', '09:30:00', '2025-11-17 10:14:11', '2025-11-17 10:14:11'),
(11, 5, 3, 4, 'Friday', '08:00:00', '09:30:00', '2025-11-17 10:14:11', '2025-11-17 10:14:11'),
(12, 5, 2, 4, 'Tuesday', '08:00:00', '09:30:00', '2025-11-17 10:14:11', '2025-11-17 10:14:11'),
(13, 6, 5, 4, 'Thursday', '08:00:00', '09:30:00', '2025-11-17 10:14:11', '2025-11-17 10:14:11'),
(14, 6, 1, 10, 'Tuesday', '08:00:00', '09:30:00', '2025-11-17 10:14:11', '2025-11-17 10:14:11'),
(15, 6, 5, 12, 'Tuesday', '08:00:00', '09:30:00', '2025-11-17 10:14:11', '2025-11-17 10:14:11');

-- --------------------------------------------------------

--
-- Table structure for table `scores`
--

CREATE TABLE `scores` (
  `id` bigint UNSIGNED NOT NULL,
  `student_id` bigint UNSIGNED NOT NULL,
  `exam_id` bigint UNSIGNED NOT NULL,
  `subject_id` bigint UNSIGNED NOT NULL,
  `semester` varchar(255) COLLATE utf8mb4_unicode_ci NOT NULL,
  `score` int NOT NULL,
  `grade` varchar(255) COLLATE utf8mb4_unicode_ci DEFAULT NULL,
  `remarks` text COLLATE utf8mb4_unicode_ci,
  `created_at` timestamp NULL DEFAULT NULL,
  `updated_at` timestamp NULL DEFAULT NULL,
  `deleted_at` timestamp NULL DEFAULT NULL
) ENGINE=InnoDB DEFAULT CHARSET=utf8mb4 COLLATE=utf8mb4_unicode_ci;

-- --------------------------------------------------------

--
-- Table structure for table `sessions`
--

CREATE TABLE `sessions` (
  `id` varchar(255) COLLATE utf8mb4_unicode_ci NOT NULL,
  `user_id` bigint UNSIGNED DEFAULT NULL,
  `ip_address` varchar(45) COLLATE utf8mb4_unicode_ci DEFAULT NULL,
  `user_agent` text COLLATE utf8mb4_unicode_ci,
  `payload` longtext COLLATE utf8mb4_unicode_ci NOT NULL,
  `last_activity` int NOT NULL
) ENGINE=InnoDB DEFAULT CHARSET=utf8mb4 COLLATE=utf8mb4_unicode_ci;

-- --------------------------------------------------------

--
-- Table structure for table `student_course`
--

CREATE TABLE `student_course` (
  `student_id` bigint UNSIGNED NOT NULL,
  `subject_id` bigint UNSIGNED NOT NULL,
  `grade_final` decimal(5,2) DEFAULT NULL,
  `created_at` timestamp NULL DEFAULT NULL,
  `updated_at` timestamp NULL DEFAULT NULL
) ENGINE=InnoDB DEFAULT CHARSET=utf8mb4 COLLATE=utf8mb4_unicode_ci;

--
-- Dumping data for table `student_course`
--

INSERT INTO `student_course` (`student_id`, `subject_id`, `grade_final`, `created_at`, `updated_at`) VALUES
(7, 2, 82.39, '2025-11-17 10:14:10', '2025-11-17 10:14:10'),
(7, 3, 68.79, '2025-11-17 10:14:10', '2025-11-17 10:14:10'),
(7, 4, 89.17, '2025-11-17 10:14:10', '2025-11-17 10:14:10'),
(8, 3, 73.31, '2025-11-17 10:14:10', '2025-11-17 10:14:10'),
(8, 4, 81.45, '2025-11-17 10:14:10', '2025-11-17 10:14:10'),
(8, 5, 77.70, '2025-11-17 10:14:10', '2025-11-17 10:14:10'),
(9, 2, 85.98, '2025-11-17 10:14:10', '2025-11-17 10:14:10'),
(9, 4, 95.30, '2025-11-17 10:14:10', '2025-11-17 10:14:10'),
(9, 5, 77.66, '2025-11-17 10:14:10', '2025-11-17 10:14:10'),
(10, 1, 93.92, '2025-11-17 10:14:10', '2025-11-17 10:14:10'),
(10, 3, 73.87, '2025-11-17 10:14:10', '2025-11-17 10:14:10'),
(10, 5, 85.33, '2025-11-17 10:14:10', '2025-11-17 10:14:10'),
(11, 1, 81.70, '2025-11-17 10:14:10', '2025-11-17 10:14:10'),
(11, 2, 77.39, '2025-11-17 10:14:10', '2025-11-17 10:14:10'),
(11, 5, 74.02, '2025-11-17 10:14:10', '2025-11-17 10:14:10'),
(12, 1, 67.57, '2025-11-17 10:14:10', '2025-11-17 10:14:10'),
(12, 2, 74.72, '2025-11-17 10:14:10', '2025-11-17 10:14:10'),
(12, 3, 98.17, '2025-11-17 10:14:10', '2025-11-17 10:14:10'),
(13, 1, 80.75, '2025-11-17 10:14:10', '2025-11-17 10:14:10'),
(13, 4, 65.24, '2025-11-17 10:14:10', '2025-11-17 10:14:10'),
(13, 5, 81.88, '2025-11-17 10:14:10', '2025-11-17 10:14:10'),
(14, 1, 95.81, '2025-11-17 10:14:10', '2025-11-17 10:14:10'),
(14, 2, 60.74, '2025-11-17 10:14:10', '2025-11-17 10:14:10'),
(14, 5, 94.85, '2025-11-17 10:14:10', '2025-11-17 10:14:10'),
(15, 2, 60.96, '2025-11-17 10:14:10', '2025-11-17 10:14:10'),
(15, 3, 62.00, '2025-11-17 10:14:10', '2025-11-17 10:14:10'),
(15, 4, 79.33, '2025-11-17 10:14:10', '2025-11-17 10:14:10'),
(16, 2, 86.06, '2025-11-17 10:14:10', '2025-11-17 10:14:10'),
(16, 3, 79.26, '2025-11-17 10:14:10', '2025-11-17 10:14:10'),
(16, 5, 73.91, '2025-11-17 10:14:10', '2025-11-17 10:14:10'),
(17, 1, 95.90, '2025-11-17 10:14:10', '2025-11-17 10:14:10'),
(17, 2, 60.26, '2025-11-17 10:14:10', '2025-11-17 10:14:10'),
(17, 5, 78.58, '2025-11-17 10:14:10', '2025-11-17 10:14:10'),
(18, 1, 85.51, '2025-11-17 10:14:10', '2025-11-17 10:14:10'),
(18, 3, 65.20, '2025-11-17 10:14:10', '2025-11-17 10:14:10'),
(18, 5, 65.12, '2025-11-17 10:14:10', '2025-11-17 10:14:10'),
(19, 2, 60.60, '2025-11-17 10:14:10', '2025-11-17 10:14:10'),
(19, 3, 67.10, '2025-11-17 10:14:10', '2025-11-17 10:14:10'),
(19, 5, 79.91, '2025-11-17 10:14:10', '2025-11-17 10:14:10'),
(20, 1, 96.67, '2025-11-17 10:14:10', '2025-11-17 10:14:10'),
(20, 4, 91.81, '2025-11-17 10:14:10', '2025-11-17 10:14:10'),
(20, 5, 66.23, '2025-11-17 10:14:10', '2025-11-17 10:14:10'),
(21, 1, 84.38, '2025-11-17 10:14:10', '2025-11-17 10:14:10'),
(21, 2, 69.83, '2025-11-17 10:14:10', '2025-11-17 10:14:10'),
(21, 4, 91.52, '2025-11-17 10:14:10', '2025-11-17 10:14:10'),
(22, 1, 70.35, '2025-11-17 10:14:10', '2025-11-17 10:14:10'),
(22, 2, 90.55, '2025-11-17 10:14:10', '2025-11-17 10:14:10'),
(22, 5, 90.79, '2025-11-17 10:14:10', '2025-11-17 10:14:10'),
(23, 1, 74.02, '2025-11-17 10:14:10', '2025-11-17 10:14:10'),
(23, 2, 91.56, '2025-11-17 10:14:10', '2025-11-17 10:14:10'),
(23, 4, 61.32, '2025-11-17 10:14:10', '2025-11-17 10:14:10'),
(24, 1, 93.64, '2025-11-17 10:14:10', '2025-11-17 10:14:10'),
(24, 2, 87.86, '2025-11-17 10:14:10', '2025-11-17 10:14:10'),
(24, 5, 77.92, '2025-11-17 10:14:10', '2025-11-17 10:14:10'),
(25, 1, 81.23, '2025-11-17 10:14:10', '2025-11-17 10:14:10'),
(25, 2, 67.58, '2025-11-17 10:14:10', '2025-11-17 10:14:10'),
(25, 5, 81.65, '2025-11-17 10:14:10', '2025-11-17 10:14:10'),
(26, 1, 69.84, '2025-11-17 10:14:10', '2025-11-17 10:14:10'),
(26, 3, 62.84, '2025-11-17 10:14:10', '2025-11-17 10:14:10'),
(26, 5, 97.24, '2025-11-17 10:14:10', '2025-11-17 10:14:10'),
(27, 1, 71.27, '2025-11-17 10:14:10', '2025-11-17 10:14:10'),
(27, 2, 87.77, '2025-11-17 10:14:10', '2025-11-17 10:14:10'),
(27, 5, 95.14, '2025-11-17 10:14:10', '2025-11-17 10:14:10'),
(28, 1, 77.02, '2025-11-17 10:14:10', '2025-11-17 10:14:10'),
(28, 2, 81.15, '2025-11-17 10:14:10', '2025-11-17 10:14:10'),
(28, 5, 96.02, '2025-11-17 10:14:10', '2025-11-17 10:14:10'),
(29, 1, 74.89, '2025-11-17 10:14:10', '2025-11-17 10:14:10'),
(29, 3, 89.62, '2025-11-17 10:14:10', '2025-11-17 10:14:10'),
(29, 4, 62.50, '2025-11-17 10:14:10', '2025-11-17 10:14:10'),
(30, 2, 92.58, '2025-11-17 10:14:10', '2025-11-17 10:14:10'),
(30, 3, 96.78, '2025-11-17 10:14:10', '2025-11-17 10:14:10'),
(30, 5, 72.75, '2025-11-17 10:14:10', '2025-11-17 10:14:10'),
(31, 2, 69.71, '2025-11-17 10:14:10', '2025-11-17 10:14:10'),
(31, 3, 99.54, '2025-11-17 10:14:10', '2025-11-17 10:14:10'),
(31, 5, 81.97, '2025-11-17 10:14:10', '2025-11-17 10:14:10'),
(32, 1, 97.41, '2025-11-17 10:14:10', '2025-11-17 10:14:10'),
(32, 3, 83.09, '2025-11-17 10:14:10', '2025-11-17 10:14:10'),
(32, 5, 60.63, '2025-11-17 10:14:10', '2025-11-17 10:14:10'),
(33, 1, 72.92, '2025-11-17 10:14:10', '2025-11-17 10:14:10'),
(33, 4, 60.11, '2025-11-17 10:14:10', '2025-11-17 10:14:10'),
(33, 5, 76.18, '2025-11-17 10:14:10', '2025-11-17 10:14:10'),
(34, 1, 80.05, '2025-11-17 10:14:10', '2025-11-17 10:14:10'),
(34, 3, 65.92, '2025-11-17 10:14:10', '2025-11-17 10:14:10'),
(34, 5, 99.06, '2025-11-17 10:14:10', '2025-11-17 10:14:10'),
(35, 1, 74.64, '2025-11-17 10:14:10', '2025-11-17 10:14:10'),
(35, 3, 86.48, '2025-11-17 10:14:10', '2025-11-17 10:14:10'),
(35, 4, 75.55, '2025-11-17 10:14:10', '2025-11-17 10:14:10'),
(36, 3, 84.48, '2025-11-17 10:14:10', '2025-11-17 10:14:10'),
(36, 4, 75.58, '2025-11-17 10:14:10', '2025-11-17 10:14:10'),
(36, 5, 79.75, '2025-11-17 10:14:10', '2025-11-17 10:14:10'),
(37, 2, 69.92, '2025-11-17 10:14:10', '2025-11-17 10:14:10'),
(37, 3, 82.86, '2025-11-17 10:14:10', '2025-11-17 10:14:10'),
(37, 5, 88.49, '2025-11-17 10:14:10', '2025-11-17 10:14:10'),
(38, 1, 73.96, '2025-11-17 10:14:10', '2025-11-17 10:14:10'),
(38, 2, 92.55, '2025-11-17 10:14:10', '2025-11-17 10:14:10'),
(38, 3, 77.47, '2025-11-17 10:14:10', '2025-11-17 10:14:10'),
(39, 1, 93.20, '2025-11-17 10:14:10', '2025-11-17 10:14:10'),
(39, 2, 63.91, '2025-11-17 10:14:10', '2025-11-17 10:14:10'),
(39, 4, 95.81, '2025-11-17 10:14:10', '2025-11-17 10:14:10'),
(40, 1, 78.60, '2025-11-17 10:14:10', '2025-11-17 10:14:10'),
(40, 2, 86.11, '2025-11-17 10:14:10', '2025-11-17 10:14:10'),
(40, 5, 76.65, '2025-11-17 10:14:10', '2025-11-17 10:14:10'),
(41, 1, 75.98, '2025-11-17 10:14:10', '2025-11-17 10:14:10'),
(41, 2, 85.26, '2025-11-17 10:14:10', '2025-11-17 10:14:10'),
(41, 4, 95.48, '2025-11-17 10:14:10', '2025-11-17 10:14:10'),
(42, 1, 98.74, '2025-11-17 10:14:10', '2025-11-17 10:14:10'),
(42, 4, 99.72, '2025-11-17 10:14:10', '2025-11-17 10:14:10'),
(42, 5, 69.98, '2025-11-17 10:14:10', '2025-11-17 10:14:10'),
(43, 1, 66.35, '2025-11-17 10:14:10', '2025-11-17 10:14:10'),
(43, 2, 78.78, '2025-11-17 10:14:10', '2025-11-17 10:14:10'),
(43, 5, 79.79, '2025-11-17 10:14:10', '2025-11-17 10:14:10'),
(44, 2, 79.03, '2025-11-17 10:14:10', '2025-11-17 10:14:10'),
(44, 3, 62.46, '2025-11-17 10:14:10', '2025-11-17 10:14:10'),
(44, 5, 89.97, '2025-11-17 10:14:10', '2025-11-17 10:14:10'),
(45, 1, 67.34, '2025-11-17 10:14:10', '2025-11-17 10:14:10'),
(45, 4, 75.01, '2025-11-17 10:14:10', '2025-11-17 10:14:10'),
(45, 5, 60.05, '2025-11-17 10:14:10', '2025-11-17 10:14:10'),
(46, 3, 77.66, '2025-11-17 10:14:10', '2025-11-17 10:14:10'),
(46, 4, 90.18, '2025-11-17 10:14:10', '2025-11-17 10:14:10'),
(46, 5, 64.97, '2025-11-17 10:14:10', '2025-11-17 10:14:10'),
(47, 1, 79.50, '2025-11-17 10:14:10', '2025-11-17 10:14:10'),
(47, 2, 75.07, '2025-11-17 10:14:10', '2025-11-17 10:14:10'),
(47, 4, 85.20, '2025-11-17 10:14:10', '2025-11-17 10:14:10'),
(48, 1, 85.51, '2025-11-17 10:14:10', '2025-11-17 10:14:10'),
(48, 2, 93.31, '2025-11-17 10:14:10', '2025-11-17 10:14:10'),
(48, 4, 76.51, '2025-11-17 10:14:10', '2025-11-17 10:14:10'),
(49, 3, 89.35, '2025-11-17 10:14:10', '2025-11-17 10:14:10'),
(49, 4, 89.85, '2025-11-17 10:14:10', '2025-11-17 10:14:10'),
(49, 5, 96.84, '2025-11-17 10:14:10', '2025-11-17 10:14:10'),
(50, 1, 74.95, '2025-11-17 10:14:10', '2025-11-17 10:14:10'),
(50, 2, 72.80, '2025-11-17 10:14:10', '2025-11-17 10:14:10'),
(50, 3, 64.17, '2025-11-17 10:14:10', '2025-11-17 10:14:10'),
(51, 2, 85.83, '2025-11-17 10:14:10', '2025-11-17 10:14:10'),
(51, 4, 87.96, '2025-11-17 10:14:10', '2025-11-17 10:14:10'),
(51, 5, 67.46, '2025-11-17 10:14:10', '2025-11-17 10:14:10'),
(52, 1, 76.85, '2025-11-17 10:14:10', '2025-11-17 10:14:10'),
(52, 2, 82.11, '2025-11-17 10:14:10', '2025-11-17 10:14:10'),
(52, 4, 90.53, '2025-11-17 10:14:10', '2025-11-17 10:14:10'),
(53, 2, 98.78, '2025-11-17 10:14:10', '2025-11-17 10:14:10'),
(53, 3, 73.55, '2025-11-17 10:14:10', '2025-11-17 10:14:10'),
(53, 4, 61.49, '2025-11-17 10:14:10', '2025-11-17 10:14:10'),
(54, 2, 92.74, '2025-11-17 10:14:10', '2025-11-17 10:14:10'),
(54, 4, 83.88, '2025-11-17 10:14:10', '2025-11-17 10:14:10'),
(54, 5, 63.33, '2025-11-17 10:14:10', '2025-11-17 10:14:10'),
(55, 3, 97.10, '2025-11-17 10:14:10', '2025-11-17 10:14:10'),
(55, 4, 76.89, '2025-11-17 10:14:10', '2025-11-17 10:14:10'),
(55, 5, 74.48, '2025-11-17 10:14:10', '2025-11-17 10:14:10'),
(56, 1, 86.19, '2025-11-17 10:14:10', '2025-11-17 10:14:10'),
(56, 2, 65.47, '2025-11-17 10:14:10', '2025-11-17 10:14:10'),
(56, 5, 81.98, '2025-11-17 10:14:10', '2025-11-17 10:14:10'),
(57, 2, 99.20, '2025-11-17 10:14:10', '2025-11-17 10:14:10'),
(57, 3, 68.06, '2025-11-17 10:14:10', '2025-11-17 10:14:10'),
(57, 4, 97.76, '2025-11-17 10:14:10', '2025-11-17 10:14:10'),
(58, 1, 83.86, '2025-11-17 10:14:10', '2025-11-17 10:14:10'),
(58, 2, 92.82, '2025-11-17 10:14:10', '2025-11-17 10:14:10'),
(58, 4, 83.44, '2025-11-17 10:14:10', '2025-11-17 10:14:10'),
(59, 1, 88.07, '2025-11-17 10:14:10', '2025-11-17 10:14:10'),
(59, 3, 65.85, '2025-11-17 10:14:10', '2025-11-17 10:14:10'),
(59, 4, 95.43, '2025-11-17 10:14:10', '2025-11-17 10:14:10'),
(60, 2, 99.32, '2025-11-17 10:14:10', '2025-11-17 10:14:10'),
(60, 3, 99.76, '2025-11-17 10:14:10', '2025-11-17 10:14:10'),
(60, 4, 75.85, '2025-11-17 10:14:10', '2025-11-17 10:14:10'),
(61, 2, 93.12, '2025-11-17 10:14:10', '2025-11-17 10:14:10'),
(61, 3, 90.29, '2025-11-17 10:14:10', '2025-11-17 10:14:10'),
(61, 5, 75.10, '2025-11-17 10:14:10', '2025-11-17 10:14:10'),
(62, 1, 87.54, '2025-11-17 10:14:10', '2025-11-17 10:14:10'),
(62, 4, 88.98, '2025-11-17 10:14:10', '2025-11-17 10:14:10'),
(62, 5, 94.88, '2025-11-17 10:14:10', '2025-11-17 10:14:10'),
(63, 1, 85.90, '2025-11-17 10:14:10', '2025-11-17 10:14:10'),
(63, 2, 74.72, '2025-11-17 10:14:10', '2025-11-17 10:14:10'),
(63, 4, 73.43, '2025-11-17 10:14:10', '2025-11-17 10:14:10'),
(64, 2, 90.96, '2025-11-17 10:14:10', '2025-11-17 10:14:10'),
(64, 4, 88.76, '2025-11-17 10:14:10', '2025-11-17 10:14:10'),
(64, 5, 73.09, '2025-11-17 10:14:10', '2025-11-17 10:14:10'),
(65, 1, 75.33, '2025-11-17 10:14:10', '2025-11-17 10:14:10'),
(65, 4, 71.92, '2025-11-17 10:14:10', '2025-11-17 10:14:10'),
(65, 5, 70.19, '2025-11-17 10:14:10', '2025-11-17 10:14:10'),
(66, 2, 67.43, '2025-11-17 10:14:10', '2025-11-17 10:14:10'),
(66, 3, 68.12, '2025-11-17 10:14:10', '2025-11-17 10:14:10'),
(66, 4, 66.36, '2025-11-17 10:14:10', '2025-11-17 10:14:10'),
(67, 2, 68.98, '2025-11-17 10:14:10', '2025-11-17 10:14:10'),
(67, 3, 88.98, '2025-11-17 10:14:10', '2025-11-17 10:14:10'),
(67, 5, 70.62, '2025-11-17 10:14:10', '2025-11-17 10:14:10'),
(68, 1, 71.62, '2025-11-17 10:14:10', '2025-11-17 10:14:10'),
(68, 3, 95.00, '2025-11-17 10:14:10', '2025-11-17 10:14:10'),
(68, 5, 89.84, '2025-11-17 10:14:10', '2025-11-17 10:14:10'),
(69, 2, 73.53, '2025-11-17 10:14:10', '2025-11-17 10:14:10'),
(69, 3, 91.26, '2025-11-17 10:14:10', '2025-11-17 10:14:10'),
(69, 5, 67.07, '2025-11-17 10:14:10', '2025-11-17 10:14:10'),
(70, 2, 94.43, '2025-11-17 10:14:10', '2025-11-17 10:14:10'),
(70, 3, 75.36, '2025-11-17 10:14:10', '2025-11-17 10:14:10'),
(70, 4, 73.17, '2025-11-17 10:14:10', '2025-11-17 10:14:10'),
(71, 1, 78.00, '2025-11-17 10:14:10', '2025-11-17 10:14:10'),
(71, 2, 68.65, '2025-11-17 10:14:10', '2025-11-17 10:14:10'),
(71, 4, 61.67, '2025-11-17 10:14:10', '2025-11-17 10:14:10'),
(72, 2, 96.51, '2025-11-17 10:14:10', '2025-11-17 10:14:10'),
(72, 3, 62.64, '2025-11-17 10:14:10', '2025-11-17 10:14:10'),
(72, 5, 69.25, '2025-11-17 10:14:10', '2025-11-17 10:14:10'),
(73, 1, 90.26, '2025-11-17 10:14:10', '2025-11-17 10:14:10'),
(73, 3, 74.76, '2025-11-17 10:14:10', '2025-11-17 10:14:10'),
(73, 5, 61.67, '2025-11-17 10:14:10', '2025-11-17 10:14:10'),
(74, 1, 68.35, '2025-11-17 10:14:10', '2025-11-17 10:14:10'),
(74, 3, 75.55, '2025-11-17 10:14:10', '2025-11-17 10:14:10'),
(74, 4, 99.17, '2025-11-17 10:14:10', '2025-11-17 10:14:10'),
(75, 1, 86.32, '2025-11-17 10:14:10', '2025-11-17 10:14:10'),
(75, 3, 81.95, '2025-11-17 10:14:10', '2025-11-17 10:14:10'),
(75, 5, 98.84, '2025-11-17 10:14:10', '2025-11-17 10:14:10'),
(76, 1, 65.68, '2025-11-17 10:14:10', '2025-11-17 10:14:10'),
(76, 4, 80.73, '2025-11-17 10:14:10', '2025-11-17 10:14:10'),
(76, 5, 64.38, '2025-11-17 10:14:10', '2025-11-17 10:14:10'),
(77, 1, 95.77, '2025-11-17 10:14:10', '2025-11-17 10:14:10'),
(77, 2, 71.27, '2025-11-17 10:14:10', '2025-11-17 10:14:10'),
(77, 5, 76.33, '2025-11-17 10:14:10', '2025-11-17 10:14:10'),
(78, 1, 62.05, '2025-11-17 10:14:10', '2025-11-17 10:14:10'),
(78, 2, 68.98, '2025-11-17 10:14:10', '2025-11-17 10:14:10'),
(78, 3, 90.36, '2025-11-17 10:14:10', '2025-11-17 10:14:10'),
(79, 3, 70.68, '2025-11-17 10:14:10', '2025-11-17 10:14:10'),
(79, 4, 92.09, '2025-11-17 10:14:10', '2025-11-17 10:14:10'),
(79, 5, 94.15, '2025-11-17 10:14:10', '2025-11-17 10:14:10'),
(80, 2, 93.26, '2025-11-17 10:14:10', '2025-11-17 10:14:10'),
(80, 3, 64.23, '2025-11-17 10:14:10', '2025-11-17 10:14:10'),
(80, 5, 64.52, '2025-11-17 10:14:10', '2025-11-17 10:14:10'),
(81, 1, 71.86, '2025-11-17 10:14:10', '2025-11-17 10:14:10'),
(81, 2, 98.90, '2025-11-17 10:14:10', '2025-11-17 10:14:10'),
(81, 4, 90.52, '2025-11-17 10:14:10', '2025-11-17 10:14:10'),
(82, 2, 67.36, '2025-11-17 10:14:10', '2025-11-17 10:14:10'),
(82, 3, 76.07, '2025-11-17 10:14:10', '2025-11-17 10:14:10'),
(82, 5, 75.00, '2025-11-17 10:14:10', '2025-11-17 10:14:10'),
(83, 2, 85.32, '2025-11-17 10:14:10', '2025-11-17 10:14:10'),
(83, 3, 93.79, '2025-11-17 10:14:10', '2025-11-17 10:14:10'),
(83, 4, 75.13, '2025-11-17 10:14:10', '2025-11-17 10:14:10'),
(84, 1, 76.07, '2025-11-17 10:14:10', '2025-11-17 10:14:10'),
(84, 3, 65.14, '2025-11-17 10:14:10', '2025-11-17 10:14:10'),
(84, 5, 85.19, '2025-11-17 10:14:10', '2025-11-17 10:14:10'),
(85, 1, 99.54, '2025-11-17 10:14:10', '2025-11-17 10:14:10'),
(85, 3, 68.13, '2025-11-17 10:14:10', '2025-11-17 10:14:10'),
(85, 4, 89.37, '2025-11-17 10:14:10', '2025-11-17 10:14:10'),
(86, 1, 76.42, '2025-11-17 10:14:10', '2025-11-17 10:14:10'),
(86, 4, 68.91, '2025-11-17 10:14:10', '2025-11-17 10:14:10'),
(86, 5, 61.97, '2025-11-17 10:14:10', '2025-11-17 10:14:10'),
(87, 2, 86.26, '2025-11-17 10:14:10', '2025-11-17 10:14:10'),
(87, 3, 86.72, '2025-11-17 10:14:10', '2025-11-17 10:14:10'),
(87, 5, 94.97, '2025-11-17 10:14:10', '2025-11-17 10:14:10'),
(88, 1, 78.01, '2025-11-17 10:14:10', '2025-11-17 10:14:10'),
(88, 3, 75.55, '2025-11-17 10:14:10', '2025-11-17 10:14:10'),
(88, 5, 94.82, '2025-11-17 10:14:10', '2025-11-17 10:14:10'),
(89, 1, 96.80, '2025-11-17 10:14:10', '2025-11-17 10:14:10'),
(89, 3, 82.78, '2025-11-17 10:14:10', '2025-11-17 10:14:10'),
(89, 4, 77.08, '2025-11-17 10:14:10', '2025-11-17 10:14:10'),
(90, 1, 74.86, '2025-11-17 10:14:10', '2025-11-17 10:14:10'),
(90, 4, 94.38, '2025-11-17 10:14:10', '2025-11-17 10:14:10'),
(90, 5, 87.42, '2025-11-17 10:14:10', '2025-11-17 10:14:10'),
(91, 1, 80.65, '2025-11-17 10:14:10', '2025-11-17 10:14:10'),
(91, 2, 88.09, '2025-11-17 10:14:10', '2025-11-17 10:14:10'),
(91, 3, 73.23, '2025-11-17 10:14:10', '2025-11-17 10:14:10'),
(92, 1, 74.83, '2025-11-17 10:14:10', '2025-11-17 10:14:10'),
(92, 2, 65.37, '2025-11-17 10:14:10', '2025-11-17 10:14:10'),
(92, 4, 62.65, '2025-11-17 10:14:10', '2025-11-17 10:14:10'),
(93, 1, 70.19, '2025-11-17 10:14:10', '2025-11-17 10:14:10'),
(93, 4, 68.66, '2025-11-17 10:14:10', '2025-11-17 10:14:10'),
(93, 5, 61.46, '2025-11-17 10:14:10', '2025-11-17 10:14:10'),
(94, 2, 79.09, '2025-11-17 10:14:10', '2025-11-17 10:14:10'),
(94, 3, 90.61, '2025-11-17 10:14:10', '2025-11-17 10:14:10'),
(94, 5, 75.70, '2025-11-17 10:14:10', '2025-11-17 10:14:10'),
(95, 1, 65.13, '2025-11-17 10:14:10', '2025-11-17 10:14:10'),
(95, 2, 80.87, '2025-11-17 10:14:10', '2025-11-17 10:14:10'),
(95, 5, 61.20, '2025-11-17 10:14:10', '2025-11-17 10:14:10'),
(96, 1, 92.84, '2025-11-17 10:14:10', '2025-11-17 10:14:10'),
(96, 2, 87.79, '2025-11-17 10:14:10', '2025-11-17 10:14:10'),
(96, 3, 85.80, '2025-11-17 10:14:10', '2025-11-17 10:14:10'),
(97, 1, 96.31, '2025-11-17 10:14:10', '2025-11-17 10:14:10'),
(97, 3, 85.51, '2025-11-17 10:14:10', '2025-11-17 10:14:10'),
(97, 4, 96.82, '2025-11-17 10:14:10', '2025-11-17 10:14:10'),
(98, 1, 78.23, '2025-11-17 10:14:10', '2025-11-17 10:14:10'),
(98, 2, 63.39, '2025-11-17 10:14:10', '2025-11-17 10:14:10'),
(98, 5, 64.54, '2025-11-17 10:14:10', '2025-11-17 10:14:10'),
(99, 1, 74.22, '2025-11-17 10:14:10', '2025-11-17 10:14:10'),
(99, 2, 99.28, '2025-11-17 10:14:10', '2025-11-17 10:14:10'),
(99, 4, 72.27, '2025-11-17 10:14:10', '2025-11-17 10:14:10'),
(100, 1, 74.49, '2025-11-17 10:14:10', '2025-11-17 10:14:10'),
(100, 2, 60.42, '2025-11-17 10:14:10', '2025-11-17 10:14:10'),
(100, 5, 95.37, '2025-11-17 10:14:10', '2025-11-17 10:14:10'),
(101, 1, 90.38, '2025-11-17 10:14:10', '2025-11-17 10:14:10'),
(101, 3, 71.13, '2025-11-17 10:14:10', '2025-11-17 10:14:10'),
(101, 4, 66.28, '2025-11-17 10:14:10', '2025-11-17 10:14:10'),
(102, 3, 82.00, '2025-11-17 10:14:10', '2025-11-17 10:14:10'),
(102, 4, 67.14, '2025-11-17 10:14:10', '2025-11-17 10:14:10'),
(102, 5, 91.44, '2025-11-17 10:14:10', '2025-11-17 10:14:10'),
(103, 1, 86.58, '2025-11-17 10:14:10', '2025-11-17 10:14:10'),
(103, 2, 89.18, '2025-11-17 10:14:10', '2025-11-17 10:14:10'),
(103, 5, 96.76, '2025-11-17 10:14:10', '2025-11-17 10:14:10'),
(104, 3, 75.08, '2025-11-17 10:14:10', '2025-11-17 10:14:10'),
(104, 4, 81.01, '2025-11-17 10:14:10', '2025-11-17 10:14:10'),
(104, 5, 95.58, '2025-11-17 10:14:10', '2025-11-17 10:14:10'),
(105, 3, 98.64, '2025-11-17 10:14:10', '2025-11-17 10:14:10'),
(105, 4, 77.61, '2025-11-17 10:14:10', '2025-11-17 10:14:10'),
(105, 5, 84.02, '2025-11-17 10:14:10', '2025-11-17 10:14:10'),
(106, 1, 85.81, '2025-11-17 10:14:10', '2025-11-17 10:14:10'),
(106, 2, 93.18, '2025-11-17 10:14:10', '2025-11-17 10:14:10'),
(106, 5, 68.85, '2025-11-17 10:14:10', '2025-11-17 10:14:10');

-- --------------------------------------------------------

--
-- Table structure for table `subjects`
--

CREATE TABLE `subjects` (
  `id` bigint UNSIGNED NOT NULL,
  `name` varchar(255) COLLATE utf8mb4_unicode_ci NOT NULL,
  `code` varchar(255) COLLATE utf8mb4_unicode_ci NOT NULL,
  `department_id` bigint UNSIGNED DEFAULT NULL,
  `description` text COLLATE utf8mb4_unicode_ci,
  `credit_hours` int NOT NULL DEFAULT '1',
  `created_at` timestamp NULL DEFAULT NULL,
  `updated_at` timestamp NULL DEFAULT NULL,
  `deleted_at` timestamp NULL DEFAULT NULL
) ENGINE=InnoDB DEFAULT CHARSET=utf8mb4 COLLATE=utf8mb4_unicode_ci;

--
-- Dumping data for table `subjects`
--

INSERT INTO `subjects` (`id`, `name`, `code`, `department_id`, `description`, `credit_hours`, `created_at`, `updated_at`, `deleted_at`) VALUES
(1, 'Introduction to Programming', 'CS101', 2, 'Introduction to Programming course description.', 3, '2025-11-17 10:14:10', '2025-11-17 10:14:10', NULL),
(2, 'Data Structures', 'CS202', 2, 'Data Structures course description.', 4, '2025-11-17 10:14:10', '2025-11-17 10:14:10', NULL),
(3, 'British Literature', 'ENGL250', 5, 'British Literature course description.', 3, '2025-11-17 10:14:10', '2025-11-17 10:14:10', NULL),
(4, 'Creative Writing', 'ENGL301', 1, 'Creative Writing course description.', 3, '2025-11-17 10:14:10', '2025-11-17 10:14:10', NULL),
(5, 'Calculus I', 'MATH150', 2, 'Calculus I course description.', 4, '2025-11-17 10:14:10', '2025-11-17 10:14:10', NULL);

-- --------------------------------------------------------

--
-- Table structure for table `teacher_subject`
--

CREATE TABLE `teacher_subject` (
  `teacher_id` bigint UNSIGNED NOT NULL,
  `subject_id` bigint UNSIGNED NOT NULL,
  `created_at` timestamp NULL DEFAULT NULL,
  `updated_at` timestamp NULL DEFAULT NULL
) ENGINE=InnoDB DEFAULT CHARSET=utf8mb4 COLLATE=utf8mb4_unicode_ci;

-- --------------------------------------------------------

--
-- Table structure for table `users`
--

CREATE TABLE `users` (
  `id` bigint UNSIGNED NOT NULL,
  `name` varchar(255) COLLATE utf8mb4_unicode_ci NOT NULL,
  `email` varchar(255) COLLATE utf8mb4_unicode_ci NOT NULL,
  `email_verified_at` timestamp NULL DEFAULT NULL,
  `password` varchar(255) COLLATE utf8mb4_unicode_ci NOT NULL,
  `phone` varchar(255) COLLATE utf8mb4_unicode_ci DEFAULT NULL,
  `address` text COLLATE utf8mb4_unicode_ci,
  `date_of_birth` date DEFAULT NULL,
  `gender` enum('male','female','other') COLLATE utf8mb4_unicode_ci DEFAULT 'male',
  `department_id` bigint UNSIGNED DEFAULT NULL,
  `joining_date` date DEFAULT NULL,
  `qualification` varchar(255) COLLATE utf8mb4_unicode_ci DEFAULT NULL,
  `experience` varchar(255) COLLATE utf8mb4_unicode_ci DEFAULT NULL,
  `specialization` text COLLATE utf8mb4_unicode_ci,
  `salary` decimal(10,2) DEFAULT NULL,
  `cv` varchar(255) COLLATE utf8mb4_unicode_ci DEFAULT NULL,
  `blood_group` varchar(255) COLLATE utf8mb4_unicode_ci DEFAULT NULL,
  `nationality` varchar(255) COLLATE utf8mb4_unicode_ci DEFAULT NULL,
  `religion` varchar(255) COLLATE utf8mb4_unicode_ci DEFAULT NULL,
  `admission_date` date DEFAULT NULL,
  `occupation` varchar(255) COLLATE utf8mb4_unicode_ci DEFAULT NULL,
  `company` varchar(255) COLLATE utf8mb4_unicode_ci DEFAULT NULL,
  `avatar` varchar(255) COLLATE utf8mb4_unicode_ci DEFAULT NULL,
  `remember_token` varchar(100) COLLATE utf8mb4_unicode_ci DEFAULT NULL,
  `created_at` timestamp NULL DEFAULT NULL,
  `updated_at` timestamp NULL DEFAULT NULL,
  `deleted_at` timestamp NULL DEFAULT NULL
) ENGINE=InnoDB DEFAULT CHARSET=utf8mb4 COLLATE=utf8mb4_unicode_ci;

--
-- Dumping data for table `users`
--

INSERT INTO `users` (`id`, `name`, `email`, `email_verified_at`, `password`, `phone`, `address`, `date_of_birth`, `gender`, `department_id`, `joining_date`, `qualification`, `experience`, `specialization`, `salary`, `cv`, `blood_group`, `nationality`, `religion`, `admission_date`, `occupation`, `company`, `avatar`, `remember_token`, `created_at`, `updated_at`, `deleted_at`) VALUES
(1, 'Admin User', 'admin@example.com', '2025-11-17 10:13:49', '$2y$12$5tXLSqfOY/syruIvEjfViOQ5Hu5LX00e7iiMwygPie.4Zf2r.JQPW', NULL, NULL, NULL, 'male', NULL, NULL, NULL, NULL, NULL, NULL, NULL, NULL, NULL, NULL, NULL, NULL, NULL, NULL, NULL, '2025-11-17 10:13:49', '2025-11-17 10:13:49', NULL),
(2, 'Dr. Aubree Stamm III', 'teacher0@example.com', '2025-11-17 10:13:49', '$2y$12$nwhivGxEGGwvxExxG/gmM.e4ZJta8wbWHWljN2IxRBkPYt7Xim23u', NULL, NULL, NULL, 'female', 4, '2011-06-17', 'Bachelor', '5 years', 'Literature', 79209.54, NULL, NULL, NULL, NULL, NULL, NULL, NULL, NULL, NULL, '2025-11-17 10:13:49', '2025-11-17 10:13:49', NULL),
(3, 'Kaden Weissnat', 'teacher1@example.com', '2025-11-17 10:13:49', '$2y$12$liB6WqY/7BSNfHcOnDIju.yNbaj/aXlxAFfHTODgZAlCdst7LqnRa', NULL, NULL, NULL, 'male', 1, '2008-11-19', 'Master', '3 years', 'Literature', 71747.98, NULL, NULL, NULL, NULL, NULL, NULL, NULL, NULL, NULL, '2025-11-17 10:13:49', '2025-11-17 10:13:49', NULL),
(4, 'Dr. Ellie Block', 'teacher2@example.com', '2025-11-17 10:13:50', '$2y$12$tFctLOUYURHoDlq0aPJjleoRtFFWxLELIWxqyE.O3tiQF3fFkAnEy', NULL, NULL, NULL, 'female', 2, '1970-05-11', 'Master', '5 years', 'Math', 49698.72, NULL, NULL, NULL, NULL, NULL, NULL, NULL, NULL, NULL, '2025-11-17 10:13:50', '2025-11-17 10:13:50', NULL),
(5, 'Tyrese Hahn', 'teacher3@example.com', '2025-11-17 10:13:50', '$2y$12$7TJuBke66Z34p5yKyN6Em.uKfYF/T9gtKmK/X/Y/u2.wczt4RgL1C', NULL, NULL, NULL, 'male', 4, '1990-10-17', 'PhD', '3 years', 'Science', 55377.57, NULL, NULL, NULL, NULL, NULL, NULL, NULL, NULL, NULL, '2025-11-17 10:13:50', '2025-11-17 10:13:50', NULL),
(6, 'Esmeralda Klocko', 'teacher4@example.com', '2025-11-17 10:13:50', '$2y$12$W.BQNsd3nDg4NpwesoaGc.uFCyvTN0XrivnHgmTOo0Z5WQ6n01acG', NULL, NULL, NULL, 'female', 4, '2002-10-18', 'Master', '5 years', 'Science', 78053.12, NULL, NULL, NULL, NULL, NULL, NULL, NULL, NULL, NULL, '2025-11-17 10:13:50', '2025-11-17 10:13:50', NULL),
(7, 'Dr. Marcus Raynor DVM', 'student0@example.com', '2025-11-17 10:13:50', '$2y$12$ptljntOsHoqJQ4xYKY2umOaTppezPCHhst.6JNlj22xs45LJtwf9q', NULL, NULL, NULL, 'male', NULL, NULL, NULL, NULL, NULL, NULL, NULL, 'AB+', 'Burundi', 'Buddhism', '1987-08-08', NULL, NULL, NULL, NULL, '2025-11-17 10:13:50', '2025-11-17 10:13:50', NULL),
(8, 'Brionna Lemke', 'student1@example.com', '2025-11-17 10:13:50', '$2y$12$Ze6QCFFJhkcNqM6pNayvtuRjiFcpy7G3M50Gx9h5vkddVwdP0BBBe', NULL, NULL, NULL, 'female', NULL, NULL, NULL, NULL, NULL, NULL, NULL, 'AB+', 'Northern Mariana Islands', 'Hinduism', '1989-02-20', NULL, NULL, NULL, NULL, '2025-11-17 10:13:50', '2025-11-17 10:13:50', NULL),
(9, 'Dr. Jena Sawayn', 'student2@example.com', '2025-11-17 10:13:51', '$2y$12$LBbtPkH/wOK95dP8Jq6lhuY6eYiQX601RekvrjKFV1qk9dDeE.CaW', NULL, NULL, NULL, 'female', NULL, NULL, NULL, NULL, NULL, NULL, NULL, 'O+', 'Zimbabwe', 'Islam', '1990-06-25', NULL, NULL, NULL, NULL, '2025-11-17 10:13:51', '2025-11-17 10:13:51', NULL),
(10, 'Dr. Tommie Zboncak DVM', 'student3@example.com', '2025-11-17 10:13:51', '$2y$12$K/D4eGUR7zGlW9Jkf/qyLeToSsVdyXrEspFLJBBzftaXe7Rh/GIRO', NULL, NULL, NULL, 'male', NULL, NULL, NULL, NULL, NULL, NULL, NULL, 'AB+', 'Albania', 'Hinduism', '1986-11-09', NULL, NULL, NULL, NULL, '2025-11-17 10:13:51', '2025-11-17 10:13:51', NULL),
(11, 'Jaylin McClure', 'student4@example.com', '2025-11-17 10:13:51', '$2y$12$RjMsSiBVuMOfmG4pI/K4leuTEKa.9neCw2HsBFnpZuC2NaecOnP7O', NULL, NULL, NULL, 'male', NULL, NULL, NULL, NULL, NULL, NULL, NULL, 'B+', 'Saint Pierre and Miquelon', 'Buddhism', '1991-06-12', NULL, NULL, NULL, NULL, '2025-11-17 10:13:51', '2025-11-17 10:13:51', NULL),
(12, 'Alf Boyer', 'student5@example.com', '2025-11-17 10:13:51', '$2y$12$JlmNujJx51zLDnUIrHsh4O8HM/7EbqRHLk1zqZA5zVc.2mmhYNk4a', NULL, NULL, NULL, 'male', NULL, NULL, NULL, NULL, NULL, NULL, NULL, 'B+', 'Belgium', 'Hinduism', '2021-02-23', NULL, NULL, NULL, NULL, '2025-11-17 10:13:51', '2025-11-17 10:13:51', NULL),
(13, 'Prof. Sydni Huels', 'student6@example.com', '2025-11-17 10:13:51', '$2y$12$REzJ30ebQcsKMhIz1td65.6FEqBn91EiJrPJuLjqJibkZhRajEILK', NULL, NULL, NULL, 'female', NULL, NULL, NULL, NULL, NULL, NULL, NULL, 'AB+', 'Brazil', 'Christianity', '1993-09-03', NULL, NULL, NULL, NULL, '2025-11-17 10:13:51', '2025-11-17 10:13:51', NULL),
(14, 'Layne Little', 'student7@example.com', '2025-11-17 10:13:52', '$2y$12$05fdc1IxJyaVb4Ux1Y/qau9NyTNfmqwWqWpaiNRCdPU9Ju76DPvWG', NULL, NULL, NULL, 'male', NULL, NULL, NULL, NULL, NULL, NULL, NULL, 'O+', 'Zimbabwe', 'Christianity', '1977-04-20', NULL, NULL, NULL, NULL, '2025-11-17 10:13:52', '2025-11-17 10:13:52', NULL),
(15, 'Kraig Wilkinson', 'student8@example.com', '2025-11-17 10:13:52', '$2y$12$bWMQPhSw4JAvzwxsmQjauuNB0h4KmRQy5XIjVNaa1P6SY0fGSpHBO', NULL, NULL, NULL, 'male', NULL, NULL, NULL, NULL, NULL, NULL, NULL, 'AB+', 'Croatia', 'Buddhism', '1971-03-08', NULL, NULL, NULL, NULL, '2025-11-17 10:13:52', '2025-11-17 10:13:52', NULL),
(16, 'Mrs. Margie Stehr', 'student9@example.com', '2025-11-17 10:13:52', '$2y$12$fJ3OBYX/ZMKYHB1PnvTTcuu2Q.ncPHha/vZBWKAhcvMIieX3vxsOy', NULL, NULL, NULL, 'female', NULL, NULL, NULL, NULL, NULL, NULL, NULL, 'O+', 'Sao Tome and Principe', 'Islam', '2012-02-28', NULL, NULL, NULL, NULL, '2025-11-17 10:13:52', '2025-11-17 10:13:52', NULL),
(17, 'Dr. Cristina Jones DDS', 'student10@example.com', '2025-11-17 10:13:52', '$2y$12$/YhktPu0.vd56pKhTY3B9u.E4S.YtjUs1xZ98v81YwdyI5bR2z4rO', NULL, NULL, NULL, 'male', NULL, NULL, NULL, NULL, NULL, NULL, NULL, 'O+', 'Norway', 'Buddhism', '2025-10-06', NULL, NULL, NULL, NULL, '2025-11-17 10:13:52', '2025-11-17 10:13:52', NULL),
(18, 'Dr. Cleora Abbott Sr.', 'student11@example.com', '2025-11-17 10:13:52', '$2y$12$iE/pGjLB0FL7a.NhRdXIfewRcwkY4SMoYYSMmZjgKHgFhVyd6.LvC', NULL, NULL, NULL, 'female', NULL, NULL, NULL, NULL, NULL, NULL, NULL, 'A+', 'Tanzania', 'Buddhism', '1974-11-19', NULL, NULL, NULL, NULL, '2025-11-17 10:13:53', '2025-11-17 10:13:53', NULL),
(19, 'Lavern Huel DVM', 'student12@example.com', '2025-11-17 10:13:53', '$2y$12$VCQ9lFqYEa2QBAV1Ji03kOsDHyj/NdinFZlZwzQ2pF2ukmHxmCWOW', NULL, NULL, NULL, 'male', NULL, NULL, NULL, NULL, NULL, NULL, NULL, 'AB+', 'Brunei Darussalam', 'Buddhism', '2018-04-22', NULL, NULL, NULL, NULL, '2025-11-17 10:13:53', '2025-11-17 10:13:53', NULL),
(20, 'Elnora Littel', 'student13@example.com', '2025-11-17 10:13:53', '$2y$12$8vuJ5I6PFo.ydKPe5jSHf.7Lof7taMrxofM2jBrsG6f7SHfUiheAG', NULL, NULL, NULL, 'female', NULL, NULL, NULL, NULL, NULL, NULL, NULL, 'O+', 'Cote d\'Ivoire', 'Christianity', '2017-02-07', NULL, NULL, NULL, NULL, '2025-11-17 10:13:53', '2025-11-17 10:13:53', NULL),
(21, 'Chris Gibson', 'student14@example.com', '2025-11-17 10:13:53', '$2y$12$Dw3ae7QMT8c7c8dfjN2TTOVTteWk88uVcqpi0vmHm1ubHo1eSsxlG', NULL, NULL, NULL, 'male', NULL, NULL, NULL, NULL, NULL, NULL, NULL, 'AB+', 'Uzbekistan', 'Islam', '1994-08-02', NULL, NULL, NULL, NULL, '2025-11-17 10:13:53', '2025-11-17 10:13:53', NULL),
(22, 'Keith Collins', 'student15@example.com', '2025-11-17 10:13:53', '$2y$12$Kv36BFRmSA6KmG4aizjCw.PVHwfPXjQelXFJ5zz0VMOiw3royRJPS', NULL, NULL, NULL, 'male', NULL, NULL, NULL, NULL, NULL, NULL, NULL, 'A+', 'Tanzania', 'Islam', '2005-05-17', NULL, NULL, NULL, NULL, '2025-11-17 10:13:53', '2025-11-17 10:13:53', NULL),
(23, 'Emilie Stamm', 'student16@example.com', '2025-11-17 10:13:54', '$2y$12$.0cqjp4Oa47vapOlaX.1GuhNIcIMKiFrlSldcFWuaPquQjRHJz1tW', NULL, NULL, NULL, 'female', NULL, NULL, NULL, NULL, NULL, NULL, NULL, 'A+', 'Uganda', 'Christianity', '2024-04-05', NULL, NULL, NULL, NULL, '2025-11-17 10:13:54', '2025-11-17 10:13:54', NULL),
(24, 'Magdalen Tromp', 'student17@example.com', '2025-11-17 10:13:54', '$2y$12$d1HEagvGabXHdKn7pND8G.6ls13UrjZ.FUyABIriJJaCACRA4XDoK', NULL, NULL, NULL, 'female', NULL, NULL, NULL, NULL, NULL, NULL, NULL, 'AB+', 'Guadeloupe', 'Christianity', '1978-12-16', NULL, NULL, NULL, NULL, '2025-11-17 10:13:54', '2025-11-17 10:13:54', NULL),
(25, 'Irma Wuckert', 'student18@example.com', '2025-11-17 10:13:54', '$2y$12$BgM.acfgdj3xlo3UQty37Ojq/uJZLpl5JzrWgm6y/s.WUsSf3K0KO', NULL, NULL, NULL, 'female', NULL, NULL, NULL, NULL, NULL, NULL, NULL, 'O+', 'Niue', 'Hinduism', '2000-09-14', NULL, NULL, NULL, NULL, '2025-11-17 10:13:54', '2025-11-17 10:13:54', NULL),
(26, 'Marco Tromp', 'student19@example.com', '2025-11-17 10:13:54', '$2y$12$BfBlHzOv1c1WaU49QxitZ.CiY/BK/3iNInWAZCkWhMwNQcqk1QaZy', NULL, NULL, NULL, 'male', NULL, NULL, NULL, NULL, NULL, NULL, NULL, 'B+', 'Lithuania', 'Buddhism', '1998-12-14', NULL, NULL, NULL, NULL, '2025-11-17 10:13:54', '2025-11-17 10:13:54', NULL),
(27, 'Prof. Chelsey Konopelski', 'student20@example.com', '2025-11-17 10:13:54', '$2y$12$KHs59kW9ZMjyBhB/UaYkg.ux0C2C6p/NTDArf/eEVhTlW32Tqbaa6', NULL, NULL, NULL, 'male', NULL, NULL, NULL, NULL, NULL, NULL, NULL, 'AB+', 'French Guiana', 'Islam', '1971-06-05', NULL, NULL, NULL, NULL, '2025-11-17 10:13:54', '2025-11-17 10:13:54', NULL),
(28, 'Tania Frami', 'student21@example.com', '2025-11-17 10:13:55', '$2y$12$E8IXyXyhe82V1OR.nyC5b.AowywvHmkCQ.nuueFA6fRYF2KdOY.NO', NULL, NULL, NULL, 'female', NULL, NULL, NULL, NULL, NULL, NULL, NULL, 'O+', 'Romania', 'Buddhism', '2004-11-06', NULL, NULL, NULL, NULL, '2025-11-17 10:13:55', '2025-11-17 10:13:55', NULL),
(29, 'Dahlia Rice', 'student22@example.com', '2025-11-17 10:13:55', '$2y$12$Qv/kUnyTES.N0dNSJ8pUWe0kTdYRoznGjrZgkc2tBIpvypnlSefSq', NULL, NULL, NULL, 'female', NULL, NULL, NULL, NULL, NULL, NULL, NULL, 'AB+', 'Australia', 'Buddhism', '2011-01-03', NULL, NULL, NULL, NULL, '2025-11-17 10:13:55', '2025-11-17 10:13:55', NULL),
(30, 'Myriam Skiles', 'student23@example.com', '2025-11-17 10:13:55', '$2y$12$R/GhNqZb/WuE.k.ww.q09.WJD6hOV444NRNvwxmYH7WaWwbA0eMSC', NULL, NULL, NULL, 'female', NULL, NULL, NULL, NULL, NULL, NULL, NULL, 'A+', 'Gambia', 'Islam', '2011-04-17', NULL, NULL, NULL, NULL, '2025-11-17 10:13:55', '2025-11-17 10:13:55', NULL),
(31, 'Dr. Raymundo Berge DDS', 'student24@example.com', '2025-11-17 10:13:55', '$2y$12$ZmK5q1T53vhxXhpdNJjfXeaoGTUrsdl48OJKkuFdB/TAtheEbBv7u', NULL, NULL, NULL, 'male', NULL, NULL, NULL, NULL, NULL, NULL, NULL, 'A+', 'Macao', 'Islam', '2002-02-21', NULL, NULL, NULL, NULL, '2025-11-17 10:13:55', '2025-11-17 10:13:55', NULL),
(32, 'Cristal Parker', 'student25@example.com', '2025-11-17 10:13:55', '$2y$12$449r7FDQWkae3roYEgg65eu5somTschuOSo1vsydRodaox3QN0Px6', NULL, NULL, NULL, 'female', NULL, NULL, NULL, NULL, NULL, NULL, NULL, 'O+', 'Belize', 'Hinduism', '1970-08-22', NULL, NULL, NULL, NULL, '2025-11-17 10:13:55', '2025-11-17 10:13:55', NULL),
(33, 'Prof. Javonte Gerhold', 'student26@example.com', '2025-11-17 10:13:56', '$2y$12$iwygdJH2fjt58EOYBwBFvebvCKj4orWEpFJFyMHo8/3BdyJkrMXzq', NULL, NULL, NULL, 'male', NULL, NULL, NULL, NULL, NULL, NULL, NULL, 'AB+', 'Honduras', 'Christianity', '1983-01-20', NULL, NULL, NULL, NULL, '2025-11-17 10:13:56', '2025-11-17 10:13:56', NULL),
(34, 'Prof. Quentin Swift III', 'student27@example.com', '2025-11-17 10:13:56', '$2y$12$5tXnLkIi0Ug53pXnA0gsFOekXolcdgd1COCIR048ivVJzg9Xurq8O', NULL, NULL, NULL, 'male', NULL, NULL, NULL, NULL, NULL, NULL, NULL, 'AB+', 'Cayman Islands', 'Buddhism', '1979-04-11', NULL, NULL, NULL, NULL, '2025-11-17 10:13:56', '2025-11-17 10:13:56', NULL),
(35, 'Lukas Casper Sr.', 'student28@example.com', '2025-11-17 10:13:56', '$2y$12$sDAIPNNSTbgV95AdEbKai.32ZO4RU/QCnDyZ8lHpOO0Ovm1.z8Mla', NULL, NULL, NULL, 'male', NULL, NULL, NULL, NULL, NULL, NULL, NULL, 'O+', 'Monaco', 'Buddhism', '1974-04-02', NULL, NULL, NULL, NULL, '2025-11-17 10:13:56', '2025-11-17 10:13:56', NULL),
(36, 'Louie Dietrich PhD', 'student29@example.com', '2025-11-17 10:13:56', '$2y$12$IFSO.ZJRbW59Q9DuGF0asugl3ixgmHnoBdrmUup3a/J9r2BGgZ/HS', NULL, NULL, NULL, 'male', NULL, NULL, NULL, NULL, NULL, NULL, NULL, 'B+', 'Hong Kong', 'Buddhism', '1994-09-16', NULL, NULL, NULL, NULL, '2025-11-17 10:13:56', '2025-11-17 10:13:56', NULL),
(37, 'Ms. Eleanore Kshlerin', 'student30@example.com', '2025-11-17 10:13:56', '$2y$12$3rWhqlO1qvSlXAbBu86iHu48PRgZUiH2Znff/TC1a1YM/zNha4NoO', NULL, NULL, NULL, 'female', NULL, NULL, NULL, NULL, NULL, NULL, NULL, 'AB+', 'Isle of Man', 'Islam', '2000-03-08', NULL, NULL, NULL, NULL, '2025-11-17 10:13:56', '2025-11-17 10:13:56', NULL),
(38, 'Arielle Wiza', 'student31@example.com', '2025-11-17 10:13:57', '$2y$12$6JOisGp89hlSAy3EsaEpleZJ4MHdSLpC5uwkFCdlzfasYymSkAsVu', NULL, NULL, NULL, 'female', NULL, NULL, NULL, NULL, NULL, NULL, NULL, 'AB+', 'Malawi', 'Christianity', '1979-05-30', NULL, NULL, NULL, NULL, '2025-11-17 10:13:57', '2025-11-17 10:13:57', NULL),
(39, 'Corrine Hilpert', 'student32@example.com', '2025-11-17 10:13:57', '$2y$12$KC8ZmF1IDO9Eg6pOg14Q6OL.NVo719/dE36axEmSYv3UUNQ.H54aW', NULL, NULL, NULL, 'female', NULL, NULL, NULL, NULL, NULL, NULL, NULL, 'AB+', 'Norfolk Island', 'Islam', '1989-05-25', NULL, NULL, NULL, NULL, '2025-11-17 10:13:57', '2025-11-17 10:13:57', NULL),
(40, 'Felipa Mohr', 'student33@example.com', '2025-11-17 10:13:57', '$2y$12$AiZp2hEM10TvlJHmOiFX4..H8EfiajsNFK/zQF7MnKG.lclhUSiuW', NULL, NULL, NULL, 'female', NULL, NULL, NULL, NULL, NULL, NULL, NULL, 'A+', 'Moldova', 'Hinduism', '2006-10-17', NULL, NULL, NULL, NULL, '2025-11-17 10:13:57', '2025-11-17 10:13:57', NULL),
(41, 'Dominic Gulgowski DDS', 'student34@example.com', '2025-11-17 10:13:57', '$2y$12$pti0n820sy4RchpaQIRsMOxUpJsVHcMUR3Xp1Wr5keL9ICRmMGDMW', NULL, NULL, NULL, 'male', NULL, NULL, NULL, NULL, NULL, NULL, NULL, 'A+', 'Uganda', 'Buddhism', '2016-05-02', NULL, NULL, NULL, NULL, '2025-11-17 10:13:57', '2025-11-17 10:13:57', NULL),
(42, 'Magnolia Wunsch', 'student35@example.com', '2025-11-17 10:13:57', '$2y$12$B53evLOnM9YmIEEba4DCL.cP0IQ9RzEILHzjQqF0YeDLcww.FTIJC', NULL, NULL, NULL, 'female', NULL, NULL, NULL, NULL, NULL, NULL, NULL, 'A+', 'Palau', 'Islam', '1990-12-03', NULL, NULL, NULL, NULL, '2025-11-17 10:13:57', '2025-11-17 10:13:57', NULL),
(43, 'Josiane Walter', 'student36@example.com', '2025-11-17 10:13:58', '$2y$12$wXTfBfYUSGM5V.YuGfIRjuH6MydIKAcmTYqNn85tXMyLC9IH/WnsK', NULL, NULL, NULL, 'female', NULL, NULL, NULL, NULL, NULL, NULL, NULL, 'A+', 'Greenland', 'Hinduism', '2025-02-08', NULL, NULL, NULL, NULL, '2025-11-17 10:13:58', '2025-11-17 10:13:58', NULL),
(44, 'Alberto Torp', 'student37@example.com', '2025-11-17 10:13:58', '$2y$12$nf6x4q5C5A2Ptm6DKJlbA.DQN6i/yQt6m8f/9PZjiAtijAj3w4CTm', NULL, NULL, NULL, 'male', NULL, NULL, NULL, NULL, NULL, NULL, NULL, 'AB+', 'Tokelau', 'Christianity', '1997-09-02', NULL, NULL, NULL, NULL, '2025-11-17 10:13:58', '2025-11-17 10:13:58', NULL),
(45, 'Celestino Doyle', 'student38@example.com', '2025-11-17 10:13:58', '$2y$12$UxNlKkRSU0VDYVGUNYhbFeIf2FOd0gV.W8r1LvXMm1/LCh7rFShne', NULL, NULL, NULL, 'male', NULL, NULL, NULL, NULL, NULL, NULL, NULL, 'O+', 'Equatorial Guinea', 'Buddhism', '1994-05-11', NULL, NULL, NULL, NULL, '2025-11-17 10:13:58', '2025-11-17 10:13:58', NULL),
(46, 'Rosie Breitenberg II', 'student39@example.com', '2025-11-17 10:13:58', '$2y$12$3ztwa1ehHjOxHCXRiSGXcOtNpzMRkS11.eSajqkHkjEnskdWPi7LC', NULL, NULL, NULL, 'female', NULL, NULL, NULL, NULL, NULL, NULL, NULL, 'AB+', 'Honduras', 'Hinduism', '1993-06-04', NULL, NULL, NULL, NULL, '2025-11-17 10:13:58', '2025-11-17 10:13:58', NULL),
(47, 'Art Hayes Sr.', 'student40@example.com', '2025-11-17 10:13:58', '$2y$12$hYzwSY5aOzYPz5qPksnQ2uVeDjcVyGPu61AzD0AYCJmDb6WpU1rlu', NULL, NULL, NULL, 'male', NULL, NULL, NULL, NULL, NULL, NULL, NULL, 'O+', 'Mayotte', 'Islam', '2017-06-09', NULL, NULL, NULL, NULL, '2025-11-17 10:13:58', '2025-11-17 10:13:58', NULL),
(48, 'Mr. Linwood D\'Amore I', 'student41@example.com', '2025-11-17 10:13:59', '$2y$12$.zPIixN/sCYtZbt9dCeH5u6TrsU5j07au57hV6uhZqVzlAxoGChbe', NULL, NULL, NULL, 'male', NULL, NULL, NULL, NULL, NULL, NULL, NULL, 'O+', 'Tunisia', 'Hinduism', '2008-03-25', NULL, NULL, NULL, NULL, '2025-11-17 10:13:59', '2025-11-17 10:13:59', NULL),
(49, 'Mr. Kyler Moore', 'student42@example.com', '2025-11-17 10:13:59', '$2y$12$O/2mjUt0Eo4G3rW8o0M43uVCjCHhdWA8bof8uGsJaAYu83YyK/Qyq', NULL, NULL, NULL, 'male', NULL, NULL, NULL, NULL, NULL, NULL, NULL, 'O+', 'Liechtenstein', 'Hinduism', '1991-09-29', NULL, NULL, NULL, NULL, '2025-11-17 10:13:59', '2025-11-17 10:13:59', NULL),
(50, 'Beatrice Cummings', 'student43@example.com', '2025-11-17 10:13:59', '$2y$12$YIFA1t61eir8iiO29CMT8emI3yayT8rrLN8toZi.sycKJUHxfAfEa', NULL, NULL, NULL, 'female', NULL, NULL, NULL, NULL, NULL, NULL, NULL, 'A+', 'Turkmenistan', 'Christianity', '2014-11-14', NULL, NULL, NULL, NULL, '2025-11-17 10:13:59', '2025-11-17 10:13:59', NULL),
(51, 'Kailyn Cartwright', 'student44@example.com', '2025-11-17 10:13:59', '$2y$12$qIWOq4f.idmyHJFWurzmXOkQTM4GQfElyp/ad9LVPQcnB/ROmV2Ci', NULL, NULL, NULL, 'female', NULL, NULL, NULL, NULL, NULL, NULL, NULL, 'AB+', 'Russian Federation', 'Christianity', '2003-01-12', NULL, NULL, NULL, NULL, '2025-11-17 10:13:59', '2025-11-17 10:13:59', NULL),
(52, 'Ms. Heaven Fay IV', 'student45@example.com', '2025-11-17 10:13:59', '$2y$12$aWzYrh4TCYuJatRD.jgKXegFb9R.hmc7A2QVGxJvrfyQ8p4Qmv7FK', NULL, NULL, NULL, 'female', NULL, NULL, NULL, NULL, NULL, NULL, NULL, 'B+', 'United Kingdom', 'Buddhism', '1984-04-11', NULL, NULL, NULL, NULL, '2025-11-17 10:13:59', '2025-11-17 10:13:59', NULL),
(53, 'Mrs. Maggie Hand', 'student46@example.com', '2025-11-17 10:14:00', '$2y$12$H7C0IjVub7W9AMK5jQTgOee.i.BB/WF/IL2xLb2B1uF55KHi3vNSG', NULL, NULL, NULL, 'female', NULL, NULL, NULL, NULL, NULL, NULL, NULL, 'AB+', 'Turkmenistan', 'Christianity', '2001-05-23', NULL, NULL, NULL, NULL, '2025-11-17 10:14:00', '2025-11-17 10:14:00', NULL),
(54, 'Prof. Colby Gibson', 'student47@example.com', '2025-11-17 10:14:00', '$2y$12$KI.20V7Q/CA0elGiWTkpautyR9abxlVgR7Fc9sicFuFiF5tg6c1eK', NULL, NULL, NULL, 'male', NULL, NULL, NULL, NULL, NULL, NULL, NULL, 'AB+', 'Bahamas', 'Buddhism', '2014-07-14', NULL, NULL, NULL, NULL, '2025-11-17 10:14:00', '2025-11-17 10:14:00', NULL),
(55, 'Martina Okuneva', 'student48@example.com', '2025-11-17 10:14:00', '$2y$12$mU2kVvIIWtPYZsikC8RSZuO1P4E49YIozh25T8DyMATvi8v9hjNPS', NULL, NULL, NULL, 'female', NULL, NULL, NULL, NULL, NULL, NULL, NULL, 'O+', 'Liberia', 'Islam', '2000-12-03', NULL, NULL, NULL, NULL, '2025-11-17 10:14:00', '2025-11-17 10:14:00', NULL),
(56, 'Prof. Dewitt Spencer I', 'student49@example.com', '2025-11-17 10:14:00', '$2y$12$LKJyFPN4swVAOZIa1n832uly9GKuMf8PKtM/AkF6cTz8GujDSC35m', NULL, NULL, NULL, 'male', NULL, NULL, NULL, NULL, NULL, NULL, NULL, 'O+', 'Tonga', 'Hinduism', '1987-06-08', NULL, NULL, NULL, NULL, '2025-11-17 10:14:00', '2025-11-17 10:14:00', NULL),
(57, 'Ebba Mayert DDS', 'student50@example.com', '2025-11-17 10:14:00', '$2y$12$aDbrSFVVFLkbe5mUtjpkauJFhQ8o2DANBTqDN/kRRSg5N/0.1Jeby', NULL, NULL, NULL, 'female', NULL, NULL, NULL, NULL, NULL, NULL, NULL, 'AB+', 'Greenland', 'Islam', '2007-10-09', NULL, NULL, NULL, NULL, '2025-11-17 10:14:00', '2025-11-17 10:14:00', NULL),
(58, 'Prof. Jedediah Ritchie', 'student51@example.com', '2025-11-17 10:14:01', '$2y$12$K426.tyzZN1XKbS71paJ3eKtKuz3zmvd8QDLtj8PanjH4DHaih0hi', NULL, NULL, NULL, 'male', NULL, NULL, NULL, NULL, NULL, NULL, NULL, 'A+', 'Andorra', 'Christianity', '2025-05-12', NULL, NULL, NULL, NULL, '2025-11-17 10:14:01', '2025-11-17 10:14:01', NULL),
(59, 'Spencer Stiedemann', 'student52@example.com', '2025-11-17 10:14:01', '$2y$12$qmZe7MTGb2vAORMXa40C1OA3tmoJnKffVh3HS2rZUyE/e.xGsrfli', NULL, NULL, NULL, 'male', NULL, NULL, NULL, NULL, NULL, NULL, NULL, 'O+', 'Tajikistan', 'Christianity', '1984-08-25', NULL, NULL, NULL, NULL, '2025-11-17 10:14:01', '2025-11-17 10:14:01', NULL),
(60, 'Ms. Frieda Stiedemann DVM', 'student53@example.com', '2025-11-17 10:14:01', '$2y$12$ea0/qbkvZE2eZrLV.ZFOu.EFJx.XhsaTtmc8lNTUF19A5H/d02tAO', NULL, NULL, NULL, 'female', NULL, NULL, NULL, NULL, NULL, NULL, NULL, 'O+', 'Saint Vincent and the Grenadines', 'Buddhism', '1988-03-01', NULL, NULL, NULL, NULL, '2025-11-17 10:14:01', '2025-11-17 10:14:01', NULL),
(61, 'Prof. Barry Swift', 'student54@example.com', '2025-11-17 10:14:01', '$2y$12$h6cTbjdDQJmCM0MwDZOAOudSmi.6z2r8xqxh9ANBLvTcQxhKjxiyy', NULL, NULL, NULL, 'male', NULL, NULL, NULL, NULL, NULL, NULL, NULL, 'A+', 'Senegal', 'Islam', '2016-04-19', NULL, NULL, NULL, NULL, '2025-11-17 10:14:01', '2025-11-17 10:14:01', NULL),
(62, 'Miss Alessia Bailey I', 'student55@example.com', '2025-11-17 10:14:01', '$2y$12$/rpuC4uedASRtMT4f88yAexCtnUB4cDW8MFA1lMVN1gmptr9r4Ivy', NULL, NULL, NULL, 'female', NULL, NULL, NULL, NULL, NULL, NULL, NULL, 'AB+', 'Switzerland', 'Islam', '1979-04-06', NULL, NULL, NULL, NULL, '2025-11-17 10:14:01', '2025-11-17 10:14:01', NULL),
(63, 'Ms. Madelyn Goyette', 'student56@example.com', '2025-11-17 10:14:02', '$2y$12$Bdo1PdSwY4QdJKQTTrMy/eA5ZC46Fu9WWnkP/mnrqNefq1l1AuqO2', NULL, NULL, NULL, 'female', NULL, NULL, NULL, NULL, NULL, NULL, NULL, 'A+', 'Suriname', 'Christianity', '1984-08-23', NULL, NULL, NULL, NULL, '2025-11-17 10:14:02', '2025-11-17 10:14:02', NULL),
(64, 'Gudrun Buckridge', 'student57@example.com', '2025-11-17 10:14:02', '$2y$12$2zmdRZjjsBeypKQU/KilXOnHBRxmpLDWYhf.rN4sfVakf.h5RR0x.', NULL, NULL, NULL, 'female', NULL, NULL, NULL, NULL, NULL, NULL, NULL, 'O+', 'Mongolia', 'Islam', '1976-07-27', NULL, NULL, NULL, NULL, '2025-11-17 10:14:02', '2025-11-17 10:14:02', NULL),
(65, 'Prof. Estelle Dare DDS', 'student58@example.com', '2025-11-17 10:14:02', '$2y$12$ngK4go5BWx8m7trs39EoeOpLGpN.187OWf9EGqlo2BFE60HIe4q1W', NULL, NULL, NULL, 'female', NULL, NULL, NULL, NULL, NULL, NULL, NULL, 'AB+', 'United States Virgin Islands', 'Islam', '2005-05-08', NULL, NULL, NULL, NULL, '2025-11-17 10:14:02', '2025-11-17 10:14:02', NULL),
(66, 'Dr. Oda Flatley', 'student59@example.com', '2025-11-17 10:14:02', '$2y$12$jRk5RSCXRKF8Iqr6/5eXyO.Jz2In4hio85pCPRxtLBKBsd8XM.ahO', NULL, NULL, NULL, 'male', NULL, NULL, NULL, NULL, NULL, NULL, NULL, 'A+', 'Timor-Leste', 'Buddhism', '1986-08-30', NULL, NULL, NULL, NULL, '2025-11-17 10:14:02', '2025-11-17 10:14:02', NULL),
(67, 'Dr. Jewell Konopelski IV', 'student60@example.com', '2025-11-17 10:14:02', '$2y$12$oX58mqBXEY/edNsFf4jfXuLxn.7wAgEWfQnfeOBrrjP5UrRukFvZq', NULL, NULL, NULL, 'female', NULL, NULL, NULL, NULL, NULL, NULL, NULL, 'A+', 'Cote d\'Ivoire', 'Christianity', '1995-02-26', NULL, NULL, NULL, NULL, '2025-11-17 10:14:02', '2025-11-17 10:14:02', NULL),
(68, 'Litzy Lowe', 'student61@example.com', '2025-11-17 10:14:03', '$2y$12$X/jECvl7vn/NGDgTl8qN2us5ylClCCV3Wsj0X4XNnwjmbgx3fUZPe', NULL, NULL, NULL, 'female', NULL, NULL, NULL, NULL, NULL, NULL, NULL, 'O+', 'Andorra', 'Hinduism', '2004-07-04', NULL, NULL, NULL, NULL, '2025-11-17 10:14:03', '2025-11-17 10:14:03', NULL),
(69, 'Prof. Joaquin Mayer I', 'student62@example.com', '2025-11-17 10:14:03', '$2y$12$rpYBtgdKtEZfldH1vxKerejz5X/3ylJtr/Sk3Z3lo3Qpu/6BI2HRa', NULL, NULL, NULL, 'male', NULL, NULL, NULL, NULL, NULL, NULL, NULL, 'AB+', 'Myanmar', 'Christianity', '1996-11-10', NULL, NULL, NULL, NULL, '2025-11-17 10:14:03', '2025-11-17 10:14:03', NULL),
(70, 'Dr. Lamont McLaughlin', 'student63@example.com', '2025-11-17 10:14:03', '$2y$12$7TZeV7vY.ZnQ8616SmNdeeptC1MKp1ugiZ0lA0L5jnq1S.kdf/jhS', NULL, NULL, NULL, 'male', NULL, NULL, NULL, NULL, NULL, NULL, NULL, 'AB+', 'Papua New Guinea', 'Christianity', '1972-08-09', NULL, NULL, NULL, NULL, '2025-11-17 10:14:03', '2025-11-17 10:14:03', NULL),
(71, 'Prof. Ottilie Kertzmann', 'student64@example.com', '2025-11-17 10:14:03', '$2y$12$8syaZwnqNw/e/bMUvRyAF.q9yNl4vJQXy3gFubfhcLV7xA6mYhGu.', NULL, NULL, NULL, 'female', NULL, NULL, NULL, NULL, NULL, NULL, NULL, 'O+', 'Moldova', 'Christianity', '1984-12-19', NULL, NULL, NULL, NULL, '2025-11-17 10:14:03', '2025-11-17 10:14:03', NULL),
(72, 'Ryan Turcotte III', 'student65@example.com', '2025-11-17 10:14:03', '$2y$12$Aer8G29xGZrw92KB3iSioesmoL7q.70DCcTbXwV3ec/31qZuEudIC', NULL, NULL, NULL, 'male', NULL, NULL, NULL, NULL, NULL, NULL, NULL, 'A+', 'American Samoa', 'Christianity', '1985-03-13', NULL, NULL, NULL, NULL, '2025-11-17 10:14:03', '2025-11-17 10:14:03', NULL),
(73, 'Naomie Hauck', 'student66@example.com', '2025-11-17 10:14:04', '$2y$12$Eg5rvnWadUID75QOQ5rUwejrA2eq2l8z9svvGK29EdTrHJ0hfDU.y', NULL, NULL, NULL, 'female', NULL, NULL, NULL, NULL, NULL, NULL, NULL, 'AB+', 'Guinea-Bissau', 'Christianity', '2016-06-28', NULL, NULL, NULL, NULL, '2025-11-17 10:14:04', '2025-11-17 10:14:04', NULL),
(74, 'Damon Daniel', 'student67@example.com', '2025-11-17 10:14:04', '$2y$12$qj57vcw1PaSrkw/hA4Ylzuhxf3hj6qb1GUU8gDMuPtm2oEQdSfHeq', NULL, NULL, NULL, 'male', NULL, NULL, NULL, NULL, NULL, NULL, NULL, 'B+', 'Central African Republic', 'Christianity', '2019-09-22', NULL, NULL, NULL, NULL, '2025-11-17 10:14:04', '2025-11-17 10:14:04', NULL),
(75, 'Jaylen Kessler', 'student68@example.com', '2025-11-17 10:14:04', '$2y$12$48R69Hn2sZYubnE/IvkcOeobvoq9Sgfm4mNkVrxOOygbVdWKBzYqS', NULL, NULL, NULL, 'male', NULL, NULL, NULL, NULL, NULL, NULL, NULL, 'B+', 'Brunei Darussalam', 'Buddhism', '1988-12-09', NULL, NULL, NULL, NULL, '2025-11-17 10:14:04', '2025-11-17 10:14:04', NULL),
(76, 'Anna Walsh', 'student69@example.com', '2025-11-17 10:14:04', '$2y$12$Zl/voi.X24TEZUWDDJaq6edjJBpoOORukXX/5R9sYgpxVjqY7.2xC', NULL, NULL, NULL, 'female', NULL, NULL, NULL, NULL, NULL, NULL, NULL, 'A+', 'Nepal', 'Islam', '2006-09-19', NULL, NULL, NULL, NULL, '2025-11-17 10:14:04', '2025-11-17 10:14:04', NULL),
(77, 'Mr. Walter Waters', 'student70@example.com', '2025-11-17 10:14:04', '$2y$12$gYPQNgesPldiunPR6eTDDuuy8kmv.gXeGOETU84zo.CcIa7XZ7guG', NULL, NULL, NULL, 'male', NULL, NULL, NULL, NULL, NULL, NULL, NULL, 'AB+', 'Angola', 'Christianity', '1974-08-24', NULL, NULL, NULL, NULL, '2025-11-17 10:14:04', '2025-11-17 10:14:04', NULL),
(78, 'Daisy Metz Sr.', 'student71@example.com', '2025-11-17 10:14:05', '$2y$12$LK1yn6WuuqOtftEFUTesz.IyC/XLlCTxzIOtT28wS0kWCc12JWHyu', NULL, NULL, NULL, 'female', NULL, NULL, NULL, NULL, NULL, NULL, NULL, 'AB+', 'Uzbekistan', 'Islam', '1978-01-19', NULL, NULL, NULL, NULL, '2025-11-17 10:14:05', '2025-11-17 10:14:05', NULL),
(79, 'Mr. Wilford Bernier', 'student72@example.com', '2025-11-17 10:14:05', '$2y$12$xjiTpuWLL2v.9Qgrq1s6f.myE3sxB0e5Zy4hP8jNaLj4P.vvIXo.q', NULL, NULL, NULL, 'male', NULL, NULL, NULL, NULL, NULL, NULL, NULL, 'A+', 'United States Virgin Islands', 'Hinduism', '1997-03-18', NULL, NULL, NULL, NULL, '2025-11-17 10:14:05', '2025-11-17 10:14:05', NULL),
(80, 'Madisen Pacocha', 'student73@example.com', '2025-11-17 10:14:05', '$2y$12$lcx3r59e/4NNJc4OGSygguJthpSgASSrATB2YIYVlvqP1h5UMNAii', NULL, NULL, NULL, 'male', NULL, NULL, NULL, NULL, NULL, NULL, NULL, 'A+', 'Hong Kong', 'Islam', '2024-08-10', NULL, NULL, NULL, NULL, '2025-11-17 10:14:05', '2025-11-17 10:14:05', NULL),
(81, 'Rhiannon Satterfield', 'student74@example.com', '2025-11-17 10:14:05', '$2y$12$w90KWaNNf0CYe2/GNhvXmOpJ5rcrgIq/IhH15qtAor86VCrCAu.9e', NULL, NULL, NULL, 'male', NULL, NULL, NULL, NULL, NULL, NULL, NULL, 'B+', 'Estonia', 'Hinduism', '1989-10-25', NULL, NULL, NULL, NULL, '2025-11-17 10:14:05', '2025-11-17 10:14:05', NULL),
(82, 'Flossie Conn', 'student75@example.com', '2025-11-17 10:14:06', '$2y$12$YWesBQxi.YL7.qKdMj9Lc.T0CGMScUJwA5BveQpXjEXOET.4Z/g0O', NULL, NULL, NULL, 'female', NULL, NULL, NULL, NULL, NULL, NULL, NULL, 'B+', 'Nigeria', 'Hinduism', '2006-08-18', NULL, NULL, NULL, NULL, '2025-11-17 10:14:06', '2025-11-17 10:14:06', NULL),
(83, 'Elinor Steuber', 'student76@example.com', '2025-11-17 10:14:06', '$2y$12$yrtArI1akOzh1xjQhVzg0uW2NbtTiGpWTqaCMREzYuhQvG2.8u2EG', NULL, NULL, NULL, 'female', NULL, NULL, NULL, NULL, NULL, NULL, NULL, 'O+', 'Nepal', 'Buddhism', '2014-01-16', NULL, NULL, NULL, NULL, '2025-11-17 10:14:06', '2025-11-17 10:14:06', NULL),
(84, 'Gia Parisian DVM', 'student77@example.com', '2025-11-17 10:14:06', '$2y$12$xjPWlV3nJloRMSBQ4g7tP.G.alTL07PsdKyz9Es7/jgB8O6J5kZQu', NULL, NULL, NULL, 'female', NULL, NULL, NULL, NULL, NULL, NULL, NULL, 'O+', 'Iraq', 'Christianity', '1988-07-02', NULL, NULL, NULL, NULL, '2025-11-17 10:14:06', '2025-11-17 10:14:06', NULL),
(85, 'Vincenza Rohan', 'student78@example.com', '2025-11-17 10:14:06', '$2y$12$FSb7QlbcYX4uALOihUR8pOkwWvNyWX7UayQGmpF7B3KdF9tL8ICm.', NULL, NULL, NULL, 'female', NULL, NULL, NULL, NULL, NULL, NULL, NULL, 'B+', 'French Polynesia', 'Hinduism', '1973-06-04', NULL, NULL, NULL, NULL, '2025-11-17 10:14:06', '2025-11-17 10:14:06', NULL),
(86, 'Santa Wiza DDS', 'student79@example.com', '2025-11-17 10:14:06', '$2y$12$nOJ9hey.NibTSnJcSGmpIOqL72gWDm4hDJcecdfdYuhJ12ReqAmN6', NULL, NULL, NULL, 'male', NULL, NULL, NULL, NULL, NULL, NULL, NULL, 'AB+', 'Brunei Darussalam', 'Islam', '2006-02-25', NULL, NULL, NULL, NULL, '2025-11-17 10:14:06', '2025-11-17 10:14:06', NULL),
(87, 'Bernadette Rowe', 'student80@example.com', '2025-11-17 10:14:07', '$2y$12$wAH0rtafuzKNQ1/aMdMp.e.24mffKFzVDUNeLTaZ62FTIji8C2axm', NULL, NULL, NULL, 'female', NULL, NULL, NULL, NULL, NULL, NULL, NULL, 'A+', 'Japan', 'Hinduism', '1996-04-30', NULL, NULL, NULL, NULL, '2025-11-17 10:14:07', '2025-11-17 10:14:07', NULL),
(88, 'Dr. Wilhelm Upton DDS', 'student81@example.com', '2025-11-17 10:14:07', '$2y$12$QV1r1GwOcOeZ7mEF03ucVeL9IK5NR7fXE7EWUrc6rWNepmPgqCJMu', NULL, NULL, NULL, 'male', NULL, NULL, NULL, NULL, NULL, NULL, NULL, 'B+', 'Cuba', 'Christianity', '2014-01-18', NULL, NULL, NULL, NULL, '2025-11-17 10:14:07', '2025-11-17 10:14:07', NULL),
(89, 'Vernon Lindgren', 'student82@example.com', '2025-11-17 10:14:07', '$2y$12$dXWYOVDCgtb9bP651ztn5u0YPD9VksDvtqFbflVOI0lRpDiDy8IiC', NULL, NULL, NULL, 'male', NULL, NULL, NULL, NULL, NULL, NULL, NULL, 'A+', 'Portugal', 'Hinduism', '2011-09-19', NULL, NULL, NULL, NULL, '2025-11-17 10:14:07', '2025-11-17 10:14:07', NULL),
(90, 'Prof. Edd Gerlach', 'student83@example.com', '2025-11-17 10:14:07', '$2y$12$j23mgnz9s0.8JFYI1axC0OOT/S.qbgP.NLi.xVKVRXtHNb33YBuhK', NULL, NULL, NULL, 'male', NULL, NULL, NULL, NULL, NULL, NULL, NULL, 'A+', 'Serbia', 'Buddhism', '1999-10-27', NULL, NULL, NULL, NULL, '2025-11-17 10:14:07', '2025-11-17 10:14:07', NULL),
(91, 'Burley Jaskolski', 'student84@example.com', '2025-11-17 10:14:07', '$2y$12$apahdPHuMvbqhbyh3x/1h.zb0Ey6h8zftD5HDYtUZFbX46VXJ6f0a', NULL, NULL, NULL, 'male', NULL, NULL, NULL, NULL, NULL, NULL, NULL, 'B+', 'Suriname', 'Islam', '2001-06-18', NULL, NULL, NULL, NULL, '2025-11-17 10:14:07', '2025-11-17 10:14:07', NULL),
(92, 'Gerardo Walsh', 'student85@example.com', '2025-11-17 10:14:08', '$2y$12$M6DCrQmj2XMw2rt25Qt.ju4H2jHFcPVcri63iDHrIU81Q6a32GRce', NULL, NULL, NULL, 'male', NULL, NULL, NULL, NULL, NULL, NULL, NULL, 'A+', 'Afghanistan', 'Hinduism', '1989-09-25', NULL, NULL, NULL, NULL, '2025-11-17 10:14:08', '2025-11-17 10:14:08', NULL),
(93, 'Nayeli Little', 'student86@example.com', '2025-11-17 10:14:08', '$2y$12$RThDoEUxCtKOrsxzgO3soOz.LiviaVlf/lRSFsOo.PAlZtbFs4/XS', NULL, NULL, NULL, 'female', NULL, NULL, NULL, NULL, NULL, NULL, NULL, 'B+', 'Norfolk Island', 'Hinduism', '2011-06-17', NULL, NULL, NULL, NULL, '2025-11-17 10:14:08', '2025-11-17 10:14:08', NULL),
(94, 'Enoch Koss', 'student87@example.com', '2025-11-17 10:14:08', '$2y$12$SkxjKAvgKwRKZx4RhKZ8FukaSQR3Sut6jb9kVnqM6pJpO2dY1PlDm', NULL, NULL, NULL, 'male', NULL, NULL, NULL, NULL, NULL, NULL, NULL, 'O+', 'Montserrat', 'Hinduism', '1992-07-01', NULL, NULL, NULL, NULL, '2025-11-17 10:14:08', '2025-11-17 10:14:08', NULL),
(95, 'Pascale Leuschke', 'student88@example.com', '2025-11-17 10:14:08', '$2y$12$gHMAPME4HWeiQgcju9QViONhg3PgqbC7nmeL935SGIomEx3Ap1HMS', NULL, NULL, NULL, 'female', NULL, NULL, NULL, NULL, NULL, NULL, NULL, 'O+', 'Pakistan', 'Hinduism', '2014-01-05', NULL, NULL, NULL, NULL, '2025-11-17 10:14:08', '2025-11-17 10:14:08', NULL),
(96, 'Cindy Welch MD', 'student89@example.com', '2025-11-17 10:14:08', '$2y$12$RLVot.FYsZuaNK8HGFflXug5MhQlvroJCaigSzN7wFqh6050UD1q6', NULL, NULL, NULL, 'female', NULL, NULL, NULL, NULL, NULL, NULL, NULL, 'A+', 'Armenia', 'Christianity', '1981-06-25', NULL, NULL, NULL, NULL, '2025-11-17 10:14:08', '2025-11-17 10:14:08', NULL),
(97, 'Mrs. Michelle Huels', 'student90@example.com', '2025-11-17 10:14:09', '$2y$12$Vc1N3lcKW13ZKnoqh.aO/OCaYJAkVZKp3FfddcYSdCDIJqb8kF7mu', NULL, NULL, NULL, 'female', NULL, NULL, NULL, NULL, NULL, NULL, NULL, 'O+', 'Mexico', 'Christianity', '1996-01-30', NULL, NULL, NULL, NULL, '2025-11-17 10:14:09', '2025-11-17 10:14:09', NULL),
(98, 'Lemuel Quitzon Jr.', 'student91@example.com', '2025-11-17 10:14:09', '$2y$12$ZMjYnGYvYhCmoqy/Q1JEy.3RhW2W4mgmO1tIxkmyIWoD2nf3R0zfS', NULL, NULL, NULL, 'male', NULL, NULL, NULL, NULL, NULL, NULL, NULL, 'O+', 'Cayman Islands', 'Buddhism', '1978-12-27', NULL, NULL, NULL, NULL, '2025-11-17 10:14:09', '2025-11-17 10:14:09', NULL),
(99, 'Cassandre Hill', 'student92@example.com', '2025-11-17 10:14:09', '$2y$12$O33kIUA/BqxZLmOQiTGqJ.Du7gMsBAMrUgMHrwQtHPhHg1iSSrZ0G', NULL, NULL, NULL, 'female', NULL, NULL, NULL, NULL, NULL, NULL, NULL, 'B+', 'Belize', 'Hinduism', '2005-10-06', NULL, NULL, NULL, NULL, '2025-11-17 10:14:09', '2025-11-17 10:14:09', NULL),
(100, 'Ahmad Hackett', 'student93@example.com', '2025-11-17 10:14:09', '$2y$12$EMt.ajUXxABDiwyknG8tQerXNEWcPzXHJyjKVcGLihY10F5PLqLLe', NULL, NULL, NULL, 'male', NULL, NULL, NULL, NULL, NULL, NULL, NULL, 'AB+', 'Solomon Islands', 'Hinduism', '1993-01-30', NULL, NULL, NULL, NULL, '2025-11-17 10:14:09', '2025-11-17 10:14:09', NULL),
(101, 'Aaron Schmeler', 'student94@example.com', '2025-11-17 10:14:09', '$2y$12$7BJXEPXtpFHzZKS6LO66k.4pijwer2YFFOKqexX.85ir8J4a1ILK.', NULL, NULL, NULL, 'male', NULL, NULL, NULL, NULL, NULL, NULL, NULL, 'O+', 'Pitcairn Islands', 'Christianity', '1998-07-22', NULL, NULL, NULL, NULL, '2025-11-17 10:14:09', '2025-11-17 10:14:09', NULL),
(102, 'Phyllis Walter', 'student95@example.com', '2025-11-17 10:14:10', '$2y$12$.EDs0WhOJnm9lI6ZdsrUbO24QB5IVi4yp3PY98ZCyj0Ap1fpPxDDy', NULL, NULL, NULL, 'female', NULL, NULL, NULL, NULL, NULL, NULL, NULL, 'O+', 'Saint Helena', 'Christianity', '1983-07-03', NULL, NULL, NULL, NULL, '2025-11-17 10:14:10', '2025-11-17 10:14:10', NULL),
(103, 'Prof. Alva Kiehn', 'student96@example.com', '2025-11-17 10:14:10', '$2y$12$gSMYuWshbcwADejvpDzBoeoT5mDFX0E3uJVJ9d8QM8jnD/nr2LmpW', NULL, NULL, NULL, 'female', NULL, NULL, NULL, NULL, NULL, NULL, NULL, 'B+', 'Mongolia', 'Christianity', '2022-11-27', NULL, NULL, NULL, NULL, '2025-11-17 10:14:10', '2025-11-17 10:14:10', NULL),
(104, 'Elva Hill', 'student97@example.com', '2025-11-17 10:14:10', '$2y$12$ndsDB61sDpGGbBvZTKCZK.BVIsIo9R/FLLkz1Gn6gTtxe6EQuRidS', NULL, NULL, NULL, 'female', NULL, NULL, NULL, NULL, NULL, NULL, NULL, 'B+', 'Sao Tome and Principe', 'Christianity', '2004-01-20', NULL, NULL, NULL, NULL, '2025-11-17 10:14:10', '2025-11-17 10:14:10', NULL),
(105, 'Prof. Monte Medhurst II', 'student98@example.com', '2025-11-17 10:14:10', '$2y$12$koqNCeQxYsx6F3hJWIph7.5VgwzCwmOTT385O1haNYUd0p3d99x.O', NULL, NULL, NULL, 'male', NULL, NULL, NULL, NULL, NULL, NULL, NULL, 'A+', 'Puerto Rico', 'Buddhism', '2023-07-26', NULL, NULL, NULL, NULL, '2025-11-17 10:14:10', '2025-11-17 10:14:10', NULL),
(106, 'Amy Price', 'student99@example.com', '2025-11-17 10:14:10', '$2y$12$pEreexTqTxj/ZsqAYitjTeK4QIQWQMh4CKAceHo2f2q8lWap.t8Ta', NULL, NULL, NULL, 'female', NULL, NULL, NULL, NULL, NULL, NULL, NULL, 'B+', 'United States Virgin Islands', 'Christianity', '2016-07-10', NULL, NULL, NULL, NULL, '2025-11-17 10:14:10', '2025-11-17 10:14:10', NULL);

--
-- Indexes for dumped tables
--

--
-- Indexes for table `attendances`
--
ALTER TABLE `attendances`
  ADD PRIMARY KEY (`id`),
  ADD UNIQUE KEY `attendances_student_id_subject_id_classroom_id_date_unique` (`student_id`,`subject_id`,`classroom_id`,`date`),
  ADD KEY `attendances_classroom_id_foreign` (`classroom_id`),
  ADD KEY `attendances_subject_id_foreign` (`subject_id`);

--
-- Indexes for table `cache`
--
ALTER TABLE `cache`
  ADD PRIMARY KEY (`key`);

--
-- Indexes for table `cache_locks`
--
ALTER TABLE `cache_locks`
  ADD PRIMARY KEY (`key`);

--
-- Indexes for table `classrooms`
--
ALTER TABLE `classrooms`
  ADD PRIMARY KEY (`id`),
  ADD UNIQUE KEY `classrooms_room_number_unique` (`room_number`);

--
-- Indexes for table `departments`
--
ALTER TABLE `departments`
  ADD PRIMARY KEY (`id`),
  ADD UNIQUE KEY `departments_name_unique` (`name`);

--
-- Indexes for table `exams`
--
ALTER TABLE `exams`
  ADD PRIMARY KEY (`id`),
  ADD KEY `exams_subject_id_foreign` (`subject_id`);

--
-- Indexes for table `expenses`
--
ALTER TABLE `expenses`
  ADD PRIMARY KEY (`id`),
  ADD KEY `expenses_expense_category_id_foreign` (`expense_category_id`),
  ADD KEY `expenses_approved_by_foreign` (`approved_by`);

--
-- Indexes for table `expense_categories`
--
ALTER TABLE `expense_categories`
  ADD PRIMARY KEY (`id`),
  ADD UNIQUE KEY `expense_categories_name_unique` (`name`);

--
-- Indexes for table `fees`
--
ALTER TABLE `fees`
  ADD PRIMARY KEY (`id`),
  ADD KEY `fees_student_id_foreign` (`student_id`),
  ADD KEY `fees_fee_type_id_foreign` (`fee_type_id`);

--
-- Indexes for table `fee_types`
--
ALTER TABLE `fee_types`
  ADD PRIMARY KEY (`id`),
  ADD UNIQUE KEY `fee_types_name_unique` (`name`);

--
-- Indexes for table `migrations`
--
ALTER TABLE `migrations`
  ADD PRIMARY KEY (`id`);

--
-- Indexes for table `model_has_permissions`
--
ALTER TABLE `model_has_permissions`
  ADD PRIMARY KEY (`permission_id`,`model_id`,`model_type`),
  ADD KEY `model_has_permissions_model_id_model_type_index` (`model_id`,`model_type`);

--
-- Indexes for table `model_has_roles`
--
ALTER TABLE `model_has_roles`
  ADD PRIMARY KEY (`role_id`,`model_id`,`model_type`),
  ADD KEY `model_has_roles_model_id_model_type_index` (`model_id`,`model_type`);

--
-- Indexes for table `password_reset_tokens`
--
ALTER TABLE `password_reset_tokens`
  ADD PRIMARY KEY (`email`);

--
-- Indexes for table `payments`
--
ALTER TABLE `payments`
  ADD PRIMARY KEY (`id`),
  ADD KEY `payments_received_by_foreign` (`received_by`),
  ADD KEY `payments_student_id_foreign` (`student_id`),
  ADD KEY `payments_fee_id_foreign` (`fee_id`);

--
-- Indexes for table `permissions`
--
ALTER TABLE `permissions`
  ADD PRIMARY KEY (`id`),
  ADD UNIQUE KEY `permissions_name_guard_name_unique` (`name`,`guard_name`);

--
-- Indexes for table `personal_access_tokens`
--
ALTER TABLE `personal_access_tokens`
  ADD PRIMARY KEY (`id`),
  ADD UNIQUE KEY `personal_access_tokens_token_unique` (`token`),
  ADD KEY `personal_access_tokens_tokenable_type_tokenable_id_index` (`tokenable_type`,`tokenable_id`);

--
-- Indexes for table `roles`
--
ALTER TABLE `roles`
  ADD PRIMARY KEY (`id`),
  ADD UNIQUE KEY `roles_name_guard_name_unique` (`name`,`guard_name`);

--
-- Indexes for table `role_has_permissions`
--
ALTER TABLE `role_has_permissions`
  ADD PRIMARY KEY (`permission_id`,`role_id`),
  ADD KEY `role_has_permissions_role_id_foreign` (`role_id`);

--
-- Indexes for table `schedules`
--
ALTER TABLE `schedules`
  ADD PRIMARY KEY (`id`),
  ADD KEY `schedules_teacher_id_foreign` (`teacher_id`),
  ADD KEY `schedules_subject_id_foreign` (`subject_id`),
  ADD KEY `schedules_classroom_id_foreign` (`classroom_id`);

--
-- Indexes for table `scores`
--
ALTER TABLE `scores`
  ADD PRIMARY KEY (`id`),
  ADD UNIQUE KEY `scores_student_id_exam_id_subject_id_semester_unique` (`student_id`,`exam_id`,`subject_id`,`semester`),
  ADD KEY `scores_exam_id_foreign` (`exam_id`),
  ADD KEY `scores_subject_id_foreign` (`subject_id`);

--
-- Indexes for table `sessions`
--
ALTER TABLE `sessions`
  ADD PRIMARY KEY (`id`),
  ADD KEY `sessions_user_id_index` (`user_id`),
  ADD KEY `sessions_last_activity_index` (`last_activity`);

--
-- Indexes for table `student_course`
--
ALTER TABLE `student_course`
  ADD UNIQUE KEY `student_course_student_id_subject_id_unique` (`student_id`,`subject_id`),
  ADD KEY `student_course_subject_id_foreign` (`subject_id`);

--
-- Indexes for table `subjects`
--
ALTER TABLE `subjects`
  ADD PRIMARY KEY (`id`),
  ADD UNIQUE KEY `subjects_code_unique` (`code`),
  ADD KEY `subjects_department_id_foreign` (`department_id`);

--
-- Indexes for table `teacher_subject`
--
ALTER TABLE `teacher_subject`
  ADD UNIQUE KEY `teacher_subject_teacher_id_subject_id_unique` (`teacher_id`,`subject_id`),
  ADD KEY `teacher_subject_subject_id_foreign` (`subject_id`);

--
-- Indexes for table `users`
--
ALTER TABLE `users`
  ADD PRIMARY KEY (`id`),
  ADD UNIQUE KEY `users_email_unique` (`email`),
  ADD KEY `users_department_id_foreign` (`department_id`);

--
-- AUTO_INCREMENT for dumped tables
--

--
-- AUTO_INCREMENT for table `attendances`
--
ALTER TABLE `attendances`
  MODIFY `id` bigint UNSIGNED NOT NULL AUTO_INCREMENT;

--
-- AUTO_INCREMENT for table `classrooms`
--
ALTER TABLE `classrooms`
  MODIFY `id` bigint UNSIGNED NOT NULL AUTO_INCREMENT, AUTO_INCREMENT=16;

--
-- AUTO_INCREMENT for table `departments`
--
ALTER TABLE `departments`
  MODIFY `id` bigint UNSIGNED NOT NULL AUTO_INCREMENT, AUTO_INCREMENT=6;

--
-- AUTO_INCREMENT for table `exams`
--
ALTER TABLE `exams`
  MODIFY `id` bigint UNSIGNED NOT NULL AUTO_INCREMENT, AUTO_INCREMENT=6;

--
-- AUTO_INCREMENT for table `expenses`
--
ALTER TABLE `expenses`
  MODIFY `id` bigint UNSIGNED NOT NULL AUTO_INCREMENT, AUTO_INCREMENT=21;

--
-- AUTO_INCREMENT for table `expense_categories`
--
ALTER TABLE `expense_categories`
  MODIFY `id` bigint UNSIGNED NOT NULL AUTO_INCREMENT, AUTO_INCREMENT=5;

--
-- AUTO_INCREMENT for table `fees`
--
ALTER TABLE `fees`
  MODIFY `id` bigint UNSIGNED NOT NULL AUTO_INCREMENT, AUTO_INCREMENT=401;

--
-- AUTO_INCREMENT for table `fee_types`
--
ALTER TABLE `fee_types`
  MODIFY `id` bigint UNSIGNED NOT NULL AUTO_INCREMENT, AUTO_INCREMENT=5;

--
-- AUTO_INCREMENT for table `migrations`
--
ALTER TABLE `migrations`
  MODIFY `id` int UNSIGNED NOT NULL AUTO_INCREMENT, AUTO_INCREMENT=5;

--
-- AUTO_INCREMENT for table `payments`
--
ALTER TABLE `payments`
  MODIFY `id` bigint UNSIGNED NOT NULL AUTO_INCREMENT;

--
-- AUTO_INCREMENT for table `permissions`
--
ALTER TABLE `permissions`
  MODIFY `id` bigint UNSIGNED NOT NULL AUTO_INCREMENT, AUTO_INCREMENT=69;

--
-- AUTO_INCREMENT for table `personal_access_tokens`
--
ALTER TABLE `personal_access_tokens`
  MODIFY `id` bigint UNSIGNED NOT NULL AUTO_INCREMENT;

--
-- AUTO_INCREMENT for table `roles`
--
ALTER TABLE `roles`
  MODIFY `id` bigint UNSIGNED NOT NULL AUTO_INCREMENT, AUTO_INCREMENT=6;

--
-- AUTO_INCREMENT for table `schedules`
--
ALTER TABLE `schedules`
  MODIFY `id` bigint UNSIGNED NOT NULL AUTO_INCREMENT, AUTO_INCREMENT=16;

--
-- AUTO_INCREMENT for table `scores`
--
ALTER TABLE `scores`
  MODIFY `id` bigint UNSIGNED NOT NULL AUTO_INCREMENT;

--
-- AUTO_INCREMENT for table `subjects`
--
ALTER TABLE `subjects`
  MODIFY `id` bigint UNSIGNED NOT NULL AUTO_INCREMENT, AUTO_INCREMENT=6;

--
-- AUTO_INCREMENT for table `users`
--
ALTER TABLE `users`
  MODIFY `id` bigint UNSIGNED NOT NULL AUTO_INCREMENT, AUTO_INCREMENT=107;

--
-- Constraints for dumped tables
--

--
-- Constraints for table `attendances`
--
ALTER TABLE `attendances`
  ADD CONSTRAINT `attendances_classroom_id_foreign` FOREIGN KEY (`classroom_id`) REFERENCES `classrooms` (`id`),
  ADD CONSTRAINT `attendances_student_id_foreign` FOREIGN KEY (`student_id`) REFERENCES `users` (`id`) ON DELETE CASCADE,
  ADD CONSTRAINT `attendances_subject_id_foreign` FOREIGN KEY (`subject_id`) REFERENCES `subjects` (`id`);

--
-- Constraints for table `exams`
--
ALTER TABLE `exams`
  ADD CONSTRAINT `exams_subject_id_foreign` FOREIGN KEY (`subject_id`) REFERENCES `subjects` (`id`) ON DELETE CASCADE;

--
-- Constraints for table `expenses`
--
ALTER TABLE `expenses`
  ADD CONSTRAINT `expenses_approved_by_foreign` FOREIGN KEY (`approved_by`) REFERENCES `users` (`id`) ON DELETE SET NULL,
  ADD CONSTRAINT `expenses_expense_category_id_foreign` FOREIGN KEY (`expense_category_id`) REFERENCES `expense_categories` (`id`) ON DELETE SET NULL;

--
-- Constraints for table `fees`
--
ALTER TABLE `fees`
  ADD CONSTRAINT `fees_fee_type_id_foreign` FOREIGN KEY (`fee_type_id`) REFERENCES `fee_types` (`id`) ON DELETE CASCADE,
  ADD CONSTRAINT `fees_student_id_foreign` FOREIGN KEY (`student_id`) REFERENCES `users` (`id`) ON DELETE CASCADE;

--
-- Constraints for table `model_has_permissions`
--
ALTER TABLE `model_has_permissions`
  ADD CONSTRAINT `model_has_permissions_permission_id_foreign` FOREIGN KEY (`permission_id`) REFERENCES `permissions` (`id`) ON DELETE CASCADE;

--
-- Constraints for table `model_has_roles`
--
ALTER TABLE `model_has_roles`
  ADD CONSTRAINT `model_has_roles_role_id_foreign` FOREIGN KEY (`role_id`) REFERENCES `roles` (`id`) ON DELETE CASCADE;

--
-- Constraints for table `payments`
--
ALTER TABLE `payments`
  ADD CONSTRAINT `payments_fee_id_foreign` FOREIGN KEY (`fee_id`) REFERENCES `fees` (`id`) ON DELETE CASCADE,
  ADD CONSTRAINT `payments_received_by_foreign` FOREIGN KEY (`received_by`) REFERENCES `users` (`id`) ON DELETE RESTRICT,
  ADD CONSTRAINT `payments_student_id_foreign` FOREIGN KEY (`student_id`) REFERENCES `users` (`id`) ON DELETE CASCADE;

--
-- Constraints for table `role_has_permissions`
--
ALTER TABLE `role_has_permissions`
  ADD CONSTRAINT `role_has_permissions_permission_id_foreign` FOREIGN KEY (`permission_id`) REFERENCES `permissions` (`id`) ON DELETE CASCADE,
  ADD CONSTRAINT `role_has_permissions_role_id_foreign` FOREIGN KEY (`role_id`) REFERENCES `roles` (`id`) ON DELETE CASCADE;

--
-- Constraints for table `schedules`
--
ALTER TABLE `schedules`
  ADD CONSTRAINT `schedules_classroom_id_foreign` FOREIGN KEY (`classroom_id`) REFERENCES `classrooms` (`id`),
  ADD CONSTRAINT `schedules_subject_id_foreign` FOREIGN KEY (`subject_id`) REFERENCES `subjects` (`id`),
  ADD CONSTRAINT `schedules_teacher_id_foreign` FOREIGN KEY (`teacher_id`) REFERENCES `users` (`id`);

--
-- Constraints for table `scores`
--
ALTER TABLE `scores`
  ADD CONSTRAINT `scores_exam_id_foreign` FOREIGN KEY (`exam_id`) REFERENCES `exams` (`id`) ON DELETE CASCADE,
  ADD CONSTRAINT `scores_student_id_foreign` FOREIGN KEY (`student_id`) REFERENCES `users` (`id`) ON DELETE CASCADE,
  ADD CONSTRAINT `scores_subject_id_foreign` FOREIGN KEY (`subject_id`) REFERENCES `subjects` (`id`) ON DELETE CASCADE;

--
-- Constraints for table `student_course`
--
ALTER TABLE `student_course`
  ADD CONSTRAINT `student_course_student_id_foreign` FOREIGN KEY (`student_id`) REFERENCES `users` (`id`) ON DELETE CASCADE,
  ADD CONSTRAINT `student_course_subject_id_foreign` FOREIGN KEY (`subject_id`) REFERENCES `subjects` (`id`) ON DELETE CASCADE;

--
-- Constraints for table `subjects`
--
ALTER TABLE `subjects`
  ADD CONSTRAINT `subjects_department_id_foreign` FOREIGN KEY (`department_id`) REFERENCES `departments` (`id`) ON DELETE SET NULL;

--
-- Constraints for table `teacher_subject`
--
ALTER TABLE `teacher_subject`
  ADD CONSTRAINT `teacher_subject_subject_id_foreign` FOREIGN KEY (`subject_id`) REFERENCES `subjects` (`id`) ON DELETE CASCADE,
  ADD CONSTRAINT `teacher_subject_teacher_id_foreign` FOREIGN KEY (`teacher_id`) REFERENCES `users` (`id`) ON DELETE CASCADE;

--
-- Constraints for table `users`
--
ALTER TABLE `users`
  ADD CONSTRAINT `users_department_id_foreign` FOREIGN KEY (`department_id`) REFERENCES `departments` (`id`) ON DELETE SET NULL;
COMMIT;

/*!40101 SET CHARACTER_SET_CLIENT=@OLD_CHARACTER_SET_CLIENT */;
/*!40101 SET CHARACTER_SET_RESULTS=@OLD_CHARACTER_SET_RESULTS */;
/*!40101 SET COLLATION_CONNECTION=@OLD_COLLATION_CONNECTION */;
