-- phpMyAdmin SQL Dump
-- version 5.2.1deb3
-- https://www.phpmyadmin.net/
--
-- Host: localhost:3306
-- Generation Time: Mar 15, 2026 at 10:47 AM
-- Server version: 8.0.45-0ubuntu0.24.04.1
-- PHP Version: 8.3.6

SET SQL_MODE = "NO_AUTO_VALUE_ON_ZERO";
START TRANSACTION;
SET time_zone = "+00:00";


/*!40101 SET @OLD_CHARACTER_SET_CLIENT=@@CHARACTER_SET_CLIENT */;
/*!40101 SET @OLD_CHARACTER_SET_RESULTS=@@CHARACTER_SET_RESULTS */;
/*!40101 SET @OLD_COLLATION_CONNECTION=@@COLLATION_CONNECTION */;
/*!40101 SET NAMES utf8mb4 */;

--
-- Database: `scms_final`
--

-- --------------------------------------------------------

--
-- Table structure for table `attendances`
--

CREATE TABLE `attendances` (
  `id` bigint UNSIGNED NOT NULL,
  `student_id` bigint UNSIGNED NOT NULL,
  `course_offering_id` bigint UNSIGNED DEFAULT NULL,
  `date` date NOT NULL,
  `status` enum('attending','absence','permission') COLLATE utf8mb4_unicode_ci NOT NULL,
  `remarks` text COLLATE utf8mb4_unicode_ci,
  `created_at` timestamp NULL DEFAULT NULL,
  `updated_at` timestamp NULL DEFAULT NULL,
  `deleted_at` timestamp NULL DEFAULT NULL
) ENGINE=InnoDB DEFAULT CHARSET=utf8mb4 COLLATE=utf8mb4_unicode_ci;

--
-- Dumping data for table `attendances`
--

INSERT INTO `attendances` (`id`, `student_id`, `course_offering_id`, `date`, `status`, `remarks`, `created_at`, `updated_at`, `deleted_at`) VALUES
(1, 7, 4, '2026-02-11', 'attending', NULL, '2026-03-12 05:39:01', '2026-03-12 05:39:01', NULL),
(2, 7, 4, '2026-02-16', 'attending', NULL, '2026-03-12 05:39:01', '2026-03-12 05:39:01', NULL),
(3, 7, 4, '2026-02-18', 'attending', NULL, '2026-03-12 05:39:01', '2026-03-12 05:39:01', NULL),
(4, 7, 4, '2026-02-23', 'attending', NULL, '2026-03-12 05:39:01', '2026-03-12 05:39:01', NULL),
(5, 7, 4, '2026-02-25', 'attending', NULL, '2026-03-12 05:39:01', '2026-03-12 05:39:01', NULL),
(6, 7, 4, '2026-03-02', 'attending', NULL, '2026-03-12 05:39:01', '2026-03-12 05:39:01', NULL),
(7, 7, 4, '2026-03-04', 'attending', NULL, '2026-03-12 05:39:01', '2026-03-12 05:39:01', NULL),
(8, 7, 4, '2026-03-09', 'absence', 'Family Event', '2026-03-12 05:39:01', '2026-03-12 05:39:01', NULL),
(9, 7, 4, '2026-03-11', 'attending', NULL, '2026-03-12 05:39:01', '2026-03-12 05:39:01', NULL),
(88, 11, 2, '2026-02-11', 'attending', NULL, '2026-03-12 05:39:01', '2026-03-12 05:39:01', NULL),
(89, 11, 2, '2026-02-16', 'attending', NULL, '2026-03-12 05:39:01', '2026-03-12 05:39:01', NULL),
(90, 11, 2, '2026-02-18', 'absence', 'Family Event', '2026-03-12 05:39:01', '2026-03-12 05:39:01', NULL),
(91, 11, 2, '2026-02-23', 'attending', NULL, '2026-03-12 05:39:01', '2026-03-12 05:39:01', NULL),
(92, 11, 2, '2026-02-25', 'attending', NULL, '2026-03-12 05:39:01', '2026-03-12 05:39:01', NULL),
(93, 11, 2, '2026-03-02', 'attending', NULL, '2026-03-12 05:39:01', '2026-03-12 05:39:01', NULL),
(94, 11, 2, '2026-03-04', 'attending', NULL, '2026-03-12 05:39:01', '2026-03-12 05:39:01', NULL),
(95, 11, 2, '2026-03-09', 'attending', NULL, '2026-03-12 05:39:01', '2026-03-12 05:39:01', NULL),
(96, 11, 2, '2026-03-11', 'attending', NULL, '2026-03-12 05:39:01', '2026-03-12 05:39:01', NULL),
(97, 12, 7, '2025-12-15', 'permission', 'Family Event', '2026-03-12 05:39:01', '2026-03-12 05:39:01', NULL),
(98, 12, 7, '2025-12-17', 'attending', NULL, '2026-03-12 05:39:01', '2026-03-12 05:39:01', NULL),
(99, 12, 7, '2025-12-22', 'attending', NULL, '2026-03-12 05:39:01', '2026-03-12 05:39:01', NULL),
(100, 12, 7, '2025-12-24', 'attending', NULL, '2026-03-12 05:39:01', '2026-03-12 05:39:01', NULL),
(101, 12, 7, '2025-12-29', 'attending', NULL, '2026-03-12 05:39:01', '2026-03-12 05:39:01', NULL),
(102, 12, 7, '2025-12-31', 'attending', NULL, '2026-03-12 05:39:01', '2026-03-12 05:39:01', NULL),
(103, 12, 7, '2026-01-05', 'attending', NULL, '2026-03-12 05:39:01', '2026-03-12 05:39:01', NULL),
(104, 12, 7, '2026-01-07', 'attending', NULL, '2026-03-12 05:39:01', '2026-03-12 05:39:01', NULL),
(105, 12, 7, '2026-01-12', 'attending', NULL, '2026-03-12 05:39:01', '2026-03-12 05:39:01', NULL),
(106, 12, 7, '2026-01-14', 'attending', NULL, '2026-03-12 05:39:01', '2026-03-12 05:39:01', NULL),
(107, 12, 7, '2026-01-19', 'attending', NULL, '2026-03-12 05:39:01', '2026-03-12 05:39:01', NULL),
(108, 12, 7, '2026-01-21', 'attending', NULL, '2026-03-12 05:39:01', '2026-03-12 05:39:01', NULL),
(109, 12, 7, '2026-01-26', 'attending', NULL, '2026-03-12 05:39:01', '2026-03-12 05:39:01', NULL),
(110, 12, 7, '2026-01-28', 'attending', NULL, '2026-03-12 05:39:01', '2026-03-12 05:39:01', NULL),
(111, 12, 7, '2026-02-02', 'attending', NULL, '2026-03-12 05:39:01', '2026-03-12 05:39:01', NULL),
(112, 12, 7, '2026-02-04', 'attending', NULL, '2026-03-12 05:39:01', '2026-03-12 05:39:01', NULL),
(113, 12, 7, '2026-02-09', 'attending', NULL, '2026-03-12 05:39:01', '2026-03-12 05:39:01', NULL),
(114, 12, 7, '2026-02-11', 'attending', NULL, '2026-03-12 05:39:01', '2026-03-12 05:39:01', NULL),
(115, 12, 7, '2026-02-16', 'permission', 'Family Event', '2026-03-12 05:39:01', '2026-03-12 05:39:01', NULL),
(116, 12, 7, '2026-02-18', 'attending', NULL, '2026-03-12 05:39:01', '2026-03-12 05:39:01', NULL),
(117, 12, 7, '2026-02-23', 'attending', NULL, '2026-03-12 05:39:01', '2026-03-12 05:39:01', NULL),
(118, 12, 7, '2026-02-25', 'attending', NULL, '2026-03-12 05:39:01', '2026-03-12 05:39:01', NULL),
(119, 12, 7, '2026-03-02', 'absence', 'Family Event', '2026-03-12 05:39:01', '2026-03-12 05:39:01', NULL),
(120, 12, 7, '2026-03-04', 'attending', NULL, '2026-03-12 05:39:01', '2026-03-12 05:39:01', NULL),
(121, 12, 7, '2026-03-09', 'attending', NULL, '2026-03-12 05:39:01', '2026-03-12 05:39:01', NULL),
(122, 12, 7, '2026-03-11', 'attending', NULL, '2026-03-12 05:39:01', '2026-03-12 05:39:01', NULL),
(158, 15, 2, '2025-12-15', 'attending', NULL, '2026-03-12 05:39:01', '2026-03-12 05:39:01', NULL),
(159, 15, 2, '2025-12-17', 'attending', NULL, '2026-03-12 05:39:01', '2026-03-12 05:39:01', NULL),
(160, 15, 2, '2025-12-22', 'attending', NULL, '2026-03-12 05:39:01', '2026-03-12 05:39:01', NULL),
(161, 15, 2, '2025-12-24', 'attending', NULL, '2026-03-12 05:39:01', '2026-03-12 05:39:01', NULL),
(162, 15, 2, '2025-12-29', 'attending', NULL, '2026-03-12 05:39:01', '2026-03-12 05:39:01', NULL),
(163, 15, 2, '2025-12-31', 'attending', NULL, '2026-03-12 05:39:01', '2026-03-12 05:39:01', NULL),
(164, 15, 2, '2026-01-05', 'attending', NULL, '2026-03-12 05:39:01', '2026-03-12 05:39:01', NULL),
(165, 15, 2, '2026-01-07', 'attending', NULL, '2026-03-12 05:39:01', '2026-03-12 05:39:01', NULL),
(166, 15, 2, '2026-01-12', 'attending', NULL, '2026-03-12 05:39:01', '2026-03-12 05:39:01', NULL),
(167, 15, 2, '2026-01-14', 'attending', NULL, '2026-03-12 05:39:01', '2026-03-12 05:39:01', NULL),
(168, 15, 2, '2026-01-19', 'attending', NULL, '2026-03-12 05:39:01', '2026-03-12 05:39:01', NULL),
(169, 15, 2, '2026-01-21', 'absence', 'Sick', '2026-03-12 05:39:01', '2026-03-12 05:39:01', NULL),
(170, 15, 2, '2026-01-26', 'attending', NULL, '2026-03-12 05:39:01', '2026-03-12 05:39:01', NULL),
(171, 15, 2, '2026-01-28', 'attending', NULL, '2026-03-12 05:39:01', '2026-03-12 05:39:01', NULL),
(172, 15, 2, '2026-02-02', 'attending', NULL, '2026-03-12 05:39:01', '2026-03-12 05:39:01', NULL),
(173, 15, 2, '2026-02-04', 'permission', 'Sick', '2026-03-12 05:39:01', '2026-03-12 05:39:01', NULL),
(174, 15, 2, '2026-02-09', 'attending', NULL, '2026-03-12 05:39:01', '2026-03-12 05:39:01', NULL),
(175, 15, 2, '2026-02-11', 'attending', NULL, '2026-03-12 05:39:01', '2026-03-12 05:39:01', NULL),
(176, 15, 2, '2026-02-16', 'attending', NULL, '2026-03-12 05:39:01', '2026-03-12 05:39:01', NULL),
(177, 15, 2, '2026-02-18', 'attending', NULL, '2026-03-12 05:39:01', '2026-03-12 05:39:01', NULL),
(178, 15, 2, '2026-02-23', 'attending', NULL, '2026-03-12 05:39:01', '2026-03-12 05:39:01', NULL),
(179, 15, 2, '2026-02-25', 'permission', 'Family Event', '2026-03-12 05:39:01', '2026-03-12 05:39:01', NULL),
(180, 15, 2, '2026-03-02', 'attending', NULL, '2026-03-12 05:39:01', '2026-03-12 05:39:01', NULL),
(181, 15, 2, '2026-03-04', 'attending', NULL, '2026-03-12 05:39:01', '2026-03-12 05:39:01', NULL),
(182, 15, 2, '2026-03-09', 'permission', 'Family Event', '2026-03-12 05:39:01', '2026-03-12 05:39:01', NULL),
(183, 15, 2, '2026-03-11', 'attending', NULL, '2026-03-12 05:39:01', '2026-03-12 05:39:01', NULL),
(184, 16, 2, '2025-12-15', 'attending', NULL, '2026-03-12 05:39:01', '2026-03-12 05:39:01', NULL),
(185, 16, 2, '2025-12-17', 'attending', NULL, '2026-03-12 05:39:01', '2026-03-12 05:39:01', NULL),
(186, 16, 2, '2025-12-22', 'attending', NULL, '2026-03-12 05:39:01', '2026-03-12 05:39:01', NULL),
(187, 16, 2, '2025-12-24', 'attending', NULL, '2026-03-12 05:39:01', '2026-03-12 05:39:01', NULL),
(188, 16, 2, '2025-12-29', 'attending', NULL, '2026-03-12 05:39:01', '2026-03-12 05:39:01', NULL),
(189, 16, 2, '2025-12-31', 'attending', NULL, '2026-03-12 05:39:01', '2026-03-12 05:39:01', NULL),
(190, 16, 2, '2026-01-05', 'attending', NULL, '2026-03-12 05:39:01', '2026-03-12 05:39:01', NULL),
(191, 16, 2, '2026-01-07', 'absence', 'Sick', '2026-03-12 05:39:01', '2026-03-12 05:39:01', NULL),
(192, 16, 2, '2026-01-12', 'attending', NULL, '2026-03-12 05:39:01', '2026-03-12 05:39:01', NULL),
(193, 16, 2, '2026-01-14', 'attending', NULL, '2026-03-12 05:39:01', '2026-03-12 05:39:01', NULL),
(194, 16, 2, '2026-01-19', 'attending', NULL, '2026-03-12 05:39:01', '2026-03-12 05:39:01', NULL),
(195, 16, 2, '2026-01-21', 'attending', NULL, '2026-03-12 05:39:01', '2026-03-12 05:39:01', NULL),
(196, 16, 2, '2026-01-26', 'attending', NULL, '2026-03-12 05:39:01', '2026-03-12 05:39:01', NULL),
(197, 16, 2, '2026-01-28', 'attending', NULL, '2026-03-12 05:39:01', '2026-03-12 05:39:01', NULL),
(198, 16, 2, '2026-02-02', 'attending', NULL, '2026-03-12 05:39:01', '2026-03-12 05:39:01', NULL),
(199, 16, 2, '2026-02-04', 'absence', 'Sick', '2026-03-12 05:39:01', '2026-03-12 05:39:01', NULL),
(200, 16, 2, '2026-02-09', 'attending', NULL, '2026-03-12 05:39:01', '2026-03-12 05:39:01', NULL),
(201, 16, 2, '2026-02-11', 'permission', 'Family Event', '2026-03-12 05:39:01', '2026-03-12 05:39:01', NULL),
(202, 16, 2, '2026-02-16', 'attending', NULL, '2026-03-12 05:39:01', '2026-03-12 05:39:01', NULL),
(203, 16, 2, '2026-02-18', 'absence', 'Sick', '2026-03-12 05:39:01', '2026-03-12 05:39:01', NULL),
(204, 16, 2, '2026-02-23', 'absence', 'Family Event', '2026-03-12 05:39:01', '2026-03-12 05:39:01', NULL),
(205, 16, 2, '2026-02-25', 'attending', NULL, '2026-03-12 05:39:01', '2026-03-12 05:39:01', NULL),
(206, 16, 2, '2026-03-02', 'attending', NULL, '2026-03-12 05:39:01', '2026-03-12 05:39:01', NULL),
(207, 16, 2, '2026-03-04', 'attending', NULL, '2026-03-12 05:39:01', '2026-03-12 05:39:01', NULL),
(208, 16, 2, '2026-03-09', 'attending', NULL, '2026-03-12 05:39:01', '2026-03-12 05:39:01', NULL),
(209, 16, 2, '2026-03-11', 'attending', NULL, '2026-03-12 05:39:01', '2026-03-12 05:39:01', NULL),
(219, 18, 7, '2025-12-15', 'attending', NULL, '2026-03-12 05:39:01', '2026-03-12 05:39:01', NULL),
(220, 18, 7, '2025-12-17', 'attending', NULL, '2026-03-12 05:39:01', '2026-03-12 05:39:01', NULL),
(221, 18, 7, '2025-12-22', 'attending', NULL, '2026-03-12 05:39:01', '2026-03-12 05:39:01', NULL),
(222, 18, 7, '2025-12-24', 'attending', NULL, '2026-03-12 05:39:01', '2026-03-12 05:39:01', NULL),
(223, 18, 7, '2025-12-29', 'attending', NULL, '2026-03-12 05:39:01', '2026-03-12 05:39:01', NULL),
(224, 18, 7, '2025-12-31', 'permission', 'Family Event', '2026-03-12 05:39:01', '2026-03-12 05:39:01', NULL),
(225, 18, 7, '2026-01-05', 'permission', 'Unknown', '2026-03-12 05:39:01', '2026-03-12 05:39:01', NULL),
(226, 18, 7, '2026-01-07', 'attending', NULL, '2026-03-12 05:39:01', '2026-03-12 05:39:01', NULL),
(227, 18, 7, '2026-01-12', 'attending', NULL, '2026-03-12 05:39:01', '2026-03-12 05:39:01', NULL),
(228, 18, 7, '2026-01-14', 'attending', NULL, '2026-03-12 05:39:01', '2026-03-12 05:39:01', NULL),
(229, 18, 7, '2026-01-19', 'attending', NULL, '2026-03-12 05:39:01', '2026-03-12 05:39:01', NULL),
(230, 18, 7, '2026-01-21', 'attending', NULL, '2026-03-12 05:39:01', '2026-03-12 05:39:01', NULL),
(231, 18, 7, '2026-01-26', 'attending', NULL, '2026-03-12 05:39:01', '2026-03-12 05:39:01', NULL),
(232, 18, 7, '2026-01-28', 'attending', NULL, '2026-03-12 05:39:01', '2026-03-12 05:39:01', NULL),
(233, 18, 7, '2026-02-02', 'attending', NULL, '2026-03-12 05:39:01', '2026-03-12 05:39:01', NULL),
(234, 18, 7, '2026-02-04', 'absence', 'Sick', '2026-03-12 05:39:01', '2026-03-12 05:39:01', NULL),
(235, 18, 7, '2026-02-09', 'attending', NULL, '2026-03-12 05:39:01', '2026-03-12 05:39:01', NULL),
(236, 18, 7, '2026-02-11', 'attending', NULL, '2026-03-12 05:39:01', '2026-03-12 05:39:01', NULL),
(237, 18, 7, '2026-02-16', 'absence', 'Sick', '2026-03-12 05:39:01', '2026-03-12 05:39:01', NULL),
(238, 18, 7, '2026-02-18', 'permission', 'Unknown', '2026-03-12 05:39:01', '2026-03-12 05:39:01', NULL),
(239, 18, 7, '2026-02-23', 'absence', 'Sick', '2026-03-12 05:39:01', '2026-03-12 05:39:01', NULL),
(240, 18, 7, '2026-02-25', 'attending', NULL, '2026-03-12 05:39:01', '2026-03-12 05:39:01', NULL),
(241, 18, 7, '2026-03-02', 'attending', NULL, '2026-03-12 05:39:01', '2026-03-12 05:39:01', NULL),
(242, 18, 7, '2026-03-04', 'attending', NULL, '2026-03-12 05:39:01', '2026-03-12 05:39:01', NULL),
(243, 18, 7, '2026-03-09', 'attending', NULL, '2026-03-12 05:39:01', '2026-03-12 05:39:01', NULL),
(244, 18, 7, '2026-03-11', 'attending', NULL, '2026-03-12 05:39:01', '2026-03-12 05:39:01', NULL),
(245, 19, 4, '2026-02-11', 'attending', NULL, '2026-03-12 05:39:01', '2026-03-12 05:39:01', NULL),
(246, 19, 4, '2026-02-16', 'attending', NULL, '2026-03-12 05:39:01', '2026-03-12 05:39:01', NULL),
(247, 19, 4, '2026-02-18', 'attending', NULL, '2026-03-12 05:39:01', '2026-03-12 05:39:01', NULL),
(248, 19, 4, '2026-02-23', 'attending', NULL, '2026-03-12 05:39:01', '2026-03-12 05:39:01', NULL),
(249, 19, 4, '2026-02-25', 'attending', NULL, '2026-03-12 05:39:01', '2026-03-12 05:39:01', NULL),
(250, 19, 4, '2026-03-02', 'attending', NULL, '2026-03-12 05:39:01', '2026-03-12 05:39:01', NULL),
(251, 19, 4, '2026-03-04', 'absence', 'Unknown', '2026-03-12 05:39:01', '2026-03-12 05:39:01', NULL),
(252, 19, 4, '2026-03-09', 'absence', 'Unknown', '2026-03-12 05:39:01', '2026-03-12 05:39:01', NULL),
(253, 19, 4, '2026-03-11', 'attending', NULL, '2026-03-12 05:39:01', '2026-03-12 05:39:01', NULL),
(254, 20, 6, '2025-12-15', 'attending', NULL, '2026-03-12 05:39:01', '2026-03-12 05:39:01', NULL),
(255, 20, 6, '2025-12-17', 'attending', NULL, '2026-03-12 05:39:01', '2026-03-12 05:39:01', NULL),
(256, 20, 6, '2025-12-22', 'attending', NULL, '2026-03-12 05:39:01', '2026-03-12 05:39:01', NULL),
(257, 20, 6, '2025-12-24', 'attending', NULL, '2026-03-12 05:39:01', '2026-03-12 05:39:01', NULL),
(258, 20, 6, '2025-12-29', 'attending', NULL, '2026-03-12 05:39:01', '2026-03-12 05:39:01', NULL),
(259, 20, 6, '2025-12-31', 'attending', NULL, '2026-03-12 05:39:01', '2026-03-12 05:39:01', NULL),
(260, 20, 6, '2026-01-05', 'attending', NULL, '2026-03-12 05:39:01', '2026-03-12 05:39:01', NULL),
(261, 20, 6, '2026-01-07', 'absence', 'Family Event', '2026-03-12 05:39:01', '2026-03-12 05:39:01', NULL),
(262, 20, 6, '2026-01-12', 'attending', NULL, '2026-03-12 05:39:01', '2026-03-12 05:39:01', NULL),
(263, 20, 6, '2026-01-14', 'attending', NULL, '2026-03-12 05:39:01', '2026-03-12 05:39:01', NULL),
(264, 20, 6, '2026-01-19', 'absence', 'Sick', '2026-03-12 05:39:01', '2026-03-12 05:39:01', NULL),
(265, 20, 6, '2026-01-21', 'attending', NULL, '2026-03-12 05:39:01', '2026-03-12 05:39:01', NULL),
(266, 20, 6, '2026-01-26', 'attending', NULL, '2026-03-12 05:39:01', '2026-03-12 05:39:01', NULL),
(267, 20, 6, '2026-01-28', 'attending', NULL, '2026-03-12 05:39:01', '2026-03-12 05:39:01', NULL),
(268, 20, 6, '2026-02-02', 'attending', NULL, '2026-03-12 05:39:01', '2026-03-12 05:39:01', NULL),
(269, 20, 6, '2026-02-04', 'attending', NULL, '2026-03-12 05:39:01', '2026-03-12 05:39:01', NULL),
(270, 20, 6, '2026-02-09', 'attending', NULL, '2026-03-12 05:39:01', '2026-03-12 05:39:01', NULL),
(271, 20, 6, '2026-02-11', 'attending', NULL, '2026-03-12 05:39:01', '2026-03-12 05:39:01', NULL),
(272, 20, 6, '2026-02-16', 'attending', NULL, '2026-03-12 05:39:01', '2026-03-12 05:39:01', NULL),
(273, 20, 6, '2026-02-18', 'attending', NULL, '2026-03-12 05:39:01', '2026-03-12 05:39:01', NULL),
(274, 20, 6, '2026-02-23', 'attending', NULL, '2026-03-12 05:39:01', '2026-03-12 05:39:01', NULL),
(275, 20, 6, '2026-02-25', 'absence', 'Family Event', '2026-03-12 05:39:01', '2026-03-12 05:39:01', NULL),
(276, 20, 6, '2026-03-02', 'attending', NULL, '2026-03-12 05:39:01', '2026-03-12 05:39:01', NULL),
(277, 20, 6, '2026-03-04', 'attending', NULL, '2026-03-12 05:39:01', '2026-03-12 05:39:01', NULL),
(278, 20, 6, '2026-03-09', 'attending', NULL, '2026-03-12 05:39:01', '2026-03-12 05:39:01', NULL),
(279, 20, 6, '2026-03-11', 'attending', NULL, '2026-03-12 05:39:01', '2026-03-12 05:39:01', NULL),
(280, 21, 3, '2025-12-15', 'attending', NULL, '2026-03-12 05:39:01', '2026-03-12 05:39:01', NULL),
(281, 21, 3, '2025-12-17', 'attending', NULL, '2026-03-12 05:39:01', '2026-03-12 05:39:01', NULL),
(282, 21, 3, '2025-12-22', 'attending', NULL, '2026-03-12 05:39:01', '2026-03-12 05:39:01', NULL),
(283, 21, 3, '2025-12-24', 'attending', NULL, '2026-03-12 05:39:01', '2026-03-12 05:39:01', NULL),
(284, 21, 3, '2025-12-29', 'attending', NULL, '2026-03-12 05:39:01', '2026-03-12 05:39:01', NULL),
(285, 21, 3, '2025-12-31', 'attending', NULL, '2026-03-12 05:39:01', '2026-03-12 05:39:01', NULL),
(286, 21, 3, '2026-01-05', 'attending', NULL, '2026-03-12 05:39:01', '2026-03-12 05:39:01', NULL),
(287, 21, 3, '2026-01-07', 'attending', NULL, '2026-03-12 05:39:01', '2026-03-12 05:39:01', NULL),
(288, 21, 3, '2026-01-12', 'attending', NULL, '2026-03-12 05:39:01', '2026-03-12 05:39:01', NULL),
(289, 21, 3, '2026-01-14', 'attending', NULL, '2026-03-12 05:39:01', '2026-03-12 05:39:01', NULL),
(290, 21, 3, '2026-01-19', 'attending', NULL, '2026-03-12 05:39:01', '2026-03-12 05:39:01', NULL),
(291, 21, 3, '2026-01-21', 'absence', 'Family Event', '2026-03-12 05:39:01', '2026-03-12 05:39:01', NULL),
(292, 21, 3, '2026-01-26', 'attending', NULL, '2026-03-12 05:39:01', '2026-03-12 05:39:01', NULL),
(293, 21, 3, '2026-01-28', 'permission', 'Family Event', '2026-03-12 05:39:01', '2026-03-12 05:39:01', NULL),
(294, 21, 3, '2026-02-02', 'attending', NULL, '2026-03-12 05:39:01', '2026-03-12 05:39:01', NULL),
(295, 21, 3, '2026-02-04', 'attending', NULL, '2026-03-12 05:39:01', '2026-03-12 05:39:01', NULL),
(296, 21, 3, '2026-02-09', 'attending', NULL, '2026-03-12 05:39:01', '2026-03-12 05:39:01', NULL),
(297, 21, 3, '2026-02-11', 'attending', NULL, '2026-03-12 05:39:01', '2026-03-12 05:39:01', NULL),
(298, 21, 3, '2026-02-16', 'attending', NULL, '2026-03-12 05:39:01', '2026-03-12 05:39:01', NULL),
(299, 21, 3, '2026-02-18', 'attending', NULL, '2026-03-12 05:39:01', '2026-03-12 05:39:01', NULL),
(300, 21, 3, '2026-02-23', 'attending', NULL, '2026-03-12 05:39:01', '2026-03-12 05:39:01', NULL),
(301, 21, 3, '2026-02-25', 'attending', NULL, '2026-03-12 05:39:01', '2026-03-12 05:39:01', NULL),
(302, 21, 3, '2026-03-02', 'attending', NULL, '2026-03-12 05:39:01', '2026-03-12 05:39:01', NULL),
(303, 21, 3, '2026-03-04', 'attending', NULL, '2026-03-12 05:39:01', '2026-03-12 05:39:01', NULL),
(304, 21, 3, '2026-03-09', 'attending', NULL, '2026-03-12 05:39:01', '2026-03-12 05:39:01', NULL),
(305, 21, 3, '2026-03-11', 'attending', NULL, '2026-03-12 05:39:01', '2026-03-12 05:39:01', NULL),
(332, 23, 3, '2025-12-15', 'permission', 'Sick', '2026-03-12 05:39:01', '2026-03-12 05:39:01', NULL),
(333, 23, 3, '2025-12-17', 'attending', NULL, '2026-03-12 05:39:01', '2026-03-12 05:39:01', NULL),
(334, 23, 3, '2025-12-22', 'attending', NULL, '2026-03-12 05:39:01', '2026-03-12 05:39:01', NULL),
(335, 23, 3, '2025-12-24', 'attending', NULL, '2026-03-12 05:39:01', '2026-03-12 05:39:01', NULL),
(336, 23, 3, '2025-12-29', 'attending', NULL, '2026-03-12 05:39:01', '2026-03-12 05:39:01', NULL),
(337, 23, 3, '2025-12-31', 'attending', NULL, '2026-03-12 05:39:01', '2026-03-12 05:39:01', NULL),
(338, 23, 3, '2026-01-05', 'attending', NULL, '2026-03-12 05:39:01', '2026-03-12 05:39:01', NULL),
(339, 23, 3, '2026-01-07', 'attending', NULL, '2026-03-12 05:39:01', '2026-03-12 05:39:01', NULL),
(340, 23, 3, '2026-01-12', 'attending', NULL, '2026-03-12 05:39:01', '2026-03-12 05:39:01', NULL),
(341, 23, 3, '2026-01-14', 'permission', 'Unknown', '2026-03-12 05:39:01', '2026-03-12 05:39:01', NULL),
(342, 23, 3, '2026-01-19', 'attending', NULL, '2026-03-12 05:39:01', '2026-03-12 05:39:01', NULL),
(343, 23, 3, '2026-01-21', 'attending', NULL, '2026-03-12 05:39:01', '2026-03-12 05:39:01', NULL),
(344, 23, 3, '2026-01-26', 'attending', NULL, '2026-03-12 05:39:01', '2026-03-12 05:39:01', NULL),
(345, 23, 3, '2026-01-28', 'attending', NULL, '2026-03-12 05:39:01', '2026-03-12 05:39:01', NULL),
(346, 23, 3, '2026-02-02', 'attending', NULL, '2026-03-12 05:39:01', '2026-03-12 05:39:01', NULL),
(347, 23, 3, '2026-02-04', 'attending', NULL, '2026-03-12 05:39:01', '2026-03-12 05:39:01', NULL),
(348, 23, 3, '2026-02-09', 'attending', NULL, '2026-03-12 05:39:01', '2026-03-12 05:39:01', NULL),
(349, 23, 3, '2026-02-11', 'attending', NULL, '2026-03-12 05:39:01', '2026-03-12 05:39:01', NULL),
(350, 23, 3, '2026-02-16', 'attending', NULL, '2026-03-12 05:39:01', '2026-03-12 05:39:01', NULL),
(351, 23, 3, '2026-02-18', 'absence', 'Sick', '2026-03-12 05:39:01', '2026-03-12 05:39:01', NULL),
(352, 23, 3, '2026-02-23', 'attending', NULL, '2026-03-12 05:39:01', '2026-03-12 05:39:01', NULL),
(353, 23, 3, '2026-02-25', 'attending', NULL, '2026-03-12 05:39:01', '2026-03-12 05:39:01', NULL),
(354, 23, 3, '2026-03-02', 'attending', NULL, '2026-03-12 05:39:01', '2026-03-12 05:39:01', NULL),
(355, 23, 3, '2026-03-04', 'attending', NULL, '2026-03-12 05:39:01', '2026-03-12 05:39:01', NULL),
(356, 23, 3, '2026-03-09', 'attending', NULL, '2026-03-12 05:39:01', '2026-03-12 05:39:01', NULL),
(357, 23, 3, '2026-03-11', 'attending', NULL, '2026-03-12 05:39:01', '2026-03-12 05:39:01', NULL),
(358, 24, 7, '2025-12-15', 'attending', NULL, '2026-03-12 05:39:01', '2026-03-12 05:39:01', NULL),
(359, 24, 7, '2025-12-17', 'attending', NULL, '2026-03-12 05:39:01', '2026-03-12 05:39:01', NULL),
(360, 24, 7, '2025-12-22', 'attending', NULL, '2026-03-12 05:39:01', '2026-03-12 05:39:01', NULL),
(361, 24, 7, '2025-12-24', 'attending', NULL, '2026-03-12 05:39:01', '2026-03-12 05:39:01', NULL),
(362, 24, 7, '2025-12-29', 'attending', NULL, '2026-03-12 05:39:01', '2026-03-12 05:39:01', NULL),
(363, 24, 7, '2025-12-31', 'attending', NULL, '2026-03-12 05:39:01', '2026-03-12 05:39:01', NULL),
(364, 24, 7, '2026-01-05', 'attending', NULL, '2026-03-12 05:39:01', '2026-03-12 05:39:01', NULL),
(365, 24, 7, '2026-01-07', 'attending', NULL, '2026-03-12 05:39:01', '2026-03-12 05:39:01', NULL),
(366, 24, 7, '2026-01-12', 'attending', NULL, '2026-03-12 05:39:01', '2026-03-12 05:39:01', NULL),
(367, 24, 7, '2026-01-14', 'absence', 'Family Event', '2026-03-12 05:39:01', '2026-03-12 05:39:01', NULL),
(368, 24, 7, '2026-01-19', 'attending', NULL, '2026-03-12 05:39:01', '2026-03-12 05:39:01', NULL),
(369, 24, 7, '2026-01-21', 'attending', NULL, '2026-03-12 05:39:01', '2026-03-12 05:39:01', NULL),
(370, 24, 7, '2026-01-26', 'attending', NULL, '2026-03-12 05:39:01', '2026-03-12 05:39:01', NULL),
(371, 24, 7, '2026-01-28', 'attending', NULL, '2026-03-12 05:39:01', '2026-03-12 05:39:01', NULL),
(372, 24, 7, '2026-02-02', 'attending', NULL, '2026-03-12 05:39:01', '2026-03-12 05:39:01', NULL),
(373, 24, 7, '2026-02-04', 'attending', NULL, '2026-03-12 05:39:01', '2026-03-12 05:39:01', NULL),
(374, 24, 7, '2026-02-09', 'attending', NULL, '2026-03-12 05:39:01', '2026-03-12 05:39:01', NULL),
(375, 24, 7, '2026-02-11', 'attending', NULL, '2026-03-12 05:39:01', '2026-03-12 05:39:01', NULL),
(376, 24, 7, '2026-02-16', 'attending', NULL, '2026-03-12 05:39:01', '2026-03-12 05:39:01', NULL),
(377, 24, 7, '2026-02-18', 'attending', NULL, '2026-03-12 05:39:01', '2026-03-12 05:39:01', NULL),
(378, 24, 7, '2026-02-23', 'absence', 'Sick', '2026-03-12 05:39:01', '2026-03-12 05:39:01', NULL),
(379, 24, 7, '2026-02-25', 'attending', NULL, '2026-03-12 05:39:01', '2026-03-12 05:39:01', NULL),
(380, 24, 7, '2026-03-02', 'attending', NULL, '2026-03-12 05:39:01', '2026-03-12 05:39:01', NULL),
(381, 24, 7, '2026-03-04', 'attending', NULL, '2026-03-12 05:39:01', '2026-03-12 05:39:01', NULL),
(382, 24, 7, '2026-03-09', 'attending', NULL, '2026-03-12 05:39:01', '2026-03-12 05:39:01', NULL),
(383, 24, 7, '2026-03-11', 'attending', NULL, '2026-03-12 05:39:01', '2026-03-12 05:39:01', NULL),
(384, 25, 5, '2026-02-11', 'attending', NULL, '2026-03-12 05:39:01', '2026-03-12 05:39:01', NULL),
(385, 25, 5, '2026-02-16', 'attending', NULL, '2026-03-12 05:39:01', '2026-03-12 05:39:01', NULL),
(386, 25, 5, '2026-02-18', 'attending', NULL, '2026-03-12 05:39:01', '2026-03-12 05:39:01', NULL),
(387, 25, 5, '2026-02-23', 'attending', NULL, '2026-03-12 05:39:01', '2026-03-12 05:39:01', NULL),
(388, 25, 5, '2026-02-25', 'attending', NULL, '2026-03-12 05:39:01', '2026-03-12 05:39:01', NULL),
(389, 25, 5, '2026-03-02', 'attending', NULL, '2026-03-12 05:39:01', '2026-03-12 05:39:01', NULL),
(390, 25, 5, '2026-03-04', 'attending', NULL, '2026-03-12 05:39:01', '2026-03-12 05:39:01', NULL),
(391, 25, 5, '2026-03-09', 'absence', 'Sick', '2026-03-12 05:39:01', '2026-03-12 05:39:01', NULL),
(392, 25, 5, '2026-03-11', 'attending', NULL, '2026-03-12 05:39:01', '2026-03-12 05:39:01', NULL),
(393, 26, 6, '2026-02-11', 'attending', NULL, '2026-03-12 05:39:01', '2026-03-12 05:39:01', NULL),
(394, 26, 6, '2026-02-16', 'attending', NULL, '2026-03-12 05:39:01', '2026-03-12 05:39:01', NULL),
(395, 26, 6, '2026-02-18', 'absence', 'Unknown', '2026-03-12 05:39:01', '2026-03-12 05:39:01', NULL),
(396, 26, 6, '2026-02-23', 'attending', NULL, '2026-03-12 05:39:01', '2026-03-12 05:39:01', NULL),
(397, 26, 6, '2026-02-25', 'attending', NULL, '2026-03-12 05:39:01', '2026-03-12 05:39:01', NULL),
(398, 26, 6, '2026-03-02', 'absence', 'Sick', '2026-03-12 05:39:01', '2026-03-12 05:39:01', NULL),
(399, 26, 6, '2026-03-04', 'attending', NULL, '2026-03-12 05:39:01', '2026-03-12 05:39:01', NULL),
(400, 26, 6, '2026-03-09', 'attending', NULL, '2026-03-12 05:39:01', '2026-03-12 05:39:01', NULL),
(401, 26, 6, '2026-03-11', 'attending', NULL, '2026-03-12 05:39:01', '2026-03-12 05:39:01', NULL),
(481, 32, 7, '2025-12-15', 'permission', 'Sick', '2026-03-12 05:39:01', '2026-03-12 05:39:01', NULL),
(482, 32, 7, '2025-12-17', 'attending', NULL, '2026-03-12 05:39:01', '2026-03-12 05:39:01', NULL),
(483, 32, 7, '2025-12-22', 'attending', NULL, '2026-03-12 05:39:01', '2026-03-12 05:39:01', NULL),
(484, 32, 7, '2025-12-24', 'attending', NULL, '2026-03-12 05:39:01', '2026-03-12 05:39:01', NULL),
(485, 32, 7, '2025-12-29', 'attending', NULL, '2026-03-12 05:39:01', '2026-03-12 05:39:01', NULL),
(486, 32, 7, '2025-12-31', 'attending', NULL, '2026-03-12 05:39:01', '2026-03-12 05:39:01', NULL),
(487, 32, 7, '2026-01-05', 'attending', NULL, '2026-03-12 05:39:01', '2026-03-12 05:39:01', NULL),
(488, 32, 7, '2026-01-07', 'attending', NULL, '2026-03-12 05:39:01', '2026-03-12 05:39:01', NULL),
(489, 32, 7, '2026-01-12', 'attending', NULL, '2026-03-12 05:39:01', '2026-03-12 05:39:01', NULL),
(490, 32, 7, '2026-01-14', 'attending', NULL, '2026-03-12 05:39:01', '2026-03-12 05:39:01', NULL),
(491, 32, 7, '2026-01-19', 'attending', NULL, '2026-03-12 05:39:01', '2026-03-12 05:39:01', NULL),
(492, 32, 7, '2026-01-21', 'attending', NULL, '2026-03-12 05:39:01', '2026-03-12 05:39:01', NULL),
(493, 32, 7, '2026-01-26', 'attending', NULL, '2026-03-12 05:39:01', '2026-03-12 05:39:01', NULL),
(494, 32, 7, '2026-01-28', 'absence', 'Sick', '2026-03-12 05:39:01', '2026-03-12 05:39:01', NULL),
(495, 32, 7, '2026-02-02', 'attending', NULL, '2026-03-12 05:39:01', '2026-03-12 05:39:01', NULL),
(496, 32, 7, '2026-02-04', 'attending', NULL, '2026-03-12 05:39:01', '2026-03-12 05:39:01', NULL),
(497, 32, 7, '2026-02-09', 'attending', NULL, '2026-03-12 05:39:01', '2026-03-12 05:39:01', NULL),
(498, 32, 7, '2026-02-11', 'absence', 'Unknown', '2026-03-12 05:39:01', '2026-03-12 05:39:01', NULL),
(499, 32, 7, '2026-02-16', 'attending', NULL, '2026-03-12 05:39:01', '2026-03-12 05:39:01', NULL),
(500, 32, 7, '2026-02-18', 'attending', NULL, '2026-03-12 05:39:01', '2026-03-12 05:39:01', NULL),
(501, 32, 7, '2026-02-23', 'attending', NULL, '2026-03-12 05:39:01', '2026-03-12 05:39:01', NULL),
(502, 32, 7, '2026-02-25', 'attending', NULL, '2026-03-12 05:39:01', '2026-03-12 05:39:01', NULL),
(503, 32, 7, '2026-03-02', 'attending', NULL, '2026-03-12 05:39:01', '2026-03-12 05:39:01', NULL),
(504, 32, 7, '2026-03-04', 'attending', NULL, '2026-03-12 05:39:01', '2026-03-12 05:39:01', NULL),
(505, 32, 7, '2026-03-09', 'attending', NULL, '2026-03-12 05:39:01', '2026-03-12 05:39:01', NULL),
(506, 32, 7, '2026-03-11', 'attending', NULL, '2026-03-12 05:39:01', '2026-03-12 05:39:01', NULL),
(507, 33, 2, '2026-02-11', 'attending', NULL, '2026-03-12 05:39:01', '2026-03-12 05:39:01', NULL),
(508, 33, 2, '2026-02-16', 'attending', NULL, '2026-03-12 05:39:01', '2026-03-12 05:39:01', NULL),
(509, 33, 2, '2026-02-18', 'absence', 'Sick', '2026-03-12 05:39:01', '2026-03-12 05:39:01', NULL),
(510, 33, 2, '2026-02-23', 'permission', 'Family Event', '2026-03-12 05:39:01', '2026-03-12 05:39:01', NULL),
(511, 33, 2, '2026-02-25', 'attending', NULL, '2026-03-12 05:39:01', '2026-03-12 05:39:01', NULL),
(512, 33, 2, '2026-03-02', 'attending', NULL, '2026-03-12 05:39:01', '2026-03-12 05:39:01', NULL),
(513, 33, 2, '2026-03-04', 'attending', NULL, '2026-03-12 05:39:01', '2026-03-12 05:39:01', NULL),
(514, 33, 2, '2026-03-09', 'attending', NULL, '2026-03-12 05:39:01', '2026-03-12 05:39:01', NULL),
(515, 33, 2, '2026-03-11', 'attending', NULL, '2026-03-12 05:39:01', '2026-03-12 05:39:01', NULL),
(516, 34, 7, '2026-02-11', 'attending', NULL, '2026-03-12 05:39:01', '2026-03-12 05:39:01', NULL),
(517, 34, 7, '2026-02-16', 'attending', NULL, '2026-03-12 05:39:01', '2026-03-12 05:39:01', NULL),
(518, 34, 7, '2026-02-18', 'attending', NULL, '2026-03-12 05:39:01', '2026-03-12 05:39:01', NULL),
(519, 34, 7, '2026-02-23', 'attending', NULL, '2026-03-12 05:39:01', '2026-03-12 05:39:01', NULL),
(520, 34, 7, '2026-02-25', 'attending', NULL, '2026-03-12 05:39:01', '2026-03-12 05:39:01', NULL),
(521, 34, 7, '2026-03-02', 'attending', NULL, '2026-03-12 05:39:01', '2026-03-12 05:39:01', NULL),
(522, 34, 7, '2026-03-04', 'attending', NULL, '2026-03-12 05:39:01', '2026-03-12 05:39:01', NULL),
(523, 34, 7, '2026-03-09', 'attending', NULL, '2026-03-12 05:39:01', '2026-03-12 05:39:01', NULL),
(524, 34, 7, '2026-03-11', 'permission', 'Family Event', '2026-03-12 05:39:01', '2026-03-12 05:39:01', NULL),
(525, 35, 3, '2025-12-15', 'attending', NULL, '2026-03-12 05:39:01', '2026-03-12 05:39:01', NULL),
(526, 35, 3, '2025-12-17', 'attending', NULL, '2026-03-12 05:39:01', '2026-03-12 05:39:01', NULL),
(527, 35, 3, '2025-12-22', 'attending', NULL, '2026-03-12 05:39:01', '2026-03-12 05:39:01', NULL),
(528, 35, 3, '2025-12-24', 'attending', NULL, '2026-03-12 05:39:01', '2026-03-12 05:39:01', NULL),
(529, 35, 3, '2025-12-29', 'attending', NULL, '2026-03-12 05:39:01', '2026-03-12 05:39:01', NULL),
(530, 35, 3, '2025-12-31', 'attending', NULL, '2026-03-12 05:39:01', '2026-03-12 05:39:01', NULL),
(531, 35, 3, '2026-01-05', 'attending', NULL, '2026-03-12 05:39:01', '2026-03-12 05:39:01', NULL),
(532, 35, 3, '2026-01-07', 'absence', 'Family Event', '2026-03-12 05:39:01', '2026-03-12 05:39:01', NULL),
(533, 35, 3, '2026-01-12', 'attending', NULL, '2026-03-12 05:39:01', '2026-03-12 05:39:01', NULL),
(534, 35, 3, '2026-01-14', 'attending', NULL, '2026-03-12 05:39:01', '2026-03-12 05:39:01', NULL),
(535, 35, 3, '2026-01-19', 'attending', NULL, '2026-03-12 05:39:01', '2026-03-12 05:39:01', NULL),
(536, 35, 3, '2026-01-21', 'attending', NULL, '2026-03-12 05:39:01', '2026-03-12 05:39:01', NULL),
(537, 35, 3, '2026-01-26', 'attending', NULL, '2026-03-12 05:39:01', '2026-03-12 05:39:01', NULL),
(538, 35, 3, '2026-01-28', 'attending', NULL, '2026-03-12 05:39:01', '2026-03-12 05:39:01', NULL),
(539, 35, 3, '2026-02-02', 'attending', NULL, '2026-03-12 05:39:01', '2026-03-12 05:39:01', NULL),
(540, 35, 3, '2026-02-04', 'attending', NULL, '2026-03-12 05:39:01', '2026-03-12 05:39:01', NULL),
(541, 35, 3, '2026-02-09', 'attending', NULL, '2026-03-12 05:39:01', '2026-03-12 05:39:01', NULL),
(542, 35, 3, '2026-02-11', 'attending', NULL, '2026-03-12 05:39:01', '2026-03-12 05:39:01', NULL),
(543, 35, 3, '2026-02-16', 'attending', NULL, '2026-03-12 05:39:01', '2026-03-12 05:39:01', NULL),
(544, 35, 3, '2026-02-18', 'attending', NULL, '2026-03-12 05:39:01', '2026-03-12 05:39:01', NULL),
(545, 35, 3, '2026-02-23', 'attending', NULL, '2026-03-12 05:39:01', '2026-03-12 05:39:01', NULL),
(546, 35, 3, '2026-02-25', 'attending', NULL, '2026-03-12 05:39:01', '2026-03-12 05:39:01', NULL),
(547, 35, 3, '2026-03-02', 'absence', 'Unknown', '2026-03-12 05:39:01', '2026-03-12 05:39:01', NULL),
(548, 35, 3, '2026-03-04', 'attending', NULL, '2026-03-12 05:39:01', '2026-03-12 05:39:01', NULL),
(549, 35, 3, '2026-03-09', 'attending', NULL, '2026-03-12 05:39:01', '2026-03-12 05:39:01', NULL),
(550, 35, 3, '2026-03-11', 'attending', NULL, '2026-03-12 05:39:01', '2026-03-12 05:39:01', NULL),
(569, 38, 6, '2025-12-15', 'attending', NULL, '2026-03-12 05:39:01', '2026-03-12 05:39:01', NULL),
(570, 38, 6, '2025-12-17', 'attending', NULL, '2026-03-12 05:39:01', '2026-03-12 05:39:01', NULL),
(571, 38, 6, '2025-12-22', 'attending', NULL, '2026-03-12 05:39:01', '2026-03-12 05:39:01', NULL),
(572, 38, 6, '2025-12-24', 'absence', 'Sick', '2026-03-12 05:39:01', '2026-03-12 05:39:01', NULL),
(573, 38, 6, '2025-12-29', 'attending', NULL, '2026-03-12 05:39:01', '2026-03-12 05:39:01', NULL),
(574, 38, 6, '2025-12-31', 'attending', NULL, '2026-03-12 05:39:01', '2026-03-12 05:39:01', NULL),
(575, 38, 6, '2026-01-05', 'attending', NULL, '2026-03-12 05:39:01', '2026-03-12 05:39:01', NULL),
(576, 38, 6, '2026-01-07', 'attending', NULL, '2026-03-12 05:39:01', '2026-03-12 05:39:01', NULL),
(577, 38, 6, '2026-01-12', 'attending', NULL, '2026-03-12 05:39:01', '2026-03-12 05:39:01', NULL),
(578, 38, 6, '2026-01-14', 'attending', NULL, '2026-03-12 05:39:01', '2026-03-12 05:39:01', NULL),
(579, 38, 6, '2026-01-19', 'attending', NULL, '2026-03-12 05:39:01', '2026-03-12 05:39:01', NULL),
(580, 38, 6, '2026-01-21', 'attending', NULL, '2026-03-12 05:39:01', '2026-03-12 05:39:01', NULL),
(581, 38, 6, '2026-01-26', 'attending', NULL, '2026-03-12 05:39:01', '2026-03-12 05:39:01', NULL),
(582, 38, 6, '2026-01-28', 'attending', NULL, '2026-03-12 05:39:01', '2026-03-12 05:39:01', NULL),
(583, 38, 6, '2026-02-02', 'attending', NULL, '2026-03-12 05:39:01', '2026-03-12 05:39:01', NULL),
(584, 38, 6, '2026-02-04', 'attending', NULL, '2026-03-12 05:39:01', '2026-03-12 05:39:01', NULL),
(585, 38, 6, '2026-02-09', 'attending', NULL, '2026-03-12 05:39:01', '2026-03-12 05:39:01', NULL),
(586, 38, 6, '2026-02-11', 'attending', NULL, '2026-03-12 05:39:01', '2026-03-12 05:39:01', NULL),
(587, 38, 6, '2026-02-16', 'permission', 'Sick', '2026-03-12 05:39:01', '2026-03-12 05:39:01', NULL),
(588, 38, 6, '2026-02-18', 'attending', NULL, '2026-03-12 05:39:01', '2026-03-12 05:39:01', NULL),
(589, 38, 6, '2026-02-23', 'attending', NULL, '2026-03-12 05:39:01', '2026-03-12 05:39:01', NULL),
(590, 38, 6, '2026-02-25', 'attending', NULL, '2026-03-12 05:39:01', '2026-03-12 05:39:01', NULL),
(591, 38, 6, '2026-03-02', 'attending', NULL, '2026-03-12 05:39:01', '2026-03-12 05:39:01', NULL),
(592, 38, 6, '2026-03-04', 'attending', NULL, '2026-03-12 05:39:01', '2026-03-12 05:39:01', NULL),
(593, 38, 6, '2026-03-09', 'absence', 'Family Event', '2026-03-12 05:39:01', '2026-03-12 05:39:01', NULL),
(594, 38, 6, '2026-03-11', 'attending', NULL, '2026-03-12 05:39:01', '2026-03-12 05:39:01', NULL),
(595, 39, 2, '2026-02-11', 'attending', NULL, '2026-03-12 05:39:01', '2026-03-12 05:39:01', NULL),
(596, 39, 2, '2026-02-16', 'attending', NULL, '2026-03-12 05:39:01', '2026-03-12 05:39:01', NULL),
(597, 39, 2, '2026-02-18', 'attending', NULL, '2026-03-12 05:39:01', '2026-03-12 05:39:01', NULL),
(598, 39, 2, '2026-02-23', 'attending', NULL, '2026-03-12 05:39:01', '2026-03-12 05:39:01', NULL),
(599, 39, 2, '2026-02-25', 'attending', NULL, '2026-03-12 05:39:01', '2026-03-12 05:39:01', NULL),
(600, 39, 2, '2026-03-02', 'attending', NULL, '2026-03-12 05:39:01', '2026-03-12 05:39:01', NULL),
(601, 39, 2, '2026-03-04', 'attending', NULL, '2026-03-12 05:39:01', '2026-03-12 05:39:01', NULL),
(602, 39, 2, '2026-03-09', 'attending', NULL, '2026-03-12 05:39:01', '2026-03-12 05:39:01', NULL),
(603, 39, 2, '2026-03-11', 'attending', NULL, '2026-03-12 05:39:01', '2026-03-12 05:39:01', NULL),
(604, 40, 2, '2025-12-15', 'attending', NULL, '2026-03-12 05:39:01', '2026-03-12 05:39:01', NULL),
(605, 40, 2, '2025-12-17', 'attending', NULL, '2026-03-12 05:39:01', '2026-03-12 05:39:01', NULL),
(606, 40, 2, '2025-12-22', 'attending', NULL, '2026-03-12 05:39:01', '2026-03-12 05:39:01', NULL),
(607, 40, 2, '2025-12-24', 'attending', NULL, '2026-03-12 05:39:01', '2026-03-12 05:39:01', NULL),
(608, 40, 2, '2025-12-29', 'permission', 'Family Event', '2026-03-12 05:39:01', '2026-03-12 05:39:01', NULL),
(609, 40, 2, '2025-12-31', 'attending', NULL, '2026-03-12 05:39:01', '2026-03-12 05:39:01', NULL),
(610, 40, 2, '2026-01-05', 'attending', NULL, '2026-03-12 05:39:01', '2026-03-12 05:39:01', NULL),
(611, 40, 2, '2026-01-07', 'attending', NULL, '2026-03-12 05:39:01', '2026-03-12 05:39:01', NULL),
(612, 40, 2, '2026-01-12', 'attending', NULL, '2026-03-12 05:39:01', '2026-03-12 05:39:01', NULL),
(613, 40, 2, '2026-01-14', 'attending', NULL, '2026-03-12 05:39:01', '2026-03-12 05:39:01', NULL),
(614, 40, 2, '2026-01-19', 'attending', NULL, '2026-03-12 05:39:01', '2026-03-12 05:39:01', NULL),
(615, 40, 2, '2026-01-21', 'attending', NULL, '2026-03-12 05:39:01', '2026-03-12 05:39:01', NULL),
(616, 40, 2, '2026-01-26', 'attending', NULL, '2026-03-12 05:39:01', '2026-03-12 05:39:01', NULL),
(617, 40, 2, '2026-01-28', 'attending', NULL, '2026-03-12 05:39:01', '2026-03-12 05:39:01', NULL),
(618, 40, 2, '2026-02-02', 'attending', NULL, '2026-03-12 05:39:01', '2026-03-12 05:39:01', NULL),
(619, 40, 2, '2026-02-04', 'attending', NULL, '2026-03-12 05:39:01', '2026-03-12 05:39:01', NULL),
(620, 40, 2, '2026-02-09', 'attending', NULL, '2026-03-12 05:39:01', '2026-03-12 05:39:01', NULL),
(621, 40, 2, '2026-02-11', 'attending', NULL, '2026-03-12 05:39:01', '2026-03-12 05:39:01', NULL),
(622, 40, 2, '2026-02-16', 'attending', NULL, '2026-03-12 05:39:01', '2026-03-12 05:39:01', NULL),
(623, 40, 2, '2026-02-18', 'attending', NULL, '2026-03-12 05:39:01', '2026-03-12 05:39:01', NULL),
(624, 40, 2, '2026-02-23', 'attending', NULL, '2026-03-12 05:39:01', '2026-03-12 05:39:01', NULL),
(625, 40, 2, '2026-02-25', 'attending', NULL, '2026-03-12 05:39:01', '2026-03-12 05:39:01', NULL),
(626, 40, 2, '2026-03-02', 'attending', NULL, '2026-03-12 05:39:01', '2026-03-12 05:39:01', NULL),
(627, 40, 2, '2026-03-04', 'attending', NULL, '2026-03-12 05:39:01', '2026-03-12 05:39:01', NULL),
(628, 40, 2, '2026-03-09', 'absence', 'Family Event', '2026-03-12 05:39:01', '2026-03-12 05:39:01', NULL),
(629, 40, 2, '2026-03-11', 'attending', NULL, '2026-03-12 05:39:01', '2026-03-12 05:39:01', NULL),
(630, 41, 5, '2026-02-11', 'permission', 'Sick', '2026-03-12 05:39:01', '2026-03-12 05:39:01', NULL),
(631, 41, 5, '2026-02-16', 'attending', NULL, '2026-03-12 05:39:01', '2026-03-12 05:39:01', NULL),
(632, 41, 5, '2026-02-18', 'permission', 'Family Event', '2026-03-12 05:39:01', '2026-03-12 05:39:01', NULL),
(633, 41, 5, '2026-02-23', 'attending', NULL, '2026-03-12 05:39:01', '2026-03-12 05:39:01', NULL),
(634, 41, 5, '2026-02-25', 'attending', NULL, '2026-03-12 05:39:01', '2026-03-12 05:39:01', NULL),
(635, 41, 5, '2026-03-02', 'attending', NULL, '2026-03-12 05:39:01', '2026-03-12 05:39:01', NULL),
(636, 41, 5, '2026-03-04', 'attending', NULL, '2026-03-12 05:39:01', '2026-03-12 05:39:01', NULL),
(637, 41, 5, '2026-03-09', 'attending', NULL, '2026-03-12 05:39:01', '2026-03-12 05:39:01', NULL),
(638, 41, 5, '2026-03-11', 'absence', 'Sick', '2026-03-12 05:39:01', '2026-03-12 05:39:01', NULL),
(639, 42, 7, '2025-12-15', 'attending', NULL, '2026-03-12 05:39:01', '2026-03-12 05:39:01', NULL),
(640, 42, 7, '2025-12-17', 'attending', NULL, '2026-03-12 05:39:01', '2026-03-12 05:39:01', NULL),
(641, 42, 7, '2025-12-22', 'absence', 'Family Event', '2026-03-12 05:39:01', '2026-03-12 05:39:01', NULL),
(642, 42, 7, '2025-12-24', 'attending', NULL, '2026-03-12 05:39:01', '2026-03-12 05:39:01', NULL),
(643, 42, 7, '2025-12-29', 'attending', NULL, '2026-03-12 05:39:01', '2026-03-12 05:39:01', NULL),
(644, 42, 7, '2025-12-31', 'attending', NULL, '2026-03-12 05:39:01', '2026-03-12 05:39:01', NULL),
(645, 42, 7, '2026-01-05', 'attending', NULL, '2026-03-12 05:39:01', '2026-03-12 05:39:01', NULL),
(646, 42, 7, '2026-01-07', 'attending', NULL, '2026-03-12 05:39:01', '2026-03-12 05:39:01', NULL),
(647, 42, 7, '2026-01-12', 'attending', NULL, '2026-03-12 05:39:01', '2026-03-12 05:39:01', NULL),
(648, 42, 7, '2026-01-14', 'attending', NULL, '2026-03-12 05:39:01', '2026-03-12 05:39:01', NULL),
(649, 42, 7, '2026-01-19', 'attending', NULL, '2026-03-12 05:39:01', '2026-03-12 05:39:01', NULL),
(650, 42, 7, '2026-01-21', 'attending', NULL, '2026-03-12 05:39:01', '2026-03-12 05:39:01', NULL),
(651, 42, 7, '2026-01-26', 'attending', NULL, '2026-03-12 05:39:01', '2026-03-12 05:39:01', NULL),
(652, 42, 7, '2026-01-28', 'attending', NULL, '2026-03-12 05:39:01', '2026-03-12 05:39:01', NULL),
(653, 42, 7, '2026-02-02', 'attending', NULL, '2026-03-12 05:39:01', '2026-03-12 05:39:01', NULL),
(654, 42, 7, '2026-02-04', 'attending', NULL, '2026-03-12 05:39:01', '2026-03-12 05:39:01', NULL),
(655, 42, 7, '2026-02-09', 'attending', NULL, '2026-03-12 05:39:01', '2026-03-12 05:39:01', NULL),
(656, 42, 7, '2026-02-11', 'attending', NULL, '2026-03-12 05:39:01', '2026-03-12 05:39:01', NULL),
(657, 42, 7, '2026-02-16', 'attending', NULL, '2026-03-12 05:39:01', '2026-03-12 05:39:01', NULL),
(658, 42, 7, '2026-02-18', 'permission', 'Sick', '2026-03-12 05:39:01', '2026-03-12 05:39:01', NULL),
(659, 42, 7, '2026-02-23', 'attending', NULL, '2026-03-12 05:39:01', '2026-03-12 05:39:01', NULL),
(660, 42, 7, '2026-02-25', 'permission', 'Unknown', '2026-03-12 05:39:01', '2026-03-12 05:39:01', NULL),
(661, 42, 7, '2026-03-02', 'permission', 'Sick', '2026-03-12 05:39:01', '2026-03-12 05:39:01', NULL),
(662, 42, 7, '2026-03-04', 'attending', NULL, '2026-03-12 05:39:01', '2026-03-12 05:39:01', NULL),
(663, 42, 7, '2026-03-09', 'attending', NULL, '2026-03-12 05:39:01', '2026-03-12 05:39:01', NULL),
(664, 42, 7, '2026-03-11', 'attending', NULL, '2026-03-12 05:39:01', '2026-03-12 05:39:01', NULL),
(700, 45, 7, '2025-12-15', 'attending', NULL, '2026-03-12 05:39:01', '2026-03-12 05:39:01', NULL),
(701, 45, 7, '2025-12-17', 'attending', NULL, '2026-03-12 05:39:01', '2026-03-12 05:39:01', NULL),
(702, 45, 7, '2025-12-22', 'attending', NULL, '2026-03-12 05:39:01', '2026-03-12 05:39:01', NULL),
(703, 45, 7, '2025-12-24', 'attending', NULL, '2026-03-12 05:39:01', '2026-03-12 05:39:01', NULL),
(704, 45, 7, '2025-12-29', 'attending', NULL, '2026-03-12 05:39:01', '2026-03-12 05:39:01', NULL),
(705, 45, 7, '2025-12-31', 'attending', NULL, '2026-03-12 05:39:01', '2026-03-12 05:39:01', NULL),
(706, 45, 7, '2026-01-05', 'absence', 'Family Event', '2026-03-12 05:39:01', '2026-03-12 05:39:01', NULL),
(707, 45, 7, '2026-01-07', 'absence', 'Sick', '2026-03-12 05:39:01', '2026-03-12 05:39:01', NULL),
(708, 45, 7, '2026-01-12', 'permission', 'Family Event', '2026-03-12 05:39:01', '2026-03-12 05:39:01', NULL),
(709, 45, 7, '2026-01-14', 'attending', NULL, '2026-03-12 05:39:01', '2026-03-12 05:39:01', NULL),
(710, 45, 7, '2026-01-19', 'attending', NULL, '2026-03-12 05:39:01', '2026-03-12 05:39:01', NULL),
(711, 45, 7, '2026-01-21', 'attending', NULL, '2026-03-12 05:39:01', '2026-03-12 05:39:01', NULL),
(712, 45, 7, '2026-01-26', 'attending', NULL, '2026-03-12 05:39:01', '2026-03-12 05:39:01', NULL),
(713, 45, 7, '2026-01-28', 'attending', NULL, '2026-03-12 05:39:01', '2026-03-12 05:39:01', NULL),
(714, 45, 7, '2026-02-02', 'permission', 'Sick', '2026-03-12 05:39:01', '2026-03-12 05:39:01', NULL),
(715, 45, 7, '2026-02-04', 'attending', NULL, '2026-03-12 05:39:01', '2026-03-12 05:39:01', NULL),
(716, 45, 7, '2026-02-09', 'attending', NULL, '2026-03-12 05:39:01', '2026-03-12 05:39:01', NULL),
(717, 45, 7, '2026-02-11', 'attending', NULL, '2026-03-12 05:39:01', '2026-03-12 05:39:01', NULL),
(718, 45, 7, '2026-02-16', 'attending', NULL, '2026-03-12 05:39:01', '2026-03-12 05:39:01', NULL),
(719, 45, 7, '2026-02-18', 'permission', 'Unknown', '2026-03-12 05:39:01', '2026-03-12 05:39:01', NULL),
(720, 45, 7, '2026-02-23', 'attending', NULL, '2026-03-12 05:39:01', '2026-03-12 05:39:01', NULL),
(721, 45, 7, '2026-02-25', 'absence', 'Family Event', '2026-03-12 05:39:01', '2026-03-12 05:39:01', NULL),
(722, 45, 7, '2026-03-02', 'attending', NULL, '2026-03-12 05:39:01', '2026-03-12 05:39:01', NULL),
(723, 45, 7, '2026-03-04', 'attending', NULL, '2026-03-12 05:39:01', '2026-03-12 05:39:01', NULL),
(724, 45, 7, '2026-03-09', 'attending', NULL, '2026-03-12 05:39:01', '2026-03-12 05:39:01', NULL),
(725, 45, 7, '2026-03-11', 'attending', NULL, '2026-03-12 05:39:01', '2026-03-12 05:39:01', NULL),
(726, 46, 2, '2026-02-11', 'permission', 'Unknown', '2026-03-12 05:39:01', '2026-03-12 05:39:01', NULL),
(727, 46, 2, '2026-02-16', 'attending', NULL, '2026-03-12 05:39:01', '2026-03-12 05:39:01', NULL),
(728, 46, 2, '2026-02-18', 'attending', NULL, '2026-03-12 05:39:01', '2026-03-12 05:39:01', NULL),
(729, 46, 2, '2026-02-23', 'attending', NULL, '2026-03-12 05:39:01', '2026-03-12 05:39:01', NULL),
(730, 46, 2, '2026-02-25', 'attending', NULL, '2026-03-12 05:39:01', '2026-03-12 05:39:01', NULL),
(731, 46, 2, '2026-03-02', 'permission', 'Sick', '2026-03-12 05:39:01', '2026-03-12 05:39:01', NULL),
(732, 46, 2, '2026-03-04', 'attending', NULL, '2026-03-12 05:39:01', '2026-03-12 05:39:01', NULL),
(733, 46, 2, '2026-03-09', 'attending', NULL, '2026-03-12 05:39:01', '2026-03-12 05:39:01', NULL),
(734, 46, 2, '2026-03-11', 'attending', NULL, '2026-03-12 05:39:01', '2026-03-12 05:39:01', NULL),
(787, 49, 4, '2026-02-11', 'attending', NULL, '2026-03-12 05:39:01', '2026-03-12 05:39:01', NULL),
(788, 49, 4, '2026-02-16', 'attending', NULL, '2026-03-12 05:39:01', '2026-03-12 05:39:01', NULL),
(789, 49, 4, '2026-02-18', 'attending', NULL, '2026-03-12 05:39:01', '2026-03-12 05:39:01', NULL),
(790, 49, 4, '2026-02-23', 'attending', NULL, '2026-03-12 05:39:01', '2026-03-12 05:39:01', NULL),
(791, 49, 4, '2026-02-25', 'attending', NULL, '2026-03-12 05:39:01', '2026-03-12 05:39:01', NULL),
(792, 49, 4, '2026-03-02', 'attending', NULL, '2026-03-12 05:39:01', '2026-03-12 05:39:01', NULL),
(793, 49, 4, '2026-03-04', 'attending', NULL, '2026-03-12 05:39:01', '2026-03-12 05:39:01', NULL),
(794, 49, 4, '2026-03-09', 'attending', NULL, '2026-03-12 05:39:01', '2026-03-12 05:39:01', NULL),
(795, 49, 4, '2026-03-11', 'permission', 'Family Event', '2026-03-12 05:39:01', '2026-03-12 05:39:01', NULL),
(796, 50, 3, '2025-12-15', 'attending', NULL, '2026-03-12 05:39:01', '2026-03-12 05:39:01', NULL),
(797, 50, 3, '2025-12-17', 'attending', NULL, '2026-03-12 05:39:01', '2026-03-12 05:39:01', NULL),
(798, 50, 3, '2025-12-22', 'absence', 'Unknown', '2026-03-12 05:39:01', '2026-03-12 05:39:01', NULL),
(799, 50, 3, '2025-12-24', 'attending', NULL, '2026-03-12 05:39:01', '2026-03-12 05:39:01', NULL),
(800, 50, 3, '2025-12-29', 'attending', NULL, '2026-03-12 05:39:01', '2026-03-12 05:39:01', NULL),
(801, 50, 3, '2025-12-31', 'attending', NULL, '2026-03-12 05:39:01', '2026-03-12 05:39:01', NULL),
(802, 50, 3, '2026-01-05', 'attending', NULL, '2026-03-12 05:39:01', '2026-03-12 05:39:01', NULL),
(803, 50, 3, '2026-01-07', 'attending', NULL, '2026-03-12 05:39:01', '2026-03-12 05:39:01', NULL),
(804, 50, 3, '2026-01-12', 'attending', NULL, '2026-03-12 05:39:01', '2026-03-12 05:39:01', NULL),
(805, 50, 3, '2026-01-14', 'attending', NULL, '2026-03-12 05:39:01', '2026-03-12 05:39:01', NULL),
(806, 50, 3, '2026-01-19', 'attending', NULL, '2026-03-12 05:39:01', '2026-03-12 05:39:01', NULL),
(807, 50, 3, '2026-01-21', 'absence', 'Unknown', '2026-03-12 05:39:01', '2026-03-12 05:39:01', NULL),
(808, 50, 3, '2026-01-26', 'attending', NULL, '2026-03-12 05:39:01', '2026-03-12 05:39:01', NULL),
(809, 50, 3, '2026-01-28', 'attending', NULL, '2026-03-12 05:39:01', '2026-03-12 05:39:01', NULL),
(810, 50, 3, '2026-02-02', 'attending', NULL, '2026-03-12 05:39:01', '2026-03-12 05:39:01', NULL),
(811, 50, 3, '2026-02-04', 'absence', 'Sick', '2026-03-12 05:39:01', '2026-03-12 05:39:01', NULL),
(812, 50, 3, '2026-02-09', 'absence', 'Family Event', '2026-03-12 05:39:01', '2026-03-12 05:39:01', NULL),
(813, 50, 3, '2026-02-11', 'attending', NULL, '2026-03-12 05:39:01', '2026-03-12 05:39:01', NULL),
(814, 50, 3, '2026-02-16', 'attending', NULL, '2026-03-12 05:39:01', '2026-03-12 05:39:01', NULL),
(815, 50, 3, '2026-02-18', 'attending', NULL, '2026-03-12 05:39:01', '2026-03-12 05:39:01', NULL),
(816, 50, 3, '2026-02-23', 'attending', NULL, '2026-03-12 05:39:01', '2026-03-12 05:39:01', NULL),
(817, 50, 3, '2026-02-25', 'attending', NULL, '2026-03-12 05:39:01', '2026-03-12 05:39:01', NULL),
(818, 50, 3, '2026-03-02', 'attending', NULL, '2026-03-12 05:39:01', '2026-03-12 05:39:01', NULL),
(819, 50, 3, '2026-03-04', 'attending', NULL, '2026-03-12 05:39:01', '2026-03-12 05:39:01', NULL),
(820, 50, 3, '2026-03-09', 'attending', NULL, '2026-03-12 05:39:01', '2026-03-12 05:39:01', NULL),
(821, 50, 3, '2026-03-11', 'attending', NULL, '2026-03-12 05:39:01', '2026-03-12 05:39:01', NULL),
(831, 52, 5, '2025-12-15', 'absence', 'Sick', '2026-03-12 05:39:01', '2026-03-12 05:39:01', NULL),
(832, 52, 5, '2025-12-17', 'attending', NULL, '2026-03-12 05:39:01', '2026-03-12 05:39:01', NULL),
(833, 52, 5, '2025-12-22', 'attending', NULL, '2026-03-12 05:39:01', '2026-03-12 05:39:01', NULL),
(834, 52, 5, '2025-12-24', 'attending', NULL, '2026-03-12 05:39:01', '2026-03-12 05:39:01', NULL),
(835, 52, 5, '2025-12-29', 'attending', NULL, '2026-03-12 05:39:01', '2026-03-12 05:39:01', NULL),
(836, 52, 5, '2025-12-31', 'attending', NULL, '2026-03-12 05:39:01', '2026-03-12 05:39:01', NULL),
(837, 52, 5, '2026-01-05', 'attending', NULL, '2026-03-12 05:39:01', '2026-03-12 05:39:01', NULL),
(838, 52, 5, '2026-01-07', 'attending', NULL, '2026-03-12 05:39:01', '2026-03-12 05:39:01', NULL),
(839, 52, 5, '2026-01-12', 'attending', NULL, '2026-03-12 05:39:01', '2026-03-12 05:39:01', NULL),
(840, 52, 5, '2026-01-14', 'absence', 'Sick', '2026-03-12 05:39:01', '2026-03-12 05:39:01', NULL),
(841, 52, 5, '2026-01-19', 'permission', 'Unknown', '2026-03-12 05:39:01', '2026-03-12 05:39:01', NULL),
(842, 52, 5, '2026-01-21', 'attending', NULL, '2026-03-12 05:39:01', '2026-03-12 05:39:01', NULL),
(843, 52, 5, '2026-01-26', 'attending', NULL, '2026-03-12 05:39:01', '2026-03-12 05:39:01', NULL),
(844, 52, 5, '2026-01-28', 'attending', NULL, '2026-03-12 05:39:01', '2026-03-12 05:39:01', NULL),
(845, 52, 5, '2026-02-02', 'permission', 'Family Event', '2026-03-12 05:39:01', '2026-03-12 05:39:01', NULL),
(846, 52, 5, '2026-02-04', 'attending', NULL, '2026-03-12 05:39:01', '2026-03-12 05:39:01', NULL),
(847, 52, 5, '2026-02-09', 'attending', NULL, '2026-03-12 05:39:01', '2026-03-12 05:39:01', NULL),
(848, 52, 5, '2026-02-11', 'attending', NULL, '2026-03-12 05:39:01', '2026-03-12 05:39:01', NULL),
(849, 52, 5, '2026-02-16', 'attending', NULL, '2026-03-12 05:39:01', '2026-03-12 05:39:01', NULL),
(850, 52, 5, '2026-02-18', 'absence', 'Sick', '2026-03-12 05:39:01', '2026-03-12 05:39:01', NULL),
(851, 52, 5, '2026-02-23', 'attending', NULL, '2026-03-12 05:39:01', '2026-03-12 05:39:01', NULL);
INSERT INTO `attendances` (`id`, `student_id`, `course_offering_id`, `date`, `status`, `remarks`, `created_at`, `updated_at`, `deleted_at`) VALUES
(852, 52, 5, '2026-02-25', 'absence', 'Family Event', '2026-03-12 05:39:01', '2026-03-12 05:39:01', NULL),
(853, 52, 5, '2026-03-02', 'attending', NULL, '2026-03-12 05:39:01', '2026-03-12 05:39:01', NULL),
(854, 52, 5, '2026-03-04', 'attending', NULL, '2026-03-12 05:39:01', '2026-03-12 05:39:01', NULL),
(855, 52, 5, '2026-03-09', 'attending', NULL, '2026-03-12 05:39:01', '2026-03-12 05:39:01', NULL),
(856, 52, 5, '2026-03-11', 'attending', NULL, '2026-03-12 05:39:01', '2026-03-12 05:39:01', NULL),
(857, 53, 4, '2026-02-11', 'attending', NULL, '2026-03-12 05:39:01', '2026-03-12 05:39:01', NULL),
(858, 53, 4, '2026-02-16', 'attending', NULL, '2026-03-12 05:39:01', '2026-03-12 05:39:01', NULL),
(859, 53, 4, '2026-02-18', 'attending', NULL, '2026-03-12 05:39:01', '2026-03-12 05:39:01', NULL),
(860, 53, 4, '2026-02-23', 'attending', NULL, '2026-03-12 05:39:01', '2026-03-12 05:39:01', NULL),
(861, 53, 4, '2026-02-25', 'attending', NULL, '2026-03-12 05:39:01', '2026-03-12 05:39:01', NULL),
(862, 53, 4, '2026-03-02', 'attending', NULL, '2026-03-12 05:39:01', '2026-03-12 05:39:01', NULL),
(863, 53, 4, '2026-03-04', 'attending', NULL, '2026-03-12 05:39:01', '2026-03-12 05:39:01', NULL),
(864, 53, 4, '2026-03-09', 'absence', 'Family Event', '2026-03-12 05:39:01', '2026-03-12 05:39:01', NULL),
(865, 53, 4, '2026-03-11', 'attending', NULL, '2026-03-12 05:39:01', '2026-03-12 05:39:01', NULL),
(866, 54, 4, '2026-02-11', 'attending', NULL, '2026-03-12 05:39:01', '2026-03-12 05:39:01', NULL),
(867, 54, 4, '2026-02-16', 'attending', NULL, '2026-03-12 05:39:01', '2026-03-12 05:39:01', NULL),
(868, 54, 4, '2026-02-18', 'attending', NULL, '2026-03-12 05:39:01', '2026-03-12 05:39:01', NULL),
(869, 54, 4, '2026-02-23', 'attending', NULL, '2026-03-12 05:39:01', '2026-03-12 05:39:01', NULL),
(870, 54, 4, '2026-02-25', 'attending', NULL, '2026-03-12 05:39:01', '2026-03-12 05:39:01', NULL),
(871, 54, 4, '2026-03-02', 'attending', NULL, '2026-03-12 05:39:01', '2026-03-12 05:39:01', NULL),
(872, 54, 4, '2026-03-04', 'attending', NULL, '2026-03-12 05:39:01', '2026-03-12 05:39:01', NULL),
(873, 54, 4, '2026-03-09', 'attending', NULL, '2026-03-12 05:39:01', '2026-03-12 05:39:01', NULL),
(874, 54, 4, '2026-03-11', 'attending', NULL, '2026-03-12 05:39:01', '2026-03-12 05:39:01', NULL),
(893, 25, 5, '2026-03-12', 'absence', NULL, '2026-03-12 09:24:10', '2026-03-12 09:24:10', NULL),
(894, 41, 5, '2026-03-12', 'absence', NULL, '2026-03-12 09:24:10', '2026-03-12 09:24:10', NULL),
(895, 52, 5, '2026-03-12', 'absence', NULL, '2026-03-12 09:24:10', '2026-03-12 09:24:10', NULL);

-- --------------------------------------------------------

--
-- Table structure for table `cache`
--

CREATE TABLE `cache` (
  `key` varchar(255) COLLATE utf8mb4_unicode_ci NOT NULL,
  `value` mediumtext COLLATE utf8mb4_unicode_ci NOT NULL,
  `expiration` int NOT NULL
) ENGINE=InnoDB DEFAULT CHARSET=utf8mb4 COLLATE=utf8mb4_unicode_ci;

--
-- Dumping data for table `cache`
--

INSERT INTO `cache` (`key`, `value`, `expiration`) VALUES
('scms_cache_spatie.permission.cache', 'a:3:{s:5:\"alias\";a:4:{s:1:\"a\";s:2:\"id\";s:1:\"b\";s:4:\"name\";s:1:\"c\";s:10:\"guard_name\";s:1:\"r\";s:5:\"roles\";}s:11:\"permissions\";a:66:{i:0;a:4:{s:1:\"a\";i:1;s:1:\"b\";s:17:\"create_attendance\";s:1:\"c\";s:3:\"web\";s:1:\"r\";a:3:{i:0;i:1;i:1;i:2;i:2;i:4;}}i:1;a:4:{s:1:\"a\";i:2;s:1:\"b\";s:15:\"view_attendance\";s:1:\"c\";s:3:\"web\";s:1:\"r\";a:3:{i:0;i:1;i:1;i:2;i:2;i:4;}}i:2;a:4:{s:1:\"a\";i:3;s:1:\"b\";s:17:\"update_attendance\";s:1:\"c\";s:3:\"web\";s:1:\"r\";a:3:{i:0;i:1;i:1;i:2;i:2;i:4;}}i:3;a:4:{s:1:\"a\";i:4;s:1:\"b\";s:17:\"delete_attendance\";s:1:\"c\";s:3:\"web\";s:1:\"r\";a:1:{i:0;i:1;}}i:4;a:4:{s:1:\"a\";i:5;s:1:\"b\";s:16:\"create_classroom\";s:1:\"c\";s:3:\"web\";s:1:\"r\";a:3:{i:0;i:1;i:1;i:2;i:2;i:4;}}i:5;a:4:{s:1:\"a\";i:6;s:1:\"b\";s:14:\"view_classroom\";s:1:\"c\";s:3:\"web\";s:1:\"r\";a:3:{i:0;i:1;i:1;i:2;i:2;i:4;}}i:6;a:4:{s:1:\"a\";i:7;s:1:\"b\";s:16:\"update_classroom\";s:1:\"c\";s:3:\"web\";s:1:\"r\";a:3:{i:0;i:1;i:1;i:2;i:2;i:4;}}i:7;a:4:{s:1:\"a\";i:8;s:1:\"b\";s:16:\"delete_classroom\";s:1:\"c\";s:3:\"web\";s:1:\"r\";a:1:{i:0;i:1;}}i:8;a:4:{s:1:\"a\";i:9;s:1:\"b\";s:22:\"create_course-offering\";s:1:\"c\";s:3:\"web\";s:1:\"r\";a:3:{i:0;i:1;i:1;i:2;i:2;i:4;}}i:9;a:4:{s:1:\"a\";i:10;s:1:\"b\";s:20:\"view_course-offering\";s:1:\"c\";s:3:\"web\";s:1:\"r\";a:3:{i:0;i:1;i:1;i:2;i:2;i:4;}}i:10;a:4:{s:1:\"a\";i:11;s:1:\"b\";s:22:\"update_course-offering\";s:1:\"c\";s:3:\"web\";s:1:\"r\";a:3:{i:0;i:1;i:1;i:2;i:2;i:4;}}i:11;a:4:{s:1:\"a\";i:12;s:1:\"b\";s:22:\"delete_course-offering\";s:1:\"c\";s:3:\"web\";s:1:\"r\";a:1:{i:0;i:1;}}i:12;a:4:{s:1:\"a\";i:13;s:1:\"b\";s:17:\"create_enrollment\";s:1:\"c\";s:3:\"web\";s:1:\"r\";a:3:{i:0;i:1;i:1;i:2;i:2;i:4;}}i:13;a:4:{s:1:\"a\";i:14;s:1:\"b\";s:15:\"view_enrollment\";s:1:\"c\";s:3:\"web\";s:1:\"r\";a:3:{i:0;i:1;i:1;i:2;i:2;i:4;}}i:14;a:4:{s:1:\"a\";i:15;s:1:\"b\";s:17:\"update_enrollment\";s:1:\"c\";s:3:\"web\";s:1:\"r\";a:3:{i:0;i:1;i:1;i:2;i:2;i:4;}}i:15;a:4:{s:1:\"a\";i:16;s:1:\"b\";s:17:\"delete_enrollment\";s:1:\"c\";s:3:\"web\";s:1:\"r\";a:1:{i:0;i:1;}}i:16;a:4:{s:1:\"a\";i:17;s:1:\"b\";s:11:\"create_exam\";s:1:\"c\";s:3:\"web\";s:1:\"r\";a:2:{i:0;i:1;i:1;i:2;}}i:17;a:4:{s:1:\"a\";i:18;s:1:\"b\";s:9:\"view_exam\";s:1:\"c\";s:3:\"web\";s:1:\"r\";a:2:{i:0;i:1;i:1;i:2;}}i:18;a:4:{s:1:\"a\";i:19;s:1:\"b\";s:11:\"update_exam\";s:1:\"c\";s:3:\"web\";s:1:\"r\";a:2:{i:0;i:1;i:1;i:2;}}i:19;a:4:{s:1:\"a\";i:20;s:1:\"b\";s:11:\"delete_exam\";s:1:\"c\";s:3:\"web\";s:1:\"r\";a:1:{i:0;i:1;}}i:20;a:4:{s:1:\"a\";i:21;s:1:\"b\";s:14:\"create_expense\";s:1:\"c\";s:3:\"web\";s:1:\"r\";a:2:{i:0;i:1;i:1;i:4;}}i:21;a:4:{s:1:\"a\";i:22;s:1:\"b\";s:12:\"view_expense\";s:1:\"c\";s:3:\"web\";s:1:\"r\";a:2:{i:0;i:1;i:1;i:4;}}i:22;a:4:{s:1:\"a\";i:23;s:1:\"b\";s:14:\"update_expense\";s:1:\"c\";s:3:\"web\";s:1:\"r\";a:2:{i:0;i:1;i:1;i:4;}}i:23;a:4:{s:1:\"a\";i:24;s:1:\"b\";s:14:\"delete_expense\";s:1:\"c\";s:3:\"web\";s:1:\"r\";a:1:{i:0;i:1;}}i:24;a:4:{s:1:\"a\";i:25;s:1:\"b\";s:23:\"create_expense-category\";s:1:\"c\";s:3:\"web\";s:1:\"r\";a:2:{i:0;i:1;i:1;i:4;}}i:25;a:4:{s:1:\"a\";i:26;s:1:\"b\";s:21:\"view_expense-category\";s:1:\"c\";s:3:\"web\";s:1:\"r\";a:2:{i:0;i:1;i:1;i:4;}}i:26;a:4:{s:1:\"a\";i:27;s:1:\"b\";s:23:\"update_expense-category\";s:1:\"c\";s:3:\"web\";s:1:\"r\";a:2:{i:0;i:1;i:1;i:4;}}i:27;a:4:{s:1:\"a\";i:28;s:1:\"b\";s:23:\"delete_expense-category\";s:1:\"c\";s:3:\"web\";s:1:\"r\";a:1:{i:0;i:1;}}i:28;a:4:{s:1:\"a\";i:29;s:1:\"b\";s:10:\"create_fee\";s:1:\"c\";s:3:\"web\";s:1:\"r\";a:2:{i:0;i:1;i:1;i:4;}}i:29;a:4:{s:1:\"a\";i:30;s:1:\"b\";s:8:\"view_fee\";s:1:\"c\";s:3:\"web\";s:1:\"r\";a:2:{i:0;i:1;i:1;i:4;}}i:30;a:4:{s:1:\"a\";i:31;s:1:\"b\";s:10:\"update_fee\";s:1:\"c\";s:3:\"web\";s:1:\"r\";a:2:{i:0;i:1;i:1;i:4;}}i:31;a:4:{s:1:\"a\";i:32;s:1:\"b\";s:10:\"delete_fee\";s:1:\"c\";s:3:\"web\";s:1:\"r\";a:1:{i:0;i:1;}}i:32;a:4:{s:1:\"a\";i:33;s:1:\"b\";s:15:\"create_fee-type\";s:1:\"c\";s:3:\"web\";s:1:\"r\";a:2:{i:0;i:1;i:1;i:4;}}i:33;a:4:{s:1:\"a\";i:34;s:1:\"b\";s:13:\"view_fee-type\";s:1:\"c\";s:3:\"web\";s:1:\"r\";a:2:{i:0;i:1;i:1;i:4;}}i:34;a:4:{s:1:\"a\";i:35;s:1:\"b\";s:15:\"update_fee-type\";s:1:\"c\";s:3:\"web\";s:1:\"r\";a:2:{i:0;i:1;i:1;i:4;}}i:35;a:4:{s:1:\"a\";i:36;s:1:\"b\";s:15:\"delete_fee-type\";s:1:\"c\";s:3:\"web\";s:1:\"r\";a:1:{i:0;i:1;}}i:36;a:4:{s:1:\"a\";i:37;s:1:\"b\";s:12:\"create_score\";s:1:\"c\";s:3:\"web\";s:1:\"r\";a:3:{i:0;i:1;i:1;i:2;i:2;i:4;}}i:37;a:4:{s:1:\"a\";i:38;s:1:\"b\";s:10:\"view_score\";s:1:\"c\";s:3:\"web\";s:1:\"r\";a:3:{i:0;i:1;i:1;i:2;i:2;i:4;}}i:38;a:4:{s:1:\"a\";i:39;s:1:\"b\";s:12:\"update_score\";s:1:\"c\";s:3:\"web\";s:1:\"r\";a:3:{i:0;i:1;i:1;i:2;i:2;i:4;}}i:39;a:4:{s:1:\"a\";i:40;s:1:\"b\";s:12:\"delete_score\";s:1:\"c\";s:3:\"web\";s:1:\"r\";a:1:{i:0;i:1;}}i:40;a:4:{s:1:\"a\";i:41;s:1:\"b\";s:14:\"create_subject\";s:1:\"c\";s:3:\"web\";s:1:\"r\";a:3:{i:0;i:1;i:1;i:2;i:2;i:4;}}i:41;a:4:{s:1:\"a\";i:42;s:1:\"b\";s:12:\"view_subject\";s:1:\"c\";s:3:\"web\";s:1:\"r\";a:3:{i:0;i:1;i:1;i:2;i:2;i:4;}}i:42;a:4:{s:1:\"a\";i:43;s:1:\"b\";s:14:\"update_subject\";s:1:\"c\";s:3:\"web\";s:1:\"r\";a:3:{i:0;i:1;i:1;i:2;i:2;i:4;}}i:43;a:4:{s:1:\"a\";i:44;s:1:\"b\";s:14:\"delete_subject\";s:1:\"c\";s:3:\"web\";s:1:\"r\";a:1:{i:0;i:1;}}i:44;a:4:{s:1:\"a\";i:45;s:1:\"b\";s:11:\"create_user\";s:1:\"c\";s:3:\"web\";s:1:\"r\";a:1:{i:0;i:1;}}i:45;a:4:{s:1:\"a\";i:46;s:1:\"b\";s:9:\"view_user\";s:1:\"c\";s:3:\"web\";s:1:\"r\";a:1:{i:0;i:1;}}i:46;a:4:{s:1:\"a\";i:47;s:1:\"b\";s:11:\"update_user\";s:1:\"c\";s:3:\"web\";s:1:\"r\";a:1:{i:0;i:1;}}i:47;a:4:{s:1:\"a\";i:48;s:1:\"b\";s:11:\"delete_user\";s:1:\"c\";s:3:\"web\";s:1:\"r\";a:1:{i:0;i:1;}}i:48;a:4:{s:1:\"a\";i:49;s:1:\"b\";s:11:\"create_role\";s:1:\"c\";s:3:\"web\";s:1:\"r\";a:1:{i:0;i:1;}}i:49;a:4:{s:1:\"a\";i:50;s:1:\"b\";s:9:\"view_role\";s:1:\"c\";s:3:\"web\";s:1:\"r\";a:1:{i:0;i:1;}}i:50;a:4:{s:1:\"a\";i:51;s:1:\"b\";s:11:\"update_role\";s:1:\"c\";s:3:\"web\";s:1:\"r\";a:1:{i:0;i:1;}}i:51;a:4:{s:1:\"a\";i:52;s:1:\"b\";s:11:\"delete_role\";s:1:\"c\";s:3:\"web\";s:1:\"r\";a:1:{i:0;i:1;}}i:52;a:4:{s:1:\"a\";i:53;s:1:\"b\";s:17:\"create_permission\";s:1:\"c\";s:3:\"web\";s:1:\"r\";a:1:{i:0;i:1;}}i:53;a:4:{s:1:\"a\";i:54;s:1:\"b\";s:15:\"view_permission\";s:1:\"c\";s:3:\"web\";s:1:\"r\";a:1:{i:0;i:1;}}i:54;a:4:{s:1:\"a\";i:55;s:1:\"b\";s:17:\"update_permission\";s:1:\"c\";s:3:\"web\";s:1:\"r\";a:1:{i:0;i:1;}}i:55;a:4:{s:1:\"a\";i:56;s:1:\"b\";s:17:\"delete_permission\";s:1:\"c\";s:3:\"web\";s:1:\"r\";a:1:{i:0;i:1;}}i:56;a:4:{s:1:\"a\";i:57;s:1:\"b\";s:14:\"create_teacher\";s:1:\"c\";s:3:\"web\";s:1:\"r\";a:2:{i:0;i:1;i:1;i:4;}}i:57;a:4:{s:1:\"a\";i:58;s:1:\"b\";s:12:\"view_teacher\";s:1:\"c\";s:3:\"web\";s:1:\"r\";a:2:{i:0;i:1;i:1;i:4;}}i:58;a:4:{s:1:\"a\";i:59;s:1:\"b\";s:14:\"update_teacher\";s:1:\"c\";s:3:\"web\";s:1:\"r\";a:2:{i:0;i:1;i:1;i:4;}}i:59;a:4:{s:1:\"a\";i:60;s:1:\"b\";s:14:\"delete_teacher\";s:1:\"c\";s:3:\"web\";s:1:\"r\";a:1:{i:0;i:1;}}i:60;a:4:{s:1:\"a\";i:61;s:1:\"b\";s:14:\"create_student\";s:1:\"c\";s:3:\"web\";s:1:\"r\";a:3:{i:0;i:1;i:1;i:2;i:2;i:4;}}i:61;a:4:{s:1:\"a\";i:62;s:1:\"b\";s:12:\"view_student\";s:1:\"c\";s:3:\"web\";s:1:\"r\";a:3:{i:0;i:1;i:1;i:2;i:2;i:4;}}i:62;a:4:{s:1:\"a\";i:63;s:1:\"b\";s:14:\"update_student\";s:1:\"c\";s:3:\"web\";s:1:\"r\";a:3:{i:0;i:1;i:1;i:2;i:2;i:4;}}i:63;a:4:{s:1:\"a\";i:64;s:1:\"b\";s:14:\"delete_student\";s:1:\"c\";s:3:\"web\";s:1:\"r\";a:1:{i:0;i:1;}}i:64;a:4:{s:1:\"a\";i:65;s:1:\"b\";s:14:\"view_dashboard\";s:1:\"c\";s:3:\"web\";s:1:\"r\";a:2:{i:0;i:1;i:1;i:4;}}i:65;a:4:{s:1:\"a\";i:66;s:1:\"b\";s:11:\"view_report\";s:1:\"c\";s:3:\"web\";s:1:\"r\";a:2:{i:0;i:1;i:1;i:4;}}}s:5:\"roles\";a:3:{i:0;a:3:{s:1:\"a\";i:1;s:1:\"b\";s:5:\"admin\";s:1:\"c\";s:3:\"web\";}i:1;a:3:{s:1:\"a\";i:2;s:1:\"b\";s:7:\"teacher\";s:1:\"c\";s:3:\"web\";}i:2;a:3:{s:1:\"a\";i:4;s:1:\"b\";s:5:\"staff\";s:1:\"c\";s:3:\"web\";}}}', 1773656372);

-- --------------------------------------------------------

--
-- Table structure for table `cache_locks`
--

CREATE TABLE `cache_locks` (
  `key` varchar(255) COLLATE utf8mb4_unicode_ci NOT NULL,
  `owner` varchar(255) COLLATE utf8mb4_unicode_ci NOT NULL,
  `expiration` int NOT NULL
) ENGINE=InnoDB DEFAULT CHARSET=utf8mb4 COLLATE=utf8mb4_unicode_ci;

-- --------------------------------------------------------

--
-- Table structure for table `classrooms`
--

CREATE TABLE `classrooms` (
  `id` bigint UNSIGNED NOT NULL,
  `name` varchar(255) COLLATE utf8mb4_unicode_ci NOT NULL,
  `room_number` varchar(255) COLLATE utf8mb4_unicode_ci NOT NULL,
  `capacity` int NOT NULL,
  `created_at` timestamp NULL DEFAULT NULL,
  `updated_at` timestamp NULL DEFAULT NULL,
  `deleted_at` timestamp NULL DEFAULT NULL
) ENGINE=InnoDB DEFAULT CHARSET=utf8mb4 COLLATE=utf8mb4_unicode_ci;

--
-- Dumping data for table `classrooms`
--

INSERT INTO `classrooms` (`id`, `name`, `room_number`, `capacity`, `created_at`, `updated_at`, `deleted_at`) VALUES
(1, 'សៀមរាប', 'Room-101', 30, '2026-03-12 05:39:01', '2026-03-14 08:12:45', NULL),
(2, 'ពោធិ៍សាត់', 'Room-102', 30, '2026-03-12 05:39:01', '2026-03-14 08:12:50', NULL),
(3, 'ព្រះវិហារ', 'Room-103', 30, '2026-03-12 05:39:01', '2026-03-14 08:12:56', NULL),
(4, 'ព្រះសីហនុ', 'Room-104', 30, '2026-03-12 05:39:01', '2026-03-14 08:13:03', NULL),
(5, 'មណ្ឌលគិរី', 'Room-105', 30, '2026-03-12 05:39:01', '2026-03-14 08:13:10', NULL);

-- --------------------------------------------------------

--
-- Table structure for table `course_offerings`
--

CREATE TABLE `course_offerings` (
  `id` bigint UNSIGNED NOT NULL,
  `subject_id` bigint UNSIGNED NOT NULL,
  `teacher_id` bigint UNSIGNED DEFAULT NULL,
  `classroom_id` bigint UNSIGNED DEFAULT NULL,
  `time_slot` enum('morning','afternoon','evening') COLLATE utf8mb4_unicode_ci NOT NULL DEFAULT 'morning',
  `schedule` enum('mon-wed','mon-fri','wed-fri','sat-sun') COLLATE utf8mb4_unicode_ci NOT NULL DEFAULT 'mon-fri',
  `payment_type` enum('course','monthly') COLLATE utf8mb4_unicode_ci NOT NULL DEFAULT 'course',
  `is_final_only` tinyint(1) NOT NULL DEFAULT '0',
  `start_time` time DEFAULT NULL,
  `end_time` time DEFAULT NULL,
  `join_start` date DEFAULT NULL,
  `join_end` date DEFAULT NULL,
  `fee` decimal(10,2) NOT NULL DEFAULT '0.00',
  `created_at` timestamp NULL DEFAULT NULL,
  `updated_at` timestamp NULL DEFAULT NULL,
  `deleted_at` timestamp NULL DEFAULT NULL
) ENGINE=InnoDB DEFAULT CHARSET=utf8mb4 COLLATE=utf8mb4_unicode_ci;

--
-- Dumping data for table `course_offerings`
--

INSERT INTO `course_offerings` (`id`, `subject_id`, `teacher_id`, `classroom_id`, `time_slot`, `schedule`, `payment_type`, `is_final_only`, `start_time`, `end_time`, `join_start`, `join_end`, `fee`, `created_at`, `updated_at`, `deleted_at`) VALUES
(2, 2, 3, 2, 'morning', 'mon-wed', 'monthly', 0, '09:27:40', '02:06:25', '2025-06-09', '2026-01-17', 10.50, '2026-03-12 05:39:01', '2026-03-12 05:39:01', NULL),
(3, 3, 4, 3, 'morning', 'mon-wed', 'monthly', 0, '14:17:35', '05:21:45', '2025-03-25', '2026-01-02', 19.05, '2026-03-12 05:39:01', '2026-03-12 05:39:01', NULL),
(4, 4, 5, 4, 'morning', 'mon-wed', 'monthly', 0, '01:39:05', '05:33:12', '2025-06-19', '2026-01-10', 19.15, '2026-03-12 05:39:01', '2026-03-12 05:39:01', NULL),
(5, 1, 6, 5, 'morning', 'mon-wed', 'course', 0, '00:36:29', '09:59:42', '2025-08-01', '2026-04-19', 27.57, '2026-03-12 05:39:01', '2026-03-12 05:39:01', NULL),
(6, 2, 2, 1, 'afternoon', 'mon-wed', 'monthly', 0, '18:33:31', '23:18:22', '2025-04-19', '2026-03-23', 13.30, '2026-03-12 05:39:01', '2026-03-12 05:39:01', NULL),
(7, 3, 3, 2, 'afternoon', 'mon-wed', 'monthly', 0, '09:13:40', '05:49:57', '2025-03-23', '2025-12-27', 13.84, '2026-03-12 05:39:01', '2026-03-12 05:39:01', NULL);

-- --------------------------------------------------------

--
-- Table structure for table `enrollments`
--

CREATE TABLE `enrollments` (
  `id` bigint UNSIGNED NOT NULL,
  `student_id` bigint UNSIGNED NOT NULL,
  `course_offering_id` bigint UNSIGNED NOT NULL,
  `status` enum('studying','suspended','dropped','completed') COLLATE utf8mb4_unicode_ci NOT NULL DEFAULT 'studying',
  `attendance_grade` decimal(5,2) DEFAULT NULL,
  `listening_grade` decimal(5,2) DEFAULT NULL,
  `writing_grade` decimal(5,2) DEFAULT NULL,
  `reading_grade` decimal(5,2) DEFAULT NULL,
  `speaking_grade` decimal(5,2) DEFAULT NULL,
  `midterm_grade` decimal(5,2) DEFAULT NULL,
  `final_grade` decimal(5,2) DEFAULT NULL,
  `certificate` varchar(255) COLLATE utf8mb4_unicode_ci DEFAULT NULL,
  `remarks` text COLLATE utf8mb4_unicode_ci,
  `created_at` timestamp NULL DEFAULT NULL,
  `updated_at` timestamp NULL DEFAULT NULL
) ENGINE=InnoDB DEFAULT CHARSET=utf8mb4 COLLATE=utf8mb4_unicode_ci;

--
-- Dumping data for table `enrollments`
--

INSERT INTO `enrollments` (`id`, `student_id`, `course_offering_id`, `status`, `attendance_grade`, `listening_grade`, `writing_grade`, `reading_grade`, `speaking_grade`, `midterm_grade`, `final_grade`, `certificate`, `remarks`, `created_at`, `updated_at`) VALUES
(1, 7, 4, 'studying', NULL, NULL, NULL, NULL, NULL, NULL, 43.94, NULL, NULL, '2026-03-12 05:39:01', '2026-03-12 05:39:01'),
(5, 11, 2, 'studying', 6.31, NULL, NULL, NULL, NULL, NULL, 49.88, NULL, NULL, '2026-03-12 05:39:01', '2026-03-12 05:39:01'),
(6, 12, 7, 'completed', NULL, NULL, NULL, NULL, NULL, 46.93, NULL, NULL, NULL, '2026-03-12 05:39:01', '2026-03-12 05:39:01'),
(9, 15, 2, 'completed', 8.94, NULL, NULL, NULL, NULL, 39.45, 23.24, NULL, NULL, '2026-03-12 05:39:01', '2026-03-12 05:39:01'),
(10, 16, 2, 'completed', 7.77, NULL, NULL, NULL, NULL, 21.89, 27.13, NULL, NULL, '2026-03-12 05:39:01', '2026-03-12 05:39:01'),
(12, 18, 7, 'completed', 8.76, NULL, NULL, NULL, NULL, NULL, 29.92, NULL, NULL, '2026-03-12 05:39:01', '2026-03-12 05:39:01'),
(13, 19, 4, 'studying', 5.64, NULL, NULL, NULL, NULL, 31.14, 27.35, NULL, NULL, '2026-03-12 05:39:01', '2026-03-12 05:39:01'),
(14, 20, 6, 'completed', 8.72, NULL, NULL, NULL, NULL, NULL, NULL, NULL, NULL, '2026-03-12 05:39:01', '2026-03-12 05:39:01'),
(15, 21, 3, 'completed', NULL, NULL, NULL, NULL, NULL, 32.21, NULL, NULL, NULL, '2026-03-12 05:39:01', '2026-03-12 05:39:01'),
(17, 23, 3, 'completed', NULL, NULL, NULL, NULL, NULL, 29.57, 23.14, NULL, NULL, '2026-03-12 05:39:01', '2026-03-12 05:39:01'),
(18, 24, 7, 'completed', NULL, NULL, NULL, NULL, NULL, 34.37, NULL, NULL, NULL, '2026-03-12 05:39:01', '2026-03-12 05:39:01'),
(19, 25, 5, 'studying', 8.00, NULL, NULL, NULL, 4.44, 6.80, 7.50, NULL, NULL, '2026-03-12 05:39:01', '2026-03-12 09:24:42'),
(20, 26, 6, 'studying', 9.27, NULL, NULL, NULL, NULL, NULL, 30.02, NULL, 'Non nesciunt vero eos eum.', '2026-03-12 05:39:01', '2026-03-12 05:39:01'),
(26, 32, 7, 'completed', 5.58, NULL, NULL, NULL, NULL, 33.37, NULL, NULL, NULL, '2026-03-12 05:39:01', '2026-03-12 05:39:01'),
(27, 33, 2, 'studying', NULL, NULL, NULL, NULL, NULL, 25.05, 44.34, NULL, NULL, '2026-03-12 05:39:01', '2026-03-12 05:39:01'),
(28, 34, 7, 'studying', 8.77, NULL, NULL, NULL, NULL, 37.31, NULL, NULL, NULL, '2026-03-12 05:39:01', '2026-03-12 05:39:01'),
(29, 35, 3, 'completed', 8.31, NULL, NULL, NULL, NULL, NULL, 25.48, NULL, NULL, '2026-03-12 05:39:01', '2026-03-12 05:39:01'),
(32, 38, 6, 'completed', 8.85, NULL, NULL, NULL, NULL, 49.73, 22.82, NULL, NULL, '2026-03-12 05:39:01', '2026-03-12 05:39:01'),
(33, 39, 2, 'studying', NULL, NULL, NULL, NULL, NULL, 29.86, 39.59, NULL, NULL, '2026-03-12 05:39:01', '2026-03-12 05:39:01'),
(34, 40, 2, 'completed', 5.79, NULL, NULL, NULL, NULL, 20.11, NULL, NULL, NULL, '2026-03-12 05:39:01', '2026-03-12 05:39:01'),
(35, 41, 5, 'studying', 7.00, NULL, NULL, NULL, 8.28, 10.40, 29.40, NULL, NULL, '2026-03-12 05:39:01', '2026-03-12 09:24:42'),
(36, 42, 7, 'completed', 8.90, NULL, NULL, NULL, NULL, 44.44, 28.66, NULL, 'Porro non dolore molestias amet dignissimos dolores quasi dicta.', '2026-03-12 05:39:01', '2026-03-12 05:39:01'),
(39, 45, 7, 'completed', 7.44, NULL, NULL, NULL, NULL, 40.44, NULL, NULL, NULL, '2026-03-12 05:39:01', '2026-03-12 05:39:01'),
(40, 46, 2, 'studying', NULL, NULL, NULL, NULL, NULL, 28.96, NULL, NULL, NULL, '2026-03-12 05:39:01', '2026-03-12 05:39:01'),
(43, 49, 4, 'studying', 5.01, NULL, NULL, NULL, NULL, 41.27, 35.40, NULL, NULL, '2026-03-12 05:39:01', '2026-03-12 05:39:01'),
(44, 50, 3, 'completed', 5.34, NULL, NULL, NULL, NULL, 48.31, NULL, NULL, NULL, '2026-03-12 05:39:01', '2026-03-12 05:39:01'),
(46, 52, 5, 'completed', 7.78, NULL, NULL, NULL, 7.07, 12.40, 25.80, NULL, NULL, '2026-03-12 05:39:01', '2026-03-12 09:24:42'),
(47, 53, 4, 'studying', 8.90, NULL, NULL, NULL, NULL, 29.53, 23.17, NULL, NULL, '2026-03-12 05:39:01', '2026-03-12 05:39:01'),
(48, 54, 4, 'studying', 9.29, NULL, NULL, NULL, NULL, NULL, 36.22, NULL, 'Et facere accusamus eos porro qui.', '2026-03-12 05:39:01', '2026-03-12 05:39:01');

-- --------------------------------------------------------

--
-- Table structure for table `exams`
--

CREATE TABLE `exams` (
  `id` bigint UNSIGNED NOT NULL,
  `course_offering_id` bigint UNSIGNED NOT NULL,
  `type` enum('midterm','final','speaking','listening','reading','writing') COLLATE utf8mb4_unicode_ci NOT NULL,
  `description` text COLLATE utf8mb4_unicode_ci,
  `date` date NOT NULL,
  `total_marks` int NOT NULL,
  `passing_marks` int NOT NULL,
  `created_at` timestamp NULL DEFAULT NULL,
  `updated_at` timestamp NULL DEFAULT NULL,
  `deleted_at` timestamp NULL DEFAULT NULL
) ENGINE=InnoDB DEFAULT CHARSET=utf8mb4 COLLATE=utf8mb4_unicode_ci;

--
-- Dumping data for table `exams`
--

INSERT INTO `exams` (`id`, `course_offering_id`, `type`, `description`, `date`, `total_marks`, `passing_marks`, `created_at`, `updated_at`, `deleted_at`) VALUES
(3, 2, 'midterm', 'Midterm exam for course offering 2', '2026-04-23', 50, 25, '2026-03-12 05:39:01', '2026-03-12 05:39:01', NULL),
(4, 2, 'final', 'Final exam for course offering 2', '2026-05-28', 100, 50, '2026-03-12 05:39:01', '2026-03-12 05:39:01', NULL),
(5, 3, 'midterm', 'Midterm exam for course offering 3', '2026-04-23', 50, 25, '2026-03-12 05:39:01', '2026-03-12 05:39:01', NULL),
(6, 3, 'final', 'Final exam for course offering 3', '2026-05-28', 100, 50, '2026-03-12 05:39:01', '2026-03-12 05:39:01', NULL),
(7, 4, 'midterm', 'Midterm exam for course offering 4', '2026-04-16', 50, 25, '2026-03-12 05:39:01', '2026-03-12 05:39:01', NULL),
(8, 4, 'final', 'Final exam for course offering 4', '2026-05-28', 100, 50, '2026-03-12 05:39:01', '2026-03-12 05:39:01', NULL),
(9, 5, 'midterm', 'Midterm exam for course offering 5', '2026-04-23', 50, 25, '2026-03-12 05:39:01', '2026-03-12 05:39:01', NULL),
(10, 5, 'final', 'Final exam for course offering 5', '2026-06-04', 100, 50, '2026-03-12 05:39:01', '2026-03-12 05:39:01', NULL),
(11, 6, 'midterm', 'Midterm exam for course offering 6', '2026-04-23', 50, 25, '2026-03-12 05:39:01', '2026-03-12 05:39:01', NULL),
(12, 6, 'final', 'Final exam for course offering 6', '2026-06-04', 100, 50, '2026-03-12 05:39:01', '2026-03-12 05:39:01', NULL),
(13, 7, 'midterm', 'Midterm exam for course offering 7', '2026-04-23', 50, 25, '2026-03-12 05:39:01', '2026-03-12 05:39:01', NULL),
(14, 7, 'final', 'Final exam for course offering 7', '2026-05-21', 100, 50, '2026-03-12 05:39:01', '2026-03-12 05:39:01', NULL),
(21, 5, 'speaking', 'Dolor enim eiusmod m', '0027-07-06', 99, 41, '2026-03-12 09:17:15', '2026-03-12 09:17:15', NULL);

-- --------------------------------------------------------

--
-- Table structure for table `expenses`
--

CREATE TABLE `expenses` (
  `id` bigint UNSIGNED NOT NULL,
  `title` varchar(255) COLLATE utf8mb4_unicode_ci NOT NULL,
  `description` text COLLATE utf8mb4_unicode_ci NOT NULL,
  `amount` decimal(10,2) NOT NULL,
  `date` date NOT NULL,
  `expense_category_id` bigint UNSIGNED DEFAULT NULL,
  `approved_by` bigint UNSIGNED DEFAULT NULL,
  `created_by` bigint UNSIGNED DEFAULT NULL,
  `created_at` timestamp NULL DEFAULT NULL,
  `updated_at` timestamp NULL DEFAULT NULL,
  `deleted_at` timestamp NULL DEFAULT NULL
) ENGINE=InnoDB DEFAULT CHARSET=utf8mb4 COLLATE=utf8mb4_unicode_ci;

--
-- Dumping data for table `expenses`
--

INSERT INTO `expenses` (`id`, `title`, `description`, `amount`, `date`, `expense_category_id`, `approved_by`, `created_by`, `created_at`, `updated_at`, `deleted_at`) VALUES
(1, 'Expense 0', 'Description for expense 0', 21.00, '2026-03-01', 3, 1, 1, '2026-03-12 05:39:01', '2026-03-12 05:39:01', NULL),
(2, 'Expense 1', 'Description for expense 1', 33.00, '2026-02-14', 2, 1, 1, '2026-03-12 05:39:01', '2026-03-12 05:39:01', NULL),
(3, 'Expense 2', 'Description for expense 2', 18.00, '2026-02-21', 2, 1, 1, '2026-03-12 05:39:01', '2026-03-12 05:39:01', NULL),
(4, 'Expense 3', 'Description for expense 3', 39.00, '2026-02-17', 3, 1, 1, '2026-03-12 05:39:01', '2026-03-12 05:39:01', NULL),
(5, 'Expense 4', 'Description for expense 4', 40.00, '2026-03-12', 2, 1, 1, '2026-03-12 05:39:01', '2026-03-12 05:39:01', NULL),
(6, 'Expense 5', 'Description for expense 5', 6.00, '2026-02-14', 1, 1, 1, '2026-03-12 05:39:01', '2026-03-12 05:39:01', NULL),
(7, 'Expense 6', 'Description for expense 6', 40.00, '2026-02-17', 2, 1, 1, '2026-03-12 05:39:01', '2026-03-12 05:39:01', NULL),
(8, 'Expense 7', 'Description for expense 7', 37.00, '2026-02-14', 2, 1, 1, '2026-03-12 05:39:01', '2026-03-12 05:39:01', NULL),
(9, 'Expense 8', 'Description for expense 8', 14.00, '2026-02-26', 2, 1, 1, '2026-03-12 05:39:01', '2026-03-12 05:39:01', NULL),
(10, 'Expense 9', 'Description for expense 9', 25.00, '2026-03-10', 3, 1, 1, '2026-03-12 05:39:01', '2026-03-12 05:39:01', NULL),
(11, 'Expense 10', 'Description for expense 10', 48.00, '2026-03-10', 3, 1, 1, '2026-03-12 05:39:01', '2026-03-12 05:39:01', NULL),
(12, 'Expense 11', 'Description for expense 11', 40.00, '2026-02-24', 3, 1, 1, '2026-03-12 05:39:01', '2026-03-12 05:39:01', NULL),
(13, 'Expense 12', 'Description for expense 12', 46.00, '2026-02-21', 2, 1, 1, '2026-03-12 05:39:01', '2026-03-12 05:39:01', NULL),
(14, 'Expense 13', 'Description for expense 13', 29.00, '2026-02-11', 2, 1, 1, '2026-03-12 05:39:01', '2026-03-12 05:39:01', NULL),
(15, 'Expense 14', 'Description for expense 14', 32.00, '2026-02-10', 2, 1, 1, '2026-03-12 05:39:01', '2026-03-12 05:39:01', NULL),
(16, 'Expense 15', 'Description for expense 15', 31.00, '2026-03-04', 1, 1, 1, '2026-03-12 05:39:01', '2026-03-12 05:39:01', NULL),
(17, 'Expense 16', 'Description for expense 16', 49.00, '2026-02-21', 1, 1, 1, '2026-03-12 05:39:01', '2026-03-12 05:39:01', NULL),
(18, 'Expense 17', 'Description for expense 17', 42.00, '2026-02-18', 3, 1, 1, '2026-03-12 05:39:01', '2026-03-12 05:39:01', NULL),
(19, 'Expense 18', 'Description for expense 18', 29.00, '2026-02-11', 3, 1, 1, '2026-03-12 05:39:01', '2026-03-12 05:39:01', NULL),
(20, 'Expense 19', 'Description for expense 19', 10.00, '2026-02-18', 1, 1, 1, '2026-03-12 05:39:01', '2026-03-12 05:39:01', NULL),
(21, 'Expense 20', 'Description for expense 20', 18.00, '2026-02-13', 2, 1, 1, '2026-03-12 05:39:01', '2026-03-12 05:39:01', NULL),
(22, 'Expense 21', 'Description for expense 21', 14.00, '2026-03-09', 3, 1, 1, '2026-03-12 05:39:01', '2026-03-12 05:39:01', NULL),
(23, 'Expense 22', 'Description for expense 22', 35.00, '2026-03-02', 2, 1, 1, '2026-03-12 05:39:01', '2026-03-12 05:39:01', NULL),
(24, 'Expense 23', 'Description for expense 23', 14.00, '2026-02-18', 1, 1, 1, '2026-03-12 05:39:01', '2026-03-12 05:39:01', NULL),
(25, 'Expense 24', 'Description for expense 24', 47.00, '2026-02-19', 2, 1, 1, '2026-03-12 05:39:01', '2026-03-12 05:39:01', NULL),
(26, 'Expense 25', 'Description for expense 25', 8.00, '2026-02-21', 3, 1, 1, '2026-03-12 05:39:01', '2026-03-12 05:39:01', NULL),
(27, 'Expense 26', 'Description for expense 26', 19.00, '2026-03-04', 3, 1, 1, '2026-03-12 05:39:01', '2026-03-12 05:39:01', NULL),
(28, 'Expense 27', 'Description for expense 27', 26.00, '2026-02-25', 1, 1, 1, '2026-03-12 05:39:01', '2026-03-12 05:39:01', NULL),
(29, 'Expense 28', 'Description for expense 28', 25.00, '2026-02-24', 3, 1, 1, '2026-03-12 05:39:01', '2026-03-12 05:39:01', NULL),
(30, 'Expense 29', 'Description for expense 29', 40.00, '2026-02-20', 3, 1, 1, '2026-03-12 05:39:01', '2026-03-12 05:39:01', NULL),
(31, 'Expense 30', 'Description for expense 30', 48.00, '2026-02-11', 1, 1, 1, '2026-03-12 05:39:01', '2026-03-12 05:39:01', NULL),
(32, 'Expense 31', 'Description for expense 31', 31.00, '2026-03-07', 1, 1, 1, '2026-03-12 05:39:01', '2026-03-12 05:39:01', NULL),
(33, 'Expense 32', 'Description for expense 32', 8.00, '2026-03-10', 1, 1, 1, '2026-03-12 05:39:01', '2026-03-12 05:39:01', NULL),
(34, 'Expense 33', 'Description for expense 33', 44.00, '2026-02-26', 3, 1, 1, '2026-03-12 05:39:01', '2026-03-12 05:39:01', NULL),
(35, 'Expense 34', 'Description for expense 34', 49.00, '2026-02-17', 1, 1, 1, '2026-03-12 05:39:01', '2026-03-12 05:39:01', NULL),
(36, 'Expense 35', 'Description for expense 35', 21.00, '2026-02-21', 1, 1, 1, '2026-03-12 05:39:01', '2026-03-12 05:39:01', NULL),
(37, 'Expense 36', 'Description for expense 36', 35.00, '2026-03-02', 1, 1, 1, '2026-03-12 05:39:01', '2026-03-12 05:39:01', NULL),
(38, 'Expense 37', 'Description for expense 37', 29.00, '2026-02-27', 1, 1, 1, '2026-03-12 05:39:01', '2026-03-12 05:39:01', NULL),
(39, 'Expense 38', 'Description for expense 38', 46.00, '2026-02-16', 1, 1, 1, '2026-03-12 05:39:01', '2026-03-12 05:39:01', NULL),
(40, 'Expense 39', 'Description for expense 39', 26.00, '2026-02-26', 1, NULL, 1, '2026-03-12 05:39:01', '2026-03-12 05:39:01', NULL),
(41, 'Expense 40', 'Description for expense 40', 30.00, '2026-03-12', 2, NULL, 1, '2026-03-12 05:39:01', '2026-03-12 05:39:01', NULL),
(42, 'Expense 41', 'Description for expense 41', 32.00, '2026-02-24', 3, NULL, 1, '2026-03-12 05:39:01', '2026-03-12 05:39:01', NULL),
(43, 'Expense 42', 'Description for expense 42', 19.00, '2026-02-14', 1, NULL, 1, '2026-03-12 05:39:01', '2026-03-12 05:39:01', NULL),
(44, 'Expense 43', 'Description for expense 43', 29.00, '2026-03-09', 2, NULL, 1, '2026-03-12 05:39:01', '2026-03-12 05:39:01', NULL),
(45, 'Expense 44', 'Description for expense 44', 23.00, '2026-02-28', 2, NULL, 1, '2026-03-12 05:39:01', '2026-03-12 05:39:01', NULL),
(46, 'Expense 45', 'Description for expense 45', 47.00, '2026-03-03', 2, NULL, 1, '2026-03-12 05:39:01', '2026-03-12 05:39:01', NULL),
(47, 'Expense 46', 'Description for expense 46', 15.00, '2026-02-10', 3, NULL, 1, '2026-03-12 05:39:01', '2026-03-12 05:39:01', NULL),
(48, 'Expense 47', 'Description for expense 47', 7.00, '2026-02-12', 1, NULL, 1, '2026-03-12 05:39:01', '2026-03-12 05:39:01', NULL),
(49, 'Expense 48', 'Description for expense 48', 12.00, '2026-02-19', 3, NULL, 1, '2026-03-12 05:39:01', '2026-03-12 05:39:01', NULL),
(50, 'Expense 49', 'Description for expense 49', 50.00, '2026-02-18', 2, NULL, 1, '2026-03-12 05:39:01', '2026-03-12 05:39:01', NULL);

-- --------------------------------------------------------

--
-- Table structure for table `expense_categories`
--

CREATE TABLE `expense_categories` (
  `id` bigint UNSIGNED NOT NULL,
  `name` varchar(255) COLLATE utf8mb4_unicode_ci NOT NULL,
  `description` text COLLATE utf8mb4_unicode_ci,
  `created_at` timestamp NULL DEFAULT NULL,
  `updated_at` timestamp NULL DEFAULT NULL,
  `deleted_at` timestamp NULL DEFAULT NULL
) ENGINE=InnoDB DEFAULT CHARSET=utf8mb4 COLLATE=utf8mb4_unicode_ci;

--
-- Dumping data for table `expense_categories`
--

INSERT INTO `expense_categories` (`id`, `name`, `description`, `created_at`, `updated_at`, `deleted_at`) VALUES
(1, 'ការថែទាំ', 'Maintenance expenses', '2026-03-12 05:39:01', '2026-03-15 10:41:44', NULL),
(2, 'សម្ភារៈ', 'Supplies expenses', '2026-03-12 05:39:01', '2026-03-15 10:41:52', NULL),
(3, 'សេវាប្រើប្រាស់', 'Utilities expenses', '2026-03-12 05:39:01', '2026-03-15 10:42:02', NULL);

-- --------------------------------------------------------

--
-- Table structure for table `fees`
--

CREATE TABLE `fees` (
  `id` bigint UNSIGNED NOT NULL,
  `student_id` bigint UNSIGNED NOT NULL,
  `enrollment_id` bigint UNSIGNED DEFAULT NULL,
  `fee_type_id` bigint UNSIGNED NOT NULL,
  `created_by` bigint UNSIGNED DEFAULT NULL,
  `amount` decimal(10,2) NOT NULL,
  `due_date` date DEFAULT NULL,
  `remarks` text COLLATE utf8mb4_unicode_ci,
  `payment_date` date DEFAULT NULL,
  `payment_method` varchar(255) COLLATE utf8mb4_unicode_ci DEFAULT NULL,
  `transaction_id` varchar(255) COLLATE utf8mb4_unicode_ci DEFAULT NULL,
  `received_by` bigint UNSIGNED DEFAULT NULL,
  `created_at` timestamp NULL DEFAULT NULL,
  `updated_at` timestamp NULL DEFAULT NULL,
  `deleted_at` timestamp NULL DEFAULT NULL
) ENGINE=InnoDB DEFAULT CHARSET=utf8mb4 COLLATE=utf8mb4_unicode_ci;

--
-- Dumping data for table `fees`
--

INSERT INTO `fees` (`id`, `student_id`, `enrollment_id`, `fee_type_id`, `created_by`, `amount`, `due_date`, `remarks`, `payment_date`, `payment_method`, `transaction_id`, `received_by`, `created_at`, `updated_at`, `deleted_at`) VALUES
(1, 7, 1, 1, 1, 19.00, '2026-04-12', NULL, '2026-03-12', 'Cash', 'SCMS:G2-FECAA-0E6MA-GLOZ1-OMGOB', 1, '2026-03-12 05:39:01', '2026-03-12 08:04:14', NULL),
(5, 11, 5, 2, 1, 15.00, '2026-04-12', NULL, '2026-03-07', 'Bank Transfer', NULL, NULL, '2026-03-12 05:39:01', '2026-03-12 05:39:01', NULL),
(6, 12, 6, 1, 1, 45.00, '2026-04-12', NULL, '2026-03-02', 'Cash', NULL, NULL, '2026-03-12 05:39:01', '2026-03-12 05:39:01', NULL),
(9, 15, 9, 2, 1, 49.00, '2026-04-12', NULL, '2026-03-05', 'Bank Transfer', NULL, NULL, '2026-03-12 05:39:01', '2026-03-12 05:39:01', NULL),
(10, 16, 10, 1, 1, 13.00, '2026-04-12', NULL, '2026-03-05', 'Bank Transfer', NULL, NULL, '2026-03-12 05:39:01', '2026-03-12 05:39:01', NULL),
(12, 18, 12, 2, 1, 39.00, '2026-04-12', NULL, '2026-03-14', 'Cash', 'SCMS:G2-MO7TV-ATXT2-B60VK-6NILQ', 1, '2026-03-12 05:39:01', '2026-03-14 04:11:57', NULL),
(13, 19, 13, 2, 1, 42.00, '2026-04-12', NULL, '2026-03-10', 'Cash', NULL, NULL, '2026-03-12 05:39:01', '2026-03-12 05:39:01', NULL),
(14, 20, 14, 1, 1, 9.00, '2026-04-12', NULL, '2026-03-12', 'Cash', 'SCMS:G2-HP5ZD-TJ9FJ-0U0EE-TU2SH', 1, '2026-03-12 05:39:01', '2026-03-12 08:19:39', NULL),
(15, 21, 15, 2, 1, 28.00, '2026-04-12', NULL, '2026-03-11', 'Bank Transfer', NULL, NULL, '2026-03-12 05:39:01', '2026-03-12 05:39:01', NULL),
(17, 23, 17, 1, 1, 22.00, '2026-04-12', NULL, '2026-03-07', 'Cash', NULL, NULL, '2026-03-12 05:39:01', '2026-03-12 05:39:01', NULL),
(18, 24, 18, 1, 1, 50.00, '2026-04-12', NULL, '2026-03-10', 'Cash', NULL, NULL, '2026-03-12 05:39:01', '2026-03-12 05:39:01', NULL),
(19, 25, 19, 2, 1, 18.00, '2026-04-12', NULL, '2026-03-14', 'Cash', 'SCMS:G2-CY12V-BZAAZ-Z2GN6-ZGYXA', 1, '2026-03-12 05:39:01', '2026-03-14 04:11:38', NULL),
(20, 26, 20, 1, 1, 33.00, '2026-04-12', NULL, '2026-03-05', 'Bank Transfer', NULL, NULL, '2026-03-12 05:39:01', '2026-03-12 05:39:01', NULL),
(26, 32, 26, 1, 1, 33.00, '2026-04-12', NULL, '2026-03-10', 'Bank Transfer', NULL, NULL, '2026-03-12 05:39:01', '2026-03-12 05:39:01', NULL),
(27, 33, 27, 1, 1, 38.00, '2026-04-12', NULL, '2026-03-06', 'Cash', NULL, NULL, '2026-03-12 05:39:01', '2026-03-12 05:39:01', NULL),
(28, 34, 28, 2, 1, 15.00, '2026-04-12', NULL, '2026-03-10', 'Cash', NULL, NULL, '2026-03-12 05:39:01', '2026-03-12 05:39:01', NULL),
(29, 35, 29, 2, 1, 15.00, '2026-04-12', NULL, '2026-03-05', 'Cash', NULL, NULL, '2026-03-12 05:39:01', '2026-03-12 05:39:01', NULL),
(32, 38, 32, 1, 1, 43.00, '2026-04-12', NULL, '2026-03-05', 'Bank Transfer', NULL, NULL, '2026-03-12 05:39:01', '2026-03-12 05:39:01', NULL),
(33, 39, 33, 1, 1, 22.00, '2026-04-12', NULL, '2026-03-04', 'Cash', NULL, NULL, '2026-03-12 05:39:01', '2026-03-12 05:39:01', NULL),
(34, 40, 34, 1, 1, 17.00, '2026-04-12', NULL, '2026-03-04', 'Bank Transfer', NULL, NULL, '2026-03-12 05:39:01', '2026-03-12 05:39:01', NULL),
(35, 41, 35, 2, 1, 15.00, '2026-04-12', NULL, '2026-03-09', 'Cash', NULL, NULL, '2026-03-12 05:39:01', '2026-03-12 05:39:01', NULL),
(36, 42, 36, 1, 1, 45.00, '2026-04-12', NULL, '2026-03-07', 'Cash', NULL, NULL, '2026-03-12 05:39:01', '2026-03-12 05:39:01', NULL),
(39, 45, 39, 2, 1, 10.00, '2026-04-12', NULL, '2026-03-05', 'Bank Transfer', NULL, NULL, '2026-03-12 05:39:01', '2026-03-12 05:39:01', NULL),
(40, 46, 40, 1, 1, 13.00, '2026-04-12', NULL, '2026-03-07', 'Cash', NULL, NULL, '2026-03-12 05:39:01', '2026-03-12 05:39:01', NULL),
(43, 49, 43, 1, 1, 25.00, '2026-04-12', NULL, '2026-03-11', 'Bank Transfer', NULL, NULL, '2026-03-12 05:39:01', '2026-03-12 05:39:01', NULL),
(44, 50, 44, 2, 1, 14.00, '2026-04-12', NULL, '2026-03-10', 'Cash', NULL, NULL, '2026-03-12 05:39:01', '2026-03-12 05:39:01', NULL),
(46, 52, 46, 2, 1, 33.00, '2026-04-12', NULL, '2026-03-07', 'Bank Transfer', NULL, NULL, '2026-03-12 05:39:01', '2026-03-12 05:39:01', NULL),
(47, 53, 47, 2, 1, 27.00, '2026-04-12', NULL, '2026-03-14', 'Cash', 'SCMS:G2-72J8T-56T8H-MTRQX-GYEZN', 1, '2026-03-12 05:39:01', '2026-03-14 04:11:44', NULL),
(48, 54, 48, 2, 1, 10.00, '2026-04-12', NULL, '2026-03-14', 'Cash', 'SCMS:G2-9LM54-YKPS6-JG8RS-2LWDY', 1, '2026-03-12 05:39:01', '2026-03-14 04:11:53', NULL),
(66, 11, 5, 5, 1, 5.00, '2026-03-29', NULL, '2026-03-14', 'Cash', 'SCMS:G2-5V1Z7-ASH0T-CQYLX-1LR70', 1, '2026-03-14 04:12:46', '2026-03-14 08:32:37', NULL),
(67, 15, 9, 5, 1, 5.00, '2026-03-29', NULL, '2026-03-14', 'Cash', 'SCMS:G2-EB0AY-2002Q-GY4F2-2QIJO', 1, '2026-03-14 04:12:46', '2026-03-14 08:32:57', NULL),
(68, 16, 10, 5, 1, 5.00, '2026-03-29', NULL, '2026-03-14', 'Cash', 'SCMS:G2-HJJDQ-YY464-HEG1A-73IHX', 1, '2026-03-14 04:12:46', '2026-03-14 08:33:53', NULL),
(69, 33, 27, 5, 1, 5.00, '2026-03-29', NULL, '2026-03-14', 'Cash', 'SCMS:G2-0JO1O-R0X7M-QOHL6-S12TJ', 1, '2026-03-14 04:12:46', '2026-03-14 08:32:30', NULL),
(70, 39, 33, 5, 1, 5.00, '2026-03-29', NULL, '2026-03-14', 'Cash', 'SCMS:G2-35TKA-APBFB-7DPQZ-JQNYX', 1, '2026-03-14 04:12:46', '2026-03-14 08:34:06', NULL),
(71, 40, 34, 5, 1, 5.00, '2026-03-29', NULL, NULL, NULL, NULL, NULL, '2026-03-14 04:12:46', '2026-03-14 04:12:46', NULL),
(72, 46, 40, 5, 1, 5.00, '2026-03-29', NULL, NULL, NULL, NULL, NULL, '2026-03-14 04:12:46', '2026-03-14 04:12:46', NULL),
(73, 21, 15, 5, 1, 5.00, '2026-03-29', NULL, NULL, NULL, NULL, NULL, '2026-03-14 04:12:46', '2026-03-14 04:12:46', NULL),
(74, 23, 17, 5, 1, 5.00, '2026-03-29', NULL, NULL, NULL, NULL, NULL, '2026-03-14 04:12:46', '2026-03-14 04:12:46', NULL),
(75, 35, 29, 5, 1, 5.00, '2026-03-29', NULL, '2026-03-14', 'Cash', 'SCMS:G2-88UWL-M4MPA-9RL2C-HZBQC', 1, '2026-03-14 04:12:46', '2026-03-14 08:34:16', NULL),
(76, 50, 44, 5, 1, 5.00, '2026-03-29', NULL, NULL, NULL, NULL, NULL, '2026-03-14 04:12:46', '2026-03-14 04:12:46', NULL),
(77, 7, 1, 5, 1, 5.00, '2026-03-29', NULL, NULL, NULL, NULL, NULL, '2026-03-14 04:12:46', '2026-03-14 04:12:46', NULL),
(78, 19, 13, 5, 1, 5.00, '2026-03-29', NULL, '2026-03-14', 'Card', 'SCMS:G2-WJKLP-DEL69-5I3SO-Q67Q2', 1, '2026-03-14 04:12:46', '2026-03-14 08:33:11', NULL),
(79, 49, 43, 5, 1, 5.00, '2026-03-29', NULL, '2026-03-14', 'Cash', 'SCMS:G2-6GCLO-FRS0M-NNXN6-UTNUE', 1, '2026-03-14 04:12:46', '2026-03-14 08:32:42', NULL),
(80, 53, 47, 5, 1, 5.00, '2026-03-29', NULL, NULL, NULL, NULL, NULL, '2026-03-14 04:12:46', '2026-03-14 04:12:46', NULL),
(81, 54, 48, 5, 1, 5.00, '2026-03-29', NULL, '2026-03-14', 'Cash', 'SCMS:G2-FA46Y-E45F2-X9EY3-SW7SF', 1, '2026-03-14 04:12:46', '2026-03-14 08:32:34', NULL),
(82, 25, 19, 5, 1, 5.00, '2026-03-29', NULL, '2026-03-14', 'Cash', 'SCMS:G2-9ZW46-U09YS-GQS0C-LNZ8W', 1, '2026-03-14 04:12:46', '2026-03-14 08:32:40', NULL),
(83, 41, 35, 5, 1, 5.00, '2026-03-29', NULL, '2026-03-14', 'Cash', 'SCMS:G2-58LJL-N5F0E-VBLIE-UWPE7', 1, '2026-03-14 04:12:46', '2026-03-14 08:32:45', NULL),
(84, 52, 46, 5, 1, 5.00, '2026-03-29', NULL, '2026-03-14', 'Cash', 'SCMS:G2-ELA1T-TJ0HS-RXY58-Q8SCK', 1, '2026-03-14 04:12:46', '2026-03-14 08:34:12', NULL),
(86, 20, 14, 5, 1, 5.00, '2026-03-29', NULL, '2026-03-14', 'Cash', 'SCMS:G2-FL8PF-QR1JM-WMBHI-OFQCT', 1, '2026-03-14 04:12:46', '2026-03-14 08:34:09', NULL),
(87, 26, 20, 5, 1, 5.00, '2026-03-29', NULL, '2026-03-14', 'Cash', 'SCMS:G2-L2VS3-8RF5X-P32ZN-5566X', 1, '2026-03-14 04:12:46', '2026-03-14 08:33:58', NULL),
(88, 38, 32, 5, 1, 5.00, '2026-03-29', NULL, NULL, NULL, NULL, NULL, '2026-03-14 04:12:46', '2026-03-14 04:12:46', NULL),
(89, 12, 6, 5, 1, 5.00, '2026-03-29', NULL, NULL, NULL, NULL, NULL, '2026-03-14 04:12:46', '2026-03-14 04:12:46', NULL),
(90, 18, 12, 5, 1, 5.00, '2026-03-29', NULL, NULL, NULL, NULL, NULL, '2026-03-14 04:12:46', '2026-03-14 04:12:46', NULL),
(91, 24, 18, 5, 1, 5.00, '2026-03-29', NULL, '2026-03-14', 'Cash', 'SCMS:G2-60N2O-7LPQO-J4708-23SKN', 1, '2026-03-14 04:12:46', '2026-03-14 04:13:37', NULL),
(92, 32, 26, 5, 1, 5.00, '2026-03-29', NULL, NULL, NULL, NULL, NULL, '2026-03-14 04:12:46', '2026-03-14 04:12:46', NULL),
(93, 34, 28, 5, 1, 5.00, '2026-03-29', NULL, '2026-03-14', 'Mobile Payment', 'SCMS:G2-RRKGM-ZOEUU-SYUA1-L546P', 1, '2026-03-14 04:12:46', '2026-03-14 08:33:28', NULL),
(94, 42, 36, 5, 1, 5.00, '2026-03-29', NULL, '2026-03-14', 'Mobile Payment', 'SCMS:G2-509IK-7SJJ4-V5FHK-01G1P', 1, '2026-03-14 04:12:46', '2026-03-14 08:33:17', NULL),
(95, 45, 39, 5, 1, 5.00, '2026-03-29', NULL, '2026-03-14', 'Cash', 'SCMS:G2-2CNB8-V3Y5B-QV4ZU-1QMTP', 1, '2026-03-14 04:12:46', '2026-03-14 08:33:35', NULL);

-- --------------------------------------------------------

--
-- Table structure for table `fee_types`
--

CREATE TABLE `fee_types` (
  `id` bigint UNSIGNED NOT NULL,
  `name` varchar(255) COLLATE utf8mb4_unicode_ci NOT NULL,
  `description` text COLLATE utf8mb4_unicode_ci,
  `created_at` timestamp NULL DEFAULT NULL,
  `updated_at` timestamp NULL DEFAULT NULL,
  `deleted_at` timestamp NULL DEFAULT NULL
) ENGINE=InnoDB DEFAULT CHARSET=utf8mb4 COLLATE=utf8mb4_unicode_ci;

--
-- Dumping data for table `fee_types`
--

INSERT INTO `fee_types` (`id`, `name`, `description`, `created_at`, `updated_at`, `deleted_at`) VALUES
(1, 'ថ្លៃសិក្សា', 'Tuition fee', '2026-03-12 05:39:01', '2026-03-15 10:42:20', NULL),
(2, 'ពិសោធន៍', 'Lab fee', '2026-03-12 05:39:01', '2026-03-15 10:42:31', NULL),
(5, 'សៀវភៅ', NULL, '2026-03-14 04:12:45', '2026-03-15 10:42:12', NULL);

-- --------------------------------------------------------

--
-- Table structure for table `migrations`
--

CREATE TABLE `migrations` (
  `id` int UNSIGNED NOT NULL,
  `migration` varchar(255) COLLATE utf8mb4_unicode_ci NOT NULL,
  `batch` int NOT NULL
) ENGINE=InnoDB DEFAULT CHARSET=utf8mb4 COLLATE=utf8mb4_unicode_ci;

--
-- Dumping data for table `migrations`
--

INSERT INTO `migrations` (`id`, `migration`, `batch`) VALUES
(1, '1_create_tb', 1),
(2, '2026_01_02_224326_remove_blood_group_from_users_table', 1),
(3, '2026_02_10_133714_add_performance_indexes_to_tables', 1),
(4, '2026_02_27_113126_add_certificate_to_enrollments_table', 1),
(5, '2_create_cache_table', 1),
(6, '3_create_personal_access_tokens_table', 1),
(7, '4_create_permission_tables', 1),
(8, '2026_03_12_153203_make_enrollment_id_nullable_in_fees_table', 2);

-- --------------------------------------------------------

--
-- Table structure for table `model_has_permissions`
--

CREATE TABLE `model_has_permissions` (
  `permission_id` bigint UNSIGNED NOT NULL,
  `model_type` varchar(255) COLLATE utf8mb4_unicode_ci NOT NULL,
  `model_id` bigint UNSIGNED NOT NULL
) ENGINE=InnoDB DEFAULT CHARSET=utf8mb4 COLLATE=utf8mb4_unicode_ci;

-- --------------------------------------------------------

--
-- Table structure for table `model_has_roles`
--

CREATE TABLE `model_has_roles` (
  `role_id` bigint UNSIGNED NOT NULL,
  `model_type` varchar(255) COLLATE utf8mb4_unicode_ci NOT NULL,
  `model_id` bigint UNSIGNED NOT NULL
) ENGINE=InnoDB DEFAULT CHARSET=utf8mb4 COLLATE=utf8mb4_unicode_ci;

--
-- Dumping data for table `model_has_roles`
--

INSERT INTO `model_has_roles` (`role_id`, `model_type`, `model_id`) VALUES
(1, 'App\\Models\\User', 1),
(2, 'App\\Models\\User', 2),
(2, 'App\\Models\\User', 3),
(2, 'App\\Models\\User', 4),
(2, 'App\\Models\\User', 5),
(2, 'App\\Models\\User', 6),
(3, 'App\\Models\\User', 7),
(3, 'App\\Models\\User', 8),
(3, 'App\\Models\\User', 9),
(3, 'App\\Models\\User', 10),
(3, 'App\\Models\\User', 11),
(3, 'App\\Models\\User', 12),
(3, 'App\\Models\\User', 13),
(3, 'App\\Models\\User', 14),
(3, 'App\\Models\\User', 15),
(3, 'App\\Models\\User', 16),
(3, 'App\\Models\\User', 17),
(3, 'App\\Models\\User', 18),
(3, 'App\\Models\\User', 19),
(3, 'App\\Models\\User', 20),
(3, 'App\\Models\\User', 21),
(3, 'App\\Models\\User', 22),
(3, 'App\\Models\\User', 23),
(3, 'App\\Models\\User', 24),
(3, 'App\\Models\\User', 25),
(3, 'App\\Models\\User', 26),
(3, 'App\\Models\\User', 27),
(3, 'App\\Models\\User', 28),
(3, 'App\\Models\\User', 29),
(3, 'App\\Models\\User', 30),
(3, 'App\\Models\\User', 31),
(3, 'App\\Models\\User', 32),
(3, 'App\\Models\\User', 33),
(3, 'App\\Models\\User', 34),
(3, 'App\\Models\\User', 35),
(3, 'App\\Models\\User', 36),
(3, 'App\\Models\\User', 37),
(3, 'App\\Models\\User', 38),
(3, 'App\\Models\\User', 39),
(3, 'App\\Models\\User', 40),
(3, 'App\\Models\\User', 41),
(3, 'App\\Models\\User', 42),
(3, 'App\\Models\\User', 43),
(3, 'App\\Models\\User', 44),
(3, 'App\\Models\\User', 45),
(3, 'App\\Models\\User', 46),
(3, 'App\\Models\\User', 47),
(3, 'App\\Models\\User', 48),
(3, 'App\\Models\\User', 49),
(3, 'App\\Models\\User', 50),
(3, 'App\\Models\\User', 51),
(3, 'App\\Models\\User', 52),
(3, 'App\\Models\\User', 53),
(3, 'App\\Models\\User', 54),
(3, 'App\\Models\\User', 55),
(3, 'App\\Models\\User', 56),
(2, 'App\\Models\\User', 57),
(3, 'App\\Models\\User', 58);

-- --------------------------------------------------------

--
-- Table structure for table `notifications`
--

CREATE TABLE `notifications` (
  `id` char(36) COLLATE utf8mb4_unicode_ci NOT NULL,
  `type` varchar(255) COLLATE utf8mb4_unicode_ci NOT NULL,
  `notifiable_type` varchar(255) COLLATE utf8mb4_unicode_ci NOT NULL,
  `notifiable_id` bigint UNSIGNED NOT NULL,
  `data` text COLLATE utf8mb4_unicode_ci NOT NULL,
  `read_at` timestamp NULL DEFAULT NULL,
  `created_at` timestamp NULL DEFAULT NULL,
  `updated_at` timestamp NULL DEFAULT NULL
) ENGINE=InnoDB DEFAULT CHARSET=utf8mb4 COLLATE=utf8mb4_unicode_ci;

--
-- Dumping data for table `notifications`
--

INSERT INTO `notifications` (`id`, `type`, `notifiable_type`, `notifiable_id`, `data`, `read_at`, `created_at`, `updated_at`) VALUES
('01262ff5-f8f0-4493-bc96-b703c1ad4e50', 'App\\Notifications\\FeePaidNotification', 'App\\Models\\User', 1, '{\"title\":\"Fee Paid: $19.00\",\"body\":\"Payment for Tuition by Dr. Brianne Lehner has been recorded.\",\"link\":\"http:\\/\\/127.0.0.1:8102\\/admin\\/fees\\/1\",\"date\":null}', NULL, '2026-03-12 08:04:14', '2026-03-12 08:04:14'),
('054ac1c2-e7a6-4f2c-866a-104677442ee0', 'App\\Notifications\\FeePaidNotification', 'App\\Models\\User', 1, '{\"title\":\"Fee Paid: $5.00\",\"body\":\"Payment for Book by Jon Stokes III has been recorded.\",\"link\":\"http:\\/\\/127.0.0.1:8102\\/admin\\/fees\\/86\",\"date\":null}', NULL, '2026-03-14 08:34:09', '2026-03-14 08:34:09'),
('07f8993e-bc52-485e-a671-e9cc51907a5a', 'App\\Notifications\\FeePaidNotification', 'App\\Models\\User', 1, '{\"title\":\"Fee Paid: $5.00\",\"body\":\"Payment for Admin by Sigurd Schroeder has been recorded.\",\"link\":\"http:\\/\\/127.0.0.1:8102\\/admin\\/fees\\/56\",\"date\":null}', NULL, '2026-03-12 08:22:37', '2026-03-12 08:22:37'),
('0837d7ca-c5e5-4e41-acb7-2e0575172938', 'App\\Notifications\\FeeAssigned', 'App\\Models\\User', 1, '{\"title\":\"New Book Assigned\",\"body\":\"You have been assigned a new fee of $5.00 (Due: Mar 29, 2026).\",\"link\":\"http:\\/\\/127.0.0.1:8102\\/admin\\/fees\\/94\",\"status\":\"unpaid\"}', NULL, '2026-03-14 04:12:46', '2026-03-14 04:12:46'),
('0acbafaf-fd56-4b7f-a516-bb994eeb86e3', 'App\\Notifications\\FeeAssigned', 'App\\Models\\User', 1, '{\"title\":\"New Admin Assigned\",\"body\":\"You have been assigned a new fee of $5.00 (Due: Mar 27, 2026).\",\"link\":\"http:\\/\\/127.0.0.1:8102\\/admin\\/fees\\/53\",\"status\":\"unpaid\"}', NULL, '2026-03-12 08:21:43', '2026-03-12 08:21:43'),
('0b5134aa-0422-4d04-b471-ac278c0d74af', 'App\\Notifications\\FeeAssigned', 'App\\Models\\User', 1, '{\"title\":\"New Book Assigned\",\"body\":\"You have been assigned a new fee of $5.00 (Due: Mar 29, 2026).\",\"link\":\"http:\\/\\/127.0.0.1:8102\\/admin\\/fees\\/85\",\"status\":\"unpaid\"}', NULL, '2026-03-14 04:12:46', '2026-03-14 04:12:46'),
('0b654fdf-1140-4e10-bdea-9828e99c915f', 'App\\Notifications\\FeeAssigned', 'App\\Models\\User', 1, '{\"title\":\"New Book Assigned\",\"body\":\"You have been assigned a new fee of $5.00 (Due: Mar 29, 2026).\",\"link\":\"http:\\/\\/127.0.0.1:8102\\/admin\\/fees\\/72\",\"status\":\"unpaid\"}', NULL, '2026-03-14 04:12:46', '2026-03-14 04:12:46'),
('0c9a5d6d-bb62-4090-bf4d-cba694bc5fc4', 'App\\Notifications\\FeeAssigned', 'App\\Models\\User', 1, '{\"title\":\"New Book Assigned\",\"body\":\"You have been assigned a new fee of $5.00 (Due: Mar 29, 2026).\",\"link\":\"http:\\/\\/127.0.0.1:8102\\/admin\\/fees\\/79\",\"status\":\"unpaid\"}', NULL, '2026-03-14 04:12:46', '2026-03-14 04:12:46'),
('0d6c7b75-5569-4568-b437-735f04fb212a', 'App\\Notifications\\FeeAssigned', 'App\\Models\\User', 1, '{\"title\":\"New Admin Assigned\",\"body\":\"You have been assigned a new fee of $5.00 (Due: Mar 27, 2026).\",\"link\":\"http:\\/\\/127.0.0.1:8102\\/admin\\/fees\\/56\",\"status\":\"unpaid\"}', NULL, '2026-03-12 08:21:43', '2026-03-12 08:21:43'),
('0dc77c9c-77c3-4ccb-bd55-1f054a7cd7f1', 'App\\Notifications\\FeeAssigned', 'App\\Models\\User', 1, '{\"title\":\"New Book Assigned\",\"body\":\"You have been assigned a new fee of $5.00 (Due: Mar 29, 2026).\",\"link\":\"http:\\/\\/127.0.0.1:8102\\/admin\\/fees\\/69\",\"status\":\"unpaid\"}', NULL, '2026-03-14 04:12:46', '2026-03-14 04:12:46'),
('0e64e176-aea8-474c-8b28-4d813697e5c0', 'App\\Notifications\\ExpenseCreated', 'App\\Models\\User', 1, '{\"title\":\"New Expense Submitted\",\"body\":\"A new expense of $35.00 was submitted for category: Dane Valentine\",\"link\":\"http:\\/\\/127.0.0.1:8102\\/admin\\/expenses\\/255\"}', NULL, '2026-03-12 08:38:23', '2026-03-12 08:38:23'),
('10052e9f-f871-4e07-8ce5-5ce8d2d1c707', 'App\\Notifications\\FeeAssigned', 'App\\Models\\User', 1, '{\"title\":\"New Book Assigned\",\"body\":\"You have been assigned a new fee of $5.00 (Due: Mar 29, 2026).\",\"link\":\"http:\\/\\/127.0.0.1:8102\\/admin\\/fees\\/82\",\"status\":\"unpaid\"}', NULL, '2026-03-14 04:12:46', '2026-03-14 04:12:46'),
('10819a19-cdae-4da4-8874-add97496b30c', 'App\\Notifications\\ExpenseCreated', 'App\\Models\\User', 1, '{\"title\":\"New Expense Submitted\",\"body\":\"A new expense of $8.00 was submitted for category: Dane Valentine\",\"link\":\"http:\\/\\/127.0.0.1:8102\\/admin\\/expenses\\/253\"}', NULL, '2026-03-12 08:36:18', '2026-03-12 08:36:18'),
('10857abd-7268-4b01-a760-6aa3aa3d11d0', 'App\\Notifications\\FeePaidNotification', 'App\\Models\\User', 1, '{\"title\":\"Fee Paid: $5.00\",\"body\":\"Payment for Admin by Kraig Bechtelar has been recorded.\",\"link\":\"http:\\/\\/127.0.0.1:8102\\/admin\\/fees\\/51\",\"date\":null}', NULL, '2026-03-12 08:21:51', '2026-03-12 08:21:51'),
('1539dbba-c619-4dc3-bb71-c9ca6412b2a9', 'App\\Notifications\\FeeAssigned', 'App\\Models\\User', 1, '{\"title\":\"New Book Assigned\",\"body\":\"You have been assigned a new fee of $5.00 (Due: Mar 29, 2026).\",\"link\":\"http:\\/\\/127.0.0.1:8102\\/admin\\/fees\\/106\",\"status\":\"unpaid\"}', NULL, '2026-03-14 04:12:47', '2026-03-14 04:12:47'),
('183007c0-9941-4734-a8a9-29e6623cad76', 'App\\Notifications\\FeePaidNotification', 'App\\Models\\User', 1, '{\"title\":\"Fee Paid: $5.00\",\"body\":\"Payment for Admin by Willy Feest has been recorded.\",\"link\":\"http:\\/\\/127.0.0.1:8102\\/admin\\/fees\\/55\",\"date\":null}', NULL, '2026-03-12 08:22:40', '2026-03-12 08:22:40'),
('1b29916c-596b-43a8-a41f-16adfe90abd5', 'App\\Notifications\\FeePaidNotification', 'App\\Models\\User', 1, '{\"title\":\"Fee Paid: $5.00\",\"body\":\"Payment for Book by Prof. Morris Gerhold IV has been recorded.\",\"link\":\"http:\\/\\/127.0.0.1:8102\\/admin\\/fees\\/95\",\"date\":null}', NULL, '2026-03-14 08:33:35', '2026-03-14 08:33:35'),
('1b67f73c-9450-4d2a-bf03-73301f6a2e77', 'App\\Notifications\\FeePaidNotification', 'App\\Models\\User', 1, '{\"title\":\"Fee Paid: $5.00\",\"body\":\"Payment for Book by Naomie Gorczany MD has been recorded.\",\"link\":\"http:\\/\\/127.0.0.1:8102\\/admin\\/fees\\/69\",\"date\":null}', NULL, '2026-03-14 08:32:30', '2026-03-14 08:32:30'),
('1c85eab1-2ce2-49a1-b975-433c91a62ae7', 'App\\Notifications\\ExpenseCreated', 'App\\Models\\User', 1, '{\"title\":\"New Expense Submitted\",\"body\":\"A new expense of $4.00 was submitted for category: Dane Valentine\",\"link\":\"http:\\/\\/127.0.0.1:8102\\/admin\\/expenses\\/259\"}', NULL, '2026-03-12 08:38:40', '2026-03-12 08:38:40'),
('1ca0153b-f294-4f53-9277-595c609655f3', 'App\\Notifications\\FeePaidNotification', 'App\\Models\\User', 1, '{\"title\":\"Fee Paid: $45.00\",\"body\":\"Payment for Lab by Delilah Sauer has been recorded.\",\"link\":\"http:\\/\\/127.0.0.1:8102\\/admin\\/fees\\/42\",\"date\":null}', NULL, '2026-03-14 04:11:42', '2026-03-14 04:11:42'),
('1fbe5103-0863-4d06-a429-7e5aceaacb9d', 'App\\Notifications\\FeePaidNotification', 'App\\Models\\User', 1, '{\"title\":\"Fee Paid: $5.00\",\"body\":\"Payment for Book by Bertha Tremblay has been recorded.\",\"link\":\"http:\\/\\/127.0.0.1:8102\\/admin\\/fees\\/75\",\"date\":null}', NULL, '2026-03-14 08:34:16', '2026-03-14 08:34:16'),
('20a2f262-1cc0-467e-836b-bf50d8fb5550', 'App\\Notifications\\FeePaidNotification', 'App\\Models\\User', 1, '{\"title\":\"Fee Paid: $10.00\",\"body\":\"Payment for Lab by Prof. Raven Kutch has been recorded.\",\"link\":\"http:\\/\\/127.0.0.1:8102\\/admin\\/fees\\/48\",\"date\":null}', NULL, '2026-03-14 04:11:54', '2026-03-14 04:11:54'),
('286b2de2-a5cf-49b9-8a0a-2cc971aed88e', 'App\\Notifications\\ExpenseCategoryModified', 'App\\Models\\User', 1, '{\"title\":\"Expense Category Created\",\"body\":\"The expense category \\\"Dane Valentine\\\" has been created.\",\"link\":\"http:\\/\\/127.0.0.1:8102\\/admin\\/expense_categories\\/4\",\"category_id\":4,\"action\":\"created\"}', NULL, '2026-03-12 08:34:39', '2026-03-12 08:34:39'),
('3160751c-c0f5-46d4-80e1-c3a2710ff66b', 'App\\Notifications\\FeePaidNotification', 'App\\Models\\User', 1, '{\"title\":\"Fee Paid: $5.00\",\"body\":\"Payment for Book by Tara Heaney has been recorded.\",\"link\":\"http:\\/\\/127.0.0.1:8102\\/admin\\/fees\\/83\",\"date\":null}', NULL, '2026-03-14 08:32:45', '2026-03-14 08:32:45'),
('33fea1d7-da1f-44eb-92f0-e89874a2c32e', 'App\\Notifications\\ExpenseCreated', 'App\\Models\\User', 1, '{\"title\":\"New Expense Submitted\",\"body\":\"A new expense of $68.00 was submitted for category: Dane Valentine\",\"link\":\"http:\\/\\/127.0.0.1:8102\\/admin\\/expenses\\/252\"}', NULL, '2026-03-12 08:35:09', '2026-03-12 08:35:09'),
('3485cf5c-9647-481b-804f-8a39e7e1e3d4', 'App\\Notifications\\FeeAssigned', 'App\\Models\\User', 1, '{\"title\":\"New Book Assigned\",\"body\":\"You have been assigned a new fee of $5.00 (Due: Mar 29, 2026).\",\"link\":\"http:\\/\\/127.0.0.1:8102\\/admin\\/fees\\/75\",\"status\":\"unpaid\"}', NULL, '2026-03-14 04:12:46', '2026-03-14 04:12:46'),
('390de841-0901-4c1a-bb64-633471d5076a', 'App\\Notifications\\FeeAssigned', 'App\\Models\\User', 1, '{\"title\":\"New Book Assigned\",\"body\":\"You have been assigned a new fee of $5.00 (Due: Mar 29, 2026).\",\"link\":\"http:\\/\\/127.0.0.1:8102\\/admin\\/fees\\/74\",\"status\":\"unpaid\"}', NULL, '2026-03-14 04:12:46', '2026-03-14 04:12:46'),
('40becdfe-d070-477f-8a81-2da10074b7bf', 'App\\Notifications\\FeeAssigned', 'App\\Models\\User', 1, '{\"title\":\"New Book Assigned\",\"body\":\"You have been assigned a new fee of $5.00 (Due: Mar 29, 2026).\",\"link\":\"http:\\/\\/127.0.0.1:8102\\/admin\\/fees\\/87\",\"status\":\"unpaid\"}', NULL, '2026-03-14 04:12:46', '2026-03-14 04:12:46'),
('40e8f646-edd0-4704-9231-ad0c2cdd690d', 'App\\Notifications\\FeePaidNotification', 'App\\Models\\User', 1, '{\"title\":\"Fee Paid: $5.00\",\"body\":\"Payment for Book by Michel Zieme has been recorded.\",\"link\":\"http:\\/\\/127.0.0.1:8102\\/admin\\/fees\\/94\",\"date\":null}', NULL, '2026-03-14 08:33:17', '2026-03-14 08:33:17'),
('42e5f2f6-613b-4a51-a534-b20da2f013cd', 'App\\Notifications\\FeePaidNotification', 'App\\Models\\User', 1, '{\"title\":\"Fee Paid: $20.00\",\"body\":\"Payment for Lab by Jovan Schimmel has been recorded.\",\"link\":\"http:\\/\\/127.0.0.1:8102\\/admin\\/fees\\/21\",\"date\":null}', NULL, '2026-03-14 04:11:50', '2026-03-14 04:11:50'),
('4548677e-a25c-4018-bd4d-9ed2b15e8106', 'App\\Notifications\\FeeAssigned', 'App\\Models\\User', 1, '{\"title\":\"New Book Assigned\",\"body\":\"You have been assigned a new fee of $5.00 (Due: Mar 29, 2026).\",\"link\":\"http:\\/\\/127.0.0.1:8102\\/admin\\/fees\\/64\",\"status\":\"unpaid\"}', NULL, '2026-03-14 04:12:46', '2026-03-14 04:12:46'),
('4a626189-4e78-420a-8a9f-0279623e5e72', 'App\\Notifications\\CourseAssigned', 'App\\Models\\User', 2, '{\"title\":\"New Course Assigned: Office Excel\",\"body\":\"You have been assigned to teach Office Excel in room Room 9. Schedule: mon-fri (2026-03-12 16:20:00 - 2026-03-12 16:57:00).\",\"link\":\"http:\\/\\/127.0.0.1:8102\\/admin\\/course_offerings\\/11\",\"start_date\":\"1991-07-31T17:00:00.000000Z\"}', NULL, '2026-03-12 09:19:17', '2026-03-12 09:19:17'),
('4bcaf471-73cb-4ffc-927e-307906e1cc6d', 'App\\Notifications\\ExpenseCreated', 'App\\Models\\User', 1, '{\"title\":\"New Expense Submitted\",\"body\":\"A new expense of $28.00 was submitted for category: Dane Valentine\",\"link\":\"http:\\/\\/127.0.0.1:8102\\/admin\\/expenses\\/257\"}', NULL, '2026-03-12 08:38:32', '2026-03-12 08:38:32'),
('4dff06ee-55c8-4889-b9e7-62b02c90dcfe', 'App\\Notifications\\FeeAssigned', 'App\\Models\\User', 1, '{\"title\":\"New Admin Assigned\",\"body\":\"You have been assigned a new fee of $5.00 (Due: Mar 27, 2026).\",\"link\":\"http:\\/\\/127.0.0.1:8102\\/admin\\/fees\\/52\",\"status\":\"unpaid\"}', NULL, '2026-03-12 08:21:43', '2026-03-12 08:21:43'),
('4f7060dd-0c36-45d2-b25e-b467fe4fdc78', 'App\\Notifications\\FeeAssigned', 'App\\Models\\User', 1, '{\"title\":\"New Book Assigned\",\"body\":\"You have been assigned a new fee of $5.00 (Due: Mar 29, 2026).\",\"link\":\"http:\\/\\/127.0.0.1:8102\\/admin\\/fees\\/66\",\"status\":\"unpaid\"}', NULL, '2026-03-14 04:12:46', '2026-03-14 04:12:46'),
('513680c8-7127-4451-b229-ee51aa4baef0', 'App\\Notifications\\FeeAssigned', 'App\\Models\\User', 1, '{\"title\":\"New Book Assigned\",\"body\":\"You have been assigned a new fee of $5.00 (Due: Mar 29, 2026).\",\"link\":\"http:\\/\\/127.0.0.1:8102\\/admin\\/fees\\/104\",\"status\":\"unpaid\"}', NULL, '2026-03-14 04:12:47', '2026-03-14 04:12:47'),
('527f82c3-c423-4770-8db8-242d5e165033', 'App\\Notifications\\FeeAssigned', 'App\\Models\\User', 1, '{\"title\":\"New Book Assigned\",\"body\":\"You have been assigned a new fee of $5.00 (Due: Mar 29, 2026).\",\"link\":\"http:\\/\\/127.0.0.1:8102\\/admin\\/fees\\/65\",\"status\":\"unpaid\"}', NULL, '2026-03-14 04:12:46', '2026-03-14 04:12:46'),
('5364e048-71d9-4117-a29e-0f4ea06a4880', 'App\\Notifications\\FeeAssigned', 'App\\Models\\User', 1, '{\"title\":\"New Admin Assigned\",\"body\":\"You have been assigned a new fee of $29.00 (Due: Mar 02, 1976).\",\"link\":\"http:\\/\\/127.0.0.1:8102\\/admin\\/fees\\/58\",\"status\":\"unpaid\"}', NULL, '2026-03-12 08:40:40', '2026-03-12 08:40:40'),
('541a05bb-5669-41b0-9dbc-286e1e7f0b53', 'App\\Notifications\\ExpenseCreated', 'App\\Models\\User', 1, '{\"title\":\"New Expense Submitted\",\"body\":\"A new expense of $76.00 was submitted for category: Dane Valentine\",\"link\":\"http:\\/\\/127.0.0.1:8102\\/admin\\/expenses\\/254\"}', NULL, '2026-03-12 08:38:20', '2026-03-12 08:38:20'),
('5431ab09-dc8c-469b-be13-052c5b468ed0', 'App\\Notifications\\FeePaidNotification', 'App\\Models\\User', 1, '{\"title\":\"Fee Paid: $5.00\",\"body\":\"Payment for Book by Leopold O\'Conner has been recorded.\",\"link\":\"http:\\/\\/127.0.0.1:8102\\/admin\\/fees\\/84\",\"date\":null}', NULL, '2026-03-14 08:34:12', '2026-03-14 08:34:12'),
('55c75d59-c28f-4394-9dc4-055593545030', 'App\\Notifications\\FeeAssigned', 'App\\Models\\User', 1, '{\"title\":\"New Book Assigned\",\"body\":\"You have been assigned a new fee of $5.00 (Due: Mar 29, 2026).\",\"link\":\"http:\\/\\/127.0.0.1:8102\\/admin\\/fees\\/105\",\"status\":\"unpaid\"}', NULL, '2026-03-14 04:12:47', '2026-03-14 04:12:47'),
('57657057-bc47-4ea3-81f4-0405d301e98d', 'App\\Notifications\\FeeAssigned', 'App\\Models\\User', 1, '{\"title\":\"New Book Assigned\",\"body\":\"You have been assigned a new fee of $5.00 (Due: Mar 29, 2026).\",\"link\":\"http:\\/\\/127.0.0.1:8102\\/admin\\/fees\\/91\",\"status\":\"unpaid\"}', NULL, '2026-03-14 04:12:46', '2026-03-14 04:12:46'),
('5765cfb1-471f-4561-b3b8-f88341f0c718', 'App\\Notifications\\FeeAssigned', 'App\\Models\\User', 1, '{\"title\":\"New Book Assigned\",\"body\":\"You have been assigned a new fee of $5.00 (Due: Mar 29, 2026).\",\"link\":\"http:\\/\\/127.0.0.1:8102\\/admin\\/fees\\/93\",\"status\":\"unpaid\"}', NULL, '2026-03-14 04:12:46', '2026-03-14 04:12:46'),
('5c12716c-511d-4cfd-a1bd-37ae4104e7f5', 'App\\Notifications\\FeePaidNotification', 'App\\Models\\User', 1, '{\"title\":\"Fee Paid: $5.00\",\"body\":\"Payment for Book by Emile Marquardt has been recorded.\",\"link\":\"http:\\/\\/127.0.0.1:8102\\/admin\\/fees\\/87\",\"date\":null}', NULL, '2026-03-14 08:33:58', '2026-03-14 08:33:58'),
('5cfd2096-e67a-4cd7-92bf-c540aa03ef38', 'App\\Notifications\\FeeAssigned', 'App\\Models\\User', 1, '{\"title\":\"New Book Assigned\",\"body\":\"You have been assigned a new fee of $5.00 (Due: Mar 29, 2026).\",\"link\":\"http:\\/\\/127.0.0.1:8102\\/admin\\/fees\\/63\",\"status\":\"unpaid\"}', NULL, '2026-03-14 04:12:45', '2026-03-14 04:12:45'),
('60dfd194-d362-4a70-ad64-2049f35582fe', 'App\\Notifications\\FeeAssigned', 'App\\Models\\User', 1, '{\"title\":\"New Book Assigned\",\"body\":\"You have been assigned a new fee of $5.00 (Due: Mar 29, 2026).\",\"link\":\"http:\\/\\/127.0.0.1:8102\\/admin\\/fees\\/101\",\"status\":\"unpaid\"}', NULL, '2026-03-14 04:12:47', '2026-03-14 04:12:47'),
('66689830-e4ce-43cb-8291-55bc2c8eb0be', 'App\\Notifications\\FeePaidNotification', 'App\\Models\\User', 1, '{\"title\":\"Fee Paid: $33.00\",\"body\":\"Payment for Lab by Mrs. Hattie Green Sr. has been recorded.\",\"link\":\"http:\\/\\/127.0.0.1:8102\\/admin\\/fees\\/23\",\"date\":null}', NULL, '2026-03-14 04:11:47', '2026-03-14 04:11:47'),
('693fd1a3-bf27-4c6b-99a1-11e288579408', 'App\\Notifications\\FeeAssigned', 'App\\Models\\User', 1, '{\"title\":\"New Admin Assigned\",\"body\":\"You have been assigned a new fee of $5.00 (Due: Mar 27, 2026).\",\"link\":\"http:\\/\\/127.0.0.1:8102\\/admin\\/fees\\/51\",\"status\":\"unpaid\"}', NULL, '2026-03-12 08:21:43', '2026-03-12 08:21:43'),
('69f7bcaa-84de-4452-b3d5-5d9cb9df10d2', 'App\\Notifications\\FeeAssigned', 'App\\Models\\User', 1, '{\"title\":\"New Book Assigned\",\"body\":\"You have been assigned a new fee of $5.00 (Due: Mar 29, 2026).\",\"link\":\"http:\\/\\/127.0.0.1:8102\\/admin\\/fees\\/80\",\"status\":\"unpaid\"}', NULL, '2026-03-14 04:12:46', '2026-03-14 04:12:46'),
('6bbf0215-e2ca-4f52-a1bd-9fe237f26209', 'App\\Notifications\\FeePaidNotification', 'App\\Models\\User', 1, '{\"title\":\"Fee Paid: $27.00\",\"body\":\"Payment for Lab by Ms. Barbara Hickle has been recorded.\",\"link\":\"http:\\/\\/127.0.0.1:8102\\/admin\\/fees\\/47\",\"date\":null}', NULL, '2026-03-14 04:11:44', '2026-03-14 04:11:44'),
('6c51cf6e-1cdb-42cd-b616-ffe6f147f7e2', 'App\\Notifications\\FeeAssigned', 'App\\Models\\User', 1, '{\"title\":\"New Book Assigned\",\"body\":\"You have been assigned a new fee of $5.00 (Due: Mar 29, 2026).\",\"link\":\"http:\\/\\/127.0.0.1:8102\\/admin\\/fees\\/83\",\"status\":\"unpaid\"}', NULL, '2026-03-14 04:12:46', '2026-03-14 04:12:46'),
('730bef28-136d-4ac1-8ee8-756b26f19fd9', 'App\\Notifications\\FeeAssigned', 'App\\Models\\User', 1, '{\"title\":\"New Book Assigned\",\"body\":\"You have been assigned a new fee of $5.00 (Due: Mar 29, 2026).\",\"link\":\"http:\\/\\/127.0.0.1:8102\\/admin\\/fees\\/67\",\"status\":\"unpaid\"}', NULL, '2026-03-14 04:12:46', '2026-03-14 04:12:46'),
('7743db3b-8ca6-4f61-86aa-2c87958d6c31', 'App\\Notifications\\FeeAssigned', 'App\\Models\\User', 1, '{\"title\":\"New Book Assigned\",\"body\":\"You have been assigned a new fee of $5.00 (Due: Mar 29, 2026).\",\"link\":\"http:\\/\\/127.0.0.1:8102\\/admin\\/fees\\/60\",\"status\":\"unpaid\"}', NULL, '2026-03-14 04:12:45', '2026-03-14 04:12:45'),
('79582156-d414-4125-b2a3-19e9971ecb8f', 'App\\Notifications\\FeePaidNotification', 'App\\Models\\User', 1, '{\"title\":\"Fee Paid: $5.00\",\"body\":\"Payment for Book by Miss Hassie Satterfield V has been recorded.\",\"link\":\"http:\\/\\/127.0.0.1:8102\\/admin\\/fees\\/78\",\"date\":null}', NULL, '2026-03-14 08:33:11', '2026-03-14 08:33:11'),
('7aaddae8-7f7a-4427-9292-398033027b7d', 'App\\Notifications\\FeeAssigned', 'App\\Models\\User', 1, '{\"title\":\"New Book Assigned\",\"body\":\"You have been assigned a new fee of $5.00 (Due: Mar 29, 2026).\",\"link\":\"http:\\/\\/127.0.0.1:8102\\/admin\\/fees\\/88\",\"status\":\"unpaid\"}', NULL, '2026-03-14 04:12:46', '2026-03-14 04:12:46'),
('7cfd1d72-2d33-4c66-8ed3-6ba6155aebe2', 'App\\Notifications\\ExpenseCreated', 'App\\Models\\User', 1, '{\"title\":\"New Expense Submitted\",\"body\":\"A new expense of $82.00 was submitted for category: Dane Valentine\",\"link\":\"http:\\/\\/127.0.0.1:8102\\/admin\\/expenses\\/258\"}', NULL, '2026-03-12 08:38:37', '2026-03-12 08:38:37'),
('7f8b56d8-088a-412d-aa96-448fec6a0364', 'App\\Notifications\\FeeAssigned', 'App\\Models\\User', 1, '{\"title\":\"New Book Assigned\",\"body\":\"You have been assigned a new fee of $5.00 (Due: Mar 29, 2026).\",\"link\":\"http:\\/\\/127.0.0.1:8102\\/admin\\/fees\\/110\",\"status\":\"unpaid\"}', NULL, '2026-03-14 04:12:47', '2026-03-14 04:12:47'),
('819696e5-da9c-4e92-b040-224605b4aacb', 'App\\Notifications\\ExpenseCreated', 'App\\Models\\User', 1, '{\"title\":\"New Expense Submitted\",\"body\":\"A new expense of $64.00 was submitted for category: Maintenance\",\"link\":\"http:\\/\\/127.0.0.1:8102\\/admin\\/expenses\\/251\"}', NULL, '2026-03-12 08:02:31', '2026-03-12 08:02:31'),
('82e3f281-05a2-4e1b-bcaa-16287135b240', 'App\\Notifications\\FeeAssigned', 'App\\Models\\User', 1, '{\"title\":\"New Book Assigned\",\"body\":\"You have been assigned a new fee of $5.00 (Due: Mar 29, 2026).\",\"link\":\"http:\\/\\/127.0.0.1:8102\\/admin\\/fees\\/71\",\"status\":\"unpaid\"}', NULL, '2026-03-14 04:12:46', '2026-03-14 04:12:46'),
('8b3e50c2-48e6-428a-a72b-734c0a22b102', 'App\\Notifications\\FeePaidNotification', 'App\\Models\\User', 1, '{\"title\":\"Fee Paid: $5.00\",\"body\":\"Payment for Book by Shaina Gibson IV has been recorded.\",\"link\":\"http:\\/\\/127.0.0.1:8102\\/admin\\/fees\\/82\",\"date\":null}', NULL, '2026-03-14 08:32:40', '2026-03-14 08:32:40'),
('8e8ea5f9-9288-4142-93cf-454e478ef19c', 'App\\Notifications\\FeeAssigned', 'App\\Models\\User', 1, '{\"title\":\"New Book Assigned\",\"body\":\"You have been assigned a new fee of $5.00 (Due: Mar 29, 2026).\",\"link\":\"http:\\/\\/127.0.0.1:8102\\/admin\\/fees\\/84\",\"status\":\"unpaid\"}', NULL, '2026-03-14 04:12:46', '2026-03-14 04:12:46'),
('8fa84684-a554-4db9-b83c-55a3bb5c50d8', 'App\\Notifications\\FeeAssigned', 'App\\Models\\User', 1, '{\"title\":\"New Book Assigned\",\"body\":\"You have been assigned a new fee of $5.00 (Due: Mar 29, 2026).\",\"link\":\"http:\\/\\/127.0.0.1:8102\\/admin\\/fees\\/108\",\"status\":\"unpaid\"}', NULL, '2026-03-14 04:12:47', '2026-03-14 04:12:47'),
('93ec623e-6a8e-4f28-af58-e1cb56bc843a', 'App\\Notifications\\FeePaidNotification', 'App\\Models\\User', 1, '{\"title\":\"Fee Paid: $5.00\",\"body\":\"Payment for Book by Verona Kirlin has been recorded.\",\"link\":\"http:\\/\\/127.0.0.1:8102\\/admin\\/fees\\/91\",\"date\":null}', NULL, '2026-03-14 04:13:37', '2026-03-14 04:13:37'),
('95e51867-d98e-4361-816f-b9ff6b3211cb', 'App\\Notifications\\FeeAssigned', 'App\\Models\\User', 1, '{\"title\":\"New Admin Assigned\",\"body\":\"You have been assigned a new fee of $5.00 (Due: Mar 27, 2026).\",\"link\":\"http:\\/\\/127.0.0.1:8102\\/admin\\/fees\\/54\",\"status\":\"unpaid\"}', NULL, '2026-03-12 08:21:43', '2026-03-12 08:21:43'),
('9825ecd8-03cb-49db-b917-5dc058849aa3', 'App\\Notifications\\FeePaidNotification', 'App\\Models\\User', 1, '{\"title\":\"Fee Paid: $18.00\",\"body\":\"Payment for Lab by Shaina Gibson IV has been recorded.\",\"link\":\"http:\\/\\/127.0.0.1:8102\\/admin\\/fees\\/19\",\"date\":null}', NULL, '2026-03-14 04:11:38', '2026-03-14 04:11:38'),
('98ad44b9-e865-4493-ace2-759202d2c4df', 'App\\Notifications\\NewCourseEnrollment', 'App\\Models\\User', 1, '{\"title\":\"New Enrollment: Pha Nun in English\",\"body\":\"Pha Nun has successfully enrolled in the course \'English\'. The fee is $27.57.\",\"link\":\"http:\\/\\/127.0.0.1:8102\\/admin\\/enrollments\\/58\\/5\",\"date\":\"Mar 12, 2026 16:23 PM\"}', NULL, '2026-03-12 09:23:42', '2026-03-12 09:23:42'),
('990fff15-0984-4ae9-9d79-243229ecd67d', 'App\\Notifications\\FeeAssigned', 'App\\Models\\User', 1, '{\"title\":\"New Book Assigned\",\"body\":\"You have been assigned a new fee of $5.00 (Due: Mar 29, 2026).\",\"link\":\"http:\\/\\/127.0.0.1:8102\\/admin\\/fees\\/89\",\"status\":\"unpaid\"}', NULL, '2026-03-14 04:12:46', '2026-03-14 04:12:46'),
('9ac98094-0834-4701-bc99-61b71bc5946b', 'App\\Notifications\\ExpenseCreated', 'App\\Models\\User', 1, '{\"title\":\"New Expense Submitted\",\"body\":\"A new expense of $30.00 was submitted for category: Dane Valentine\",\"link\":\"http:\\/\\/127.0.0.1:8102\\/admin\\/expenses\\/256\"}', NULL, '2026-03-12 08:38:26', '2026-03-12 08:38:26'),
('a545551f-ca37-4c5b-a035-764b8359efbc', 'App\\Notifications\\FeePaidNotification', 'App\\Models\\User', 1, '{\"title\":\"Fee Paid: $27.57\",\"body\":\"Payment for Course Fee by Pha Nun has been recorded.\",\"link\":\"http:\\/\\/127.0.0.1:8102\\/admin\\/fees\\/59\",\"date\":null}', NULL, '2026-03-12 09:23:46', '2026-03-12 09:23:46'),
('a7d1c318-ccbf-4234-8f2a-59d668129713', 'App\\Notifications\\FeeAssigned', 'App\\Models\\User', 1, '{\"title\":\"New Book Assigned\",\"body\":\"You have been assigned a new fee of $5.00 (Due: Mar 29, 2026).\",\"link\":\"http:\\/\\/127.0.0.1:8102\\/admin\\/fees\\/76\",\"status\":\"unpaid\"}', NULL, '2026-03-14 04:12:46', '2026-03-14 04:12:46'),
('aaf3bcc7-af91-4dc6-843f-2eabe4207fcf', 'App\\Notifications\\FeeAssigned', 'App\\Models\\User', 1, '{\"title\":\"New Book Assigned\",\"body\":\"You have been assigned a new fee of $5.00 (Due: Mar 29, 2026).\",\"link\":\"http:\\/\\/127.0.0.1:8102\\/admin\\/fees\\/68\",\"status\":\"unpaid\"}', NULL, '2026-03-14 04:12:46', '2026-03-14 04:12:46'),
('b15f5621-70bb-4ee9-96b0-4291bcac0c52', 'App\\Notifications\\FeeAssigned', 'App\\Models\\User', 1, '{\"title\":\"New Book Assigned\",\"body\":\"You have been assigned a new fee of $5.00 (Due: Mar 29, 2026).\",\"link\":\"http:\\/\\/127.0.0.1:8102\\/admin\\/fees\\/92\",\"status\":\"unpaid\"}', NULL, '2026-03-14 04:12:46', '2026-03-14 04:12:46'),
('b22b6bb0-0ee2-4f71-8ef3-1c2b80bf8742', 'App\\Notifications\\FeePaidNotification', 'App\\Models\\User', 1, '{\"title\":\"Fee Paid: $5.00\",\"body\":\"Payment for Book by Dr. Osvaldo Bergnaum I has been recorded.\",\"link\":\"http:\\/\\/127.0.0.1:8102\\/admin\\/fees\\/66\",\"date\":null}', NULL, '2026-03-14 08:32:37', '2026-03-14 08:32:37'),
('b93a05d8-fc49-40ac-8463-7825eb591396', 'App\\Notifications\\FeeAssigned', 'App\\Models\\User', 1, '{\"title\":\"New Book Assigned\",\"body\":\"You have been assigned a new fee of $5.00 (Due: Mar 29, 2026).\",\"link\":\"http:\\/\\/127.0.0.1:8102\\/admin\\/fees\\/96\",\"status\":\"unpaid\"}', NULL, '2026-03-14 04:12:46', '2026-03-14 04:12:46'),
('ba086fd0-dad7-4a17-a8c5-ba4d00d19075', 'App\\Notifications\\FeeAssigned', 'App\\Models\\User', 1, '{\"title\":\"New Book Assigned\",\"body\":\"You have been assigned a new fee of $5.00 (Due: Mar 29, 2026).\",\"link\":\"http:\\/\\/127.0.0.1:8102\\/admin\\/fees\\/95\",\"status\":\"unpaid\"}', NULL, '2026-03-14 04:12:46', '2026-03-14 04:12:46'),
('bb85eea5-41a7-454f-9d87-294198cd97e4', 'App\\Notifications\\FeePaidNotification', 'App\\Models\\User', 1, '{\"title\":\"Fee Paid: $5.00\",\"body\":\"Payment for Admin by Fermin Jones has been recorded.\",\"link\":\"http:\\/\\/127.0.0.1:8102\\/admin\\/fees\\/54\",\"date\":null}', NULL, '2026-03-12 08:22:45', '2026-03-12 08:22:45'),
('bd8ec010-d7d2-401e-ad39-8b148221e574', 'App\\Notifications\\FeePaidNotification', 'App\\Models\\User', 1, '{\"title\":\"Fee Paid: $5.00\",\"body\":\"Payment for Book by Prof. Raven Kutch has been recorded.\",\"link\":\"http:\\/\\/127.0.0.1:8102\\/admin\\/fees\\/81\",\"date\":null}', NULL, '2026-03-14 08:32:34', '2026-03-14 08:32:34'),
('c09d4a6a-927f-4270-9ba5-6a35f935421a', 'App\\Notifications\\FeeAssigned', 'App\\Models\\User', 1, '{\"title\":\"New Book Assigned\",\"body\":\"You have been assigned a new fee of $5.00 (Due: Mar 29, 2026).\",\"link\":\"http:\\/\\/127.0.0.1:8102\\/admin\\/fees\\/86\",\"status\":\"unpaid\"}', NULL, '2026-03-14 04:12:46', '2026-03-14 04:12:46'),
('c09dbcae-3fae-4b3e-91f0-9466af07afb4', 'App\\Notifications\\FeeAssigned', 'App\\Models\\User', 1, '{\"title\":\"New Book Assigned\",\"body\":\"You have been assigned a new fee of $5.00 (Due: Mar 29, 2026).\",\"link\":\"http:\\/\\/127.0.0.1:8102\\/admin\\/fees\\/81\",\"status\":\"unpaid\"}', NULL, '2026-03-14 04:12:46', '2026-03-14 04:12:46'),
('c1873fe3-fa9a-4e12-9852-bf98e4d82c69', 'App\\Notifications\\FeeAssigned', 'App\\Models\\User', 1, '{\"title\":\"New Book Assigned\",\"body\":\"You have been assigned a new fee of $5.00 (Due: Mar 29, 2026).\",\"link\":\"http:\\/\\/127.0.0.1:8102\\/admin\\/fees\\/102\",\"status\":\"unpaid\"}', NULL, '2026-03-14 04:12:47', '2026-03-14 04:12:47'),
('c506bace-6c28-46d7-9d54-f3dcea8d5245', 'App\\Notifications\\FeePaidNotification', 'App\\Models\\User', 1, '{\"title\":\"Fee Paid: $5.00\",\"body\":\"Payment for Admin by Mrs. Hattie Green Sr. has been recorded.\",\"link\":\"http:\\/\\/127.0.0.1:8102\\/admin\\/fees\\/53\",\"date\":null}', NULL, '2026-03-12 08:23:07', '2026-03-12 08:23:07'),
('c7db8f58-b547-400d-a9d6-b18d3bb818c1', 'App\\Notifications\\FeeAssigned', 'App\\Models\\User', 1, '{\"title\":\"New Book Assigned\",\"body\":\"You have been assigned a new fee of $5.00 (Due: Mar 29, 2026).\",\"link\":\"http:\\/\\/127.0.0.1:8102\\/admin\\/fees\\/70\",\"status\":\"unpaid\"}', NULL, '2026-03-14 04:12:46', '2026-03-14 04:12:46'),
('cdac392e-d7ea-4194-abb6-a0b7003dc1a4', 'App\\Notifications\\FeeAssigned', 'App\\Models\\User', 1, '{\"title\":\"New Book Assigned\",\"body\":\"You have been assigned a new fee of $5.00 (Due: Mar 29, 2026).\",\"link\":\"http:\\/\\/127.0.0.1:8102\\/admin\\/fees\\/97\",\"status\":\"unpaid\"}', NULL, '2026-03-14 04:12:46', '2026-03-14 04:12:46'),
('ce9159d4-2948-41b1-bcfc-2af9a3158a0c', 'App\\Notifications\\FeeAssigned', 'App\\Models\\User', 1, '{\"title\":\"New Book Assigned\",\"body\":\"You have been assigned a new fee of $5.00 (Due: Mar 29, 2026).\",\"link\":\"http:\\/\\/127.0.0.1:8102\\/admin\\/fees\\/62\",\"status\":\"unpaid\"}', NULL, '2026-03-14 04:12:45', '2026-03-14 04:12:45'),
('cfcbe887-2d43-47cb-97a6-c4d8df5fddb3', 'App\\Notifications\\FeeAssigned', 'App\\Models\\User', 1, '{\"title\":\"New Book Assigned\",\"body\":\"You have been assigned a new fee of $5.00 (Due: Mar 29, 2026).\",\"link\":\"http:\\/\\/127.0.0.1:8102\\/admin\\/fees\\/77\",\"status\":\"unpaid\"}', NULL, '2026-03-14 04:12:46', '2026-03-14 04:12:46'),
('d00febe2-dbee-4be7-8a30-8e29b581e46c', 'App\\Notifications\\FeePaidNotification', 'App\\Models\\User', 1, '{\"title\":\"Fee Paid: $5.00\",\"body\":\"Payment for Book by Lacy Marvin has been recorded.\",\"link\":\"http:\\/\\/127.0.0.1:8102\\/admin\\/fees\\/68\",\"date\":null}', NULL, '2026-03-14 08:33:53', '2026-03-14 08:33:53'),
('d099c4a7-12b8-4db6-852d-8a63c9c010ed', 'App\\Notifications\\FeeAssigned', 'App\\Models\\User', 8, '{\"title\":\"New Admin Assigned\",\"body\":\"You have been assigned a new fee of $29.00 (Due: Mar 02, 1976).\",\"link\":\"http:\\/\\/127.0.0.1:8102\\/admin\\/fees\\/58\",\"status\":\"unpaid\"}', NULL, '2026-03-12 08:40:40', '2026-03-12 08:40:40'),
('d1e8dda6-0df3-48c6-951a-f7ba8be533df', 'App\\Notifications\\FeeAssigned', 'App\\Models\\User', 1, '{\"title\":\"New Admin Assigned\",\"body\":\"You have been assigned a new fee of $34.00 (Due: Feb 21, 1971).\",\"link\":\"http:\\/\\/127.0.0.1:8102\\/admin\\/fees\\/57\",\"status\":\"unpaid\"}', NULL, '2026-03-12 08:33:16', '2026-03-12 08:33:16'),
('d2a8fa4e-a029-4b04-8d67-eff5ded84f1c', 'App\\Notifications\\FeePaidNotification', 'App\\Models\\User', 1, '{\"title\":\"Fee Paid: $39.00\",\"body\":\"Payment for Lab by Rebekah Mosciski has been recorded.\",\"link\":\"http:\\/\\/127.0.0.1:8102\\/admin\\/fees\\/12\",\"date\":null}', NULL, '2026-03-14 04:11:57', '2026-03-14 04:11:57'),
('d4d19dd7-91ef-441c-a72b-0d2849fcf811', 'App\\Notifications\\FeePaidNotification', 'App\\Models\\User', 1, '{\"title\":\"Fee Paid: $9.00\",\"body\":\"Payment for Tuition by Jon Stokes III has been recorded.\",\"link\":\"http:\\/\\/127.0.0.1:8102\\/admin\\/fees\\/14\",\"date\":null}', NULL, '2026-03-12 08:19:39', '2026-03-12 08:19:39'),
('d53ca1bb-8521-47aa-8a6b-88c064ed2815', 'App\\Notifications\\FeePaidNotification', 'App\\Models\\User', 1, '{\"title\":\"Fee Paid: $34.00\",\"body\":\"Payment for Admin by Dr. Brianne Lehner has been recorded.\",\"link\":\"http:\\/\\/127.0.0.1:8102\\/admin\\/fees\\/57\",\"date\":null}', NULL, '2026-03-12 08:33:22', '2026-03-12 08:33:22'),
('d658a99f-87ae-4640-b97c-3e640f2d2d0d', 'App\\Notifications\\FeePaidNotification', 'App\\Models\\User', 1, '{\"title\":\"Fee Paid: $5.00\",\"body\":\"Payment for Admin by Dr. Clementine Walter has been recorded.\",\"link\":\"http:\\/\\/127.0.0.1:8102\\/admin\\/fees\\/52\",\"date\":null}', NULL, '2026-03-12 08:33:32', '2026-03-12 08:33:32'),
('d7ec1775-ebcf-4941-9cec-c639d82d2404', 'App\\Notifications\\FeeAssigned', 'App\\Models\\User', 1, '{\"title\":\"New Book Assigned\",\"body\":\"You have been assigned a new fee of $5.00 (Due: Mar 29, 2026).\",\"link\":\"http:\\/\\/127.0.0.1:8102\\/admin\\/fees\\/107\",\"status\":\"unpaid\"}', NULL, '2026-03-14 04:12:47', '2026-03-14 04:12:47'),
('e056b433-f014-4ce7-8b6c-4f816bb76ac7', 'App\\Notifications\\FeeAssigned', 'App\\Models\\User', 1, '{\"title\":\"New Admin Assigned\",\"body\":\"You have been assigned a new fee of $5.00 (Due: Mar 27, 2026).\",\"link\":\"http:\\/\\/127.0.0.1:8102\\/admin\\/fees\\/55\",\"status\":\"unpaid\"}', NULL, '2026-03-12 08:21:43', '2026-03-12 08:21:43'),
('e1189eac-5e54-4b06-83f9-6f2d929ec21c', 'App\\Notifications\\FeeAssigned', 'App\\Models\\User', 7, '{\"title\":\"New Admin Assigned\",\"body\":\"You have been assigned a new fee of $34.00 (Due: Feb 21, 1971).\",\"link\":\"http:\\/\\/127.0.0.1:8102\\/admin\\/fees\\/57\",\"status\":\"unpaid\"}', NULL, '2026-03-12 08:33:16', '2026-03-12 08:33:16'),
('e3702118-8880-4746-a710-712a9112007e', 'App\\Notifications\\FeeAssigned', 'App\\Models\\User', 1, '{\"title\":\"New Book Assigned\",\"body\":\"You have been assigned a new fee of $5.00 (Due: Mar 29, 2026).\",\"link\":\"http:\\/\\/127.0.0.1:8102\\/admin\\/fees\\/73\",\"status\":\"unpaid\"}', NULL, '2026-03-14 04:12:46', '2026-03-14 04:12:46'),
('e7ec20c4-a155-4757-ab89-455a820c814c', 'App\\Notifications\\FeeAssigned', 'App\\Models\\User', 1, '{\"title\":\"New Book Assigned\",\"body\":\"You have been assigned a new fee of $5.00 (Due: Mar 29, 2026).\",\"link\":\"http:\\/\\/127.0.0.1:8102\\/admin\\/fees\\/78\",\"status\":\"unpaid\"}', NULL, '2026-03-14 04:12:46', '2026-03-14 04:12:46'),
('eaacc000-f1fd-45cb-b2e7-53531bdd1323', 'App\\Notifications\\FeeAssigned', 'App\\Models\\User', 1, '{\"title\":\"New Book Assigned\",\"body\":\"You have been assigned a new fee of $5.00 (Due: Mar 29, 2026).\",\"link\":\"http:\\/\\/127.0.0.1:8102\\/admin\\/fees\\/90\",\"status\":\"unpaid\"}', NULL, '2026-03-14 04:12:46', '2026-03-14 04:12:46'),
('ee7bdf3e-0158-469b-8eec-99ac897c24ff', 'App\\Notifications\\FeePaidNotification', 'App\\Models\\User', 1, '{\"title\":\"Fee Paid: $5.00\",\"body\":\"Payment for Book by Camille Kshlerin PhD has been recorded.\",\"link\":\"http:\\/\\/127.0.0.1:8102\\/admin\\/fees\\/93\",\"date\":null}', NULL, '2026-03-14 08:33:28', '2026-03-14 08:33:28'),
('ef853893-d61a-4ead-9deb-cf7858ea105d', 'App\\Notifications\\FeePaidNotification', 'App\\Models\\User', 1, '{\"title\":\"Fee Paid: $5.00\",\"body\":\"Payment for Book by Kylee Zemlak has been recorded.\",\"link\":\"http:\\/\\/127.0.0.1:8102\\/admin\\/fees\\/70\",\"date\":null}', NULL, '2026-03-14 08:34:06', '2026-03-14 08:34:06'),
('efdd546a-4326-4764-8f11-c4861937ef20', 'App\\Notifications\\FeeAssigned', 'App\\Models\\User', 1, '{\"title\":\"New Book Assigned\",\"body\":\"You have been assigned a new fee of $5.00 (Due: Mar 29, 2026).\",\"link\":\"http:\\/\\/127.0.0.1:8102\\/admin\\/fees\\/61\",\"status\":\"unpaid\"}', NULL, '2026-03-14 04:12:45', '2026-03-14 04:12:45'),
('f0881b21-0eae-494b-8ce5-31286ed9aee4', 'App\\Notifications\\FeePaidNotification', 'App\\Models\\User', 1, '{\"title\":\"Fee Paid: $5.00\",\"body\":\"Payment for Book by Vito Kertzmann has been recorded.\",\"link\":\"http:\\/\\/127.0.0.1:8102\\/admin\\/fees\\/79\",\"date\":null}', NULL, '2026-03-14 08:32:42', '2026-03-14 08:32:42'),
('f117b13e-0db4-4286-b855-e9a83fa2fec6', 'App\\Notifications\\FeePaidNotification', 'App\\Models\\User', 1, '{\"title\":\"Fee Paid: $5.00\",\"body\":\"Payment for Book by Millie Kuhn has been recorded.\",\"link\":\"http:\\/\\/127.0.0.1:8102\\/admin\\/fees\\/67\",\"date\":null}', NULL, '2026-03-14 08:32:57', '2026-03-14 08:32:57'),
('f37a96df-7669-4168-ac2e-3d4d1d48eb35', 'App\\Notifications\\FeeAssigned', 'App\\Models\\User', 1, '{\"title\":\"New Book Assigned\",\"body\":\"You have been assigned a new fee of $5.00 (Due: Mar 29, 2026).\",\"link\":\"http:\\/\\/127.0.0.1:8102\\/admin\\/fees\\/100\",\"status\":\"unpaid\"}', NULL, '2026-03-14 04:12:47', '2026-03-14 04:12:47'),
('f8d774d7-e846-4989-9c52-ea71dad0a184', 'App\\Notifications\\FeeAssigned', 'App\\Models\\User', 1, '{\"title\":\"New Book Assigned\",\"body\":\"You have been assigned a new fee of $5.00 (Due: Mar 29, 2026).\",\"link\":\"http:\\/\\/127.0.0.1:8102\\/admin\\/fees\\/109\",\"status\":\"unpaid\"}', NULL, '2026-03-14 04:12:47', '2026-03-14 04:12:47'),
('facfbf4b-1434-4b27-b796-8b4eeb6e6e00', 'App\\Notifications\\FeeAssigned', 'App\\Models\\User', 1, '{\"title\":\"New Book Assigned\",\"body\":\"You have been assigned a new fee of $5.00 (Due: Mar 29, 2026).\",\"link\":\"http:\\/\\/127.0.0.1:8102\\/admin\\/fees\\/103\",\"status\":\"unpaid\"}', NULL, '2026-03-14 04:12:47', '2026-03-14 04:12:47'),
('fc636bbd-a83d-4ad0-a67f-7c16762e1947', 'App\\Notifications\\FeeAssigned', 'App\\Models\\User', 1, '{\"title\":\"New Book Assigned\",\"body\":\"You have been assigned a new fee of $5.00 (Due: Mar 29, 2026).\",\"link\":\"http:\\/\\/127.0.0.1:8102\\/admin\\/fees\\/99\",\"status\":\"unpaid\"}', NULL, '2026-03-14 04:12:46', '2026-03-14 04:12:46'),
('fe8f84b0-7776-46be-99ac-a5b1ea368fb3', 'App\\Notifications\\FeeAssigned', 'App\\Models\\User', 1, '{\"title\":\"New Book Assigned\",\"body\":\"You have been assigned a new fee of $5.00 (Due: Mar 29, 2026).\",\"link\":\"http:\\/\\/127.0.0.1:8102\\/admin\\/fees\\/98\",\"status\":\"unpaid\"}', NULL, '2026-03-14 04:12:46', '2026-03-14 04:12:46');

-- --------------------------------------------------------

--
-- Table structure for table `password_reset_tokens`
--

CREATE TABLE `password_reset_tokens` (
  `email` varchar(255) COLLATE utf8mb4_unicode_ci NOT NULL,
  `token` varchar(255) COLLATE utf8mb4_unicode_ci NOT NULL,
  `created_at` timestamp NULL DEFAULT NULL
) ENGINE=InnoDB DEFAULT CHARSET=utf8mb4 COLLATE=utf8mb4_unicode_ci;

-- --------------------------------------------------------

--
-- Table structure for table `permissions`
--

CREATE TABLE `permissions` (
  `id` bigint UNSIGNED NOT NULL,
  `name` varchar(255) COLLATE utf8mb4_unicode_ci NOT NULL,
  `guard_name` varchar(255) COLLATE utf8mb4_unicode_ci NOT NULL,
  `created_at` timestamp NULL DEFAULT NULL,
  `updated_at` timestamp NULL DEFAULT NULL
) ENGINE=InnoDB DEFAULT CHARSET=utf8mb4 COLLATE=utf8mb4_unicode_ci;

--
-- Dumping data for table `permissions`
--

INSERT INTO `permissions` (`id`, `name`, `guard_name`, `created_at`, `updated_at`) VALUES
(1, 'create_attendance', 'web', '2026-03-12 05:38:58', '2026-03-12 05:38:58'),
(2, 'view_attendance', 'web', '2026-03-12 05:38:58', '2026-03-12 05:38:58'),
(3, 'update_attendance', 'web', '2026-03-12 05:38:58', '2026-03-12 05:38:58'),
(4, 'delete_attendance', 'web', '2026-03-12 05:38:58', '2026-03-12 05:38:58'),
(5, 'create_classroom', 'web', '2026-03-12 05:38:58', '2026-03-12 05:38:58'),
(6, 'view_classroom', 'web', '2026-03-12 05:38:58', '2026-03-12 05:38:58'),
(7, 'update_classroom', 'web', '2026-03-12 05:38:58', '2026-03-12 05:38:58'),
(8, 'delete_classroom', 'web', '2026-03-12 05:38:58', '2026-03-12 05:38:58'),
(9, 'create_course-offering', 'web', '2026-03-12 05:38:58', '2026-03-12 05:38:58'),
(10, 'view_course-offering', 'web', '2026-03-12 05:38:58', '2026-03-12 05:38:58'),
(11, 'update_course-offering', 'web', '2026-03-12 05:38:58', '2026-03-12 05:38:58'),
(12, 'delete_course-offering', 'web', '2026-03-12 05:38:58', '2026-03-12 05:38:58'),
(13, 'create_enrollment', 'web', '2026-03-12 05:38:58', '2026-03-12 05:38:58'),
(14, 'view_enrollment', 'web', '2026-03-12 05:38:58', '2026-03-12 05:38:58'),
(15, 'update_enrollment', 'web', '2026-03-12 05:38:58', '2026-03-12 05:38:58'),
(16, 'delete_enrollment', 'web', '2026-03-12 05:38:58', '2026-03-12 05:38:58'),
(17, 'create_exam', 'web', '2026-03-12 05:38:58', '2026-03-12 05:38:58'),
(18, 'view_exam', 'web', '2026-03-12 05:38:58', '2026-03-12 05:38:58'),
(19, 'update_exam', 'web', '2026-03-12 05:38:58', '2026-03-12 05:38:58'),
(20, 'delete_exam', 'web', '2026-03-12 05:38:58', '2026-03-12 05:38:58'),
(21, 'create_expense', 'web', '2026-03-12 05:38:58', '2026-03-12 05:38:58'),
(22, 'view_expense', 'web', '2026-03-12 05:38:58', '2026-03-12 05:38:58'),
(23, 'update_expense', 'web', '2026-03-12 05:38:58', '2026-03-12 05:38:58'),
(24, 'delete_expense', 'web', '2026-03-12 05:38:58', '2026-03-12 05:38:58'),
(25, 'create_expense-category', 'web', '2026-03-12 05:38:58', '2026-03-12 05:38:58'),
(26, 'view_expense-category', 'web', '2026-03-12 05:38:58', '2026-03-12 05:38:58'),
(27, 'update_expense-category', 'web', '2026-03-12 05:38:58', '2026-03-12 05:38:58'),
(28, 'delete_expense-category', 'web', '2026-03-12 05:38:58', '2026-03-12 05:38:58'),
(29, 'create_fee', 'web', '2026-03-12 05:38:58', '2026-03-12 05:38:58'),
(30, 'view_fee', 'web', '2026-03-12 05:38:58', '2026-03-12 05:38:58'),
(31, 'update_fee', 'web', '2026-03-12 05:38:58', '2026-03-12 05:38:58'),
(32, 'delete_fee', 'web', '2026-03-12 05:38:58', '2026-03-12 05:38:58'),
(33, 'create_fee-type', 'web', '2026-03-12 05:38:58', '2026-03-12 05:38:58'),
(34, 'view_fee-type', 'web', '2026-03-12 05:38:58', '2026-03-12 05:38:58'),
(35, 'update_fee-type', 'web', '2026-03-12 05:38:58', '2026-03-12 05:38:58'),
(36, 'delete_fee-type', 'web', '2026-03-12 05:38:58', '2026-03-12 05:38:58'),
(37, 'create_score', 'web', '2026-03-12 05:38:58', '2026-03-12 05:38:58'),
(38, 'view_score', 'web', '2026-03-12 05:38:58', '2026-03-12 05:38:58'),
(39, 'update_score', 'web', '2026-03-12 05:38:58', '2026-03-12 05:38:58'),
(40, 'delete_score', 'web', '2026-03-12 05:38:58', '2026-03-12 05:38:58'),
(41, 'create_subject', 'web', '2026-03-12 05:38:58', '2026-03-12 05:38:58'),
(42, 'view_subject', 'web', '2026-03-12 05:38:58', '2026-03-12 05:38:58'),
(43, 'update_subject', 'web', '2026-03-12 05:38:58', '2026-03-12 05:38:58'),
(44, 'delete_subject', 'web', '2026-03-12 05:38:58', '2026-03-12 05:38:58'),
(45, 'create_user', 'web', '2026-03-12 05:38:58', '2026-03-12 05:38:58'),
(46, 'view_user', 'web', '2026-03-12 05:38:58', '2026-03-12 05:38:58'),
(47, 'update_user', 'web', '2026-03-12 05:38:58', '2026-03-12 05:38:58'),
(48, 'delete_user', 'web', '2026-03-12 05:38:58', '2026-03-12 05:38:58'),
(49, 'create_role', 'web', '2026-03-12 05:38:58', '2026-03-12 05:38:58'),
(50, 'view_role', 'web', '2026-03-12 05:38:58', '2026-03-12 05:38:58'),
(51, 'update_role', 'web', '2026-03-12 05:38:58', '2026-03-12 05:38:58'),
(52, 'delete_role', 'web', '2026-03-12 05:38:58', '2026-03-12 05:38:58'),
(53, 'create_permission', 'web', '2026-03-12 05:38:58', '2026-03-12 05:38:58'),
(54, 'view_permission', 'web', '2026-03-12 05:38:58', '2026-03-12 05:38:58'),
(55, 'update_permission', 'web', '2026-03-12 05:38:58', '2026-03-12 05:38:58'),
(56, 'delete_permission', 'web', '2026-03-12 05:38:58', '2026-03-12 05:38:58'),
(57, 'create_teacher', 'web', '2026-03-12 05:38:58', '2026-03-12 05:38:58'),
(58, 'view_teacher', 'web', '2026-03-12 05:38:58', '2026-03-12 05:38:58'),
(59, 'update_teacher', 'web', '2026-03-12 05:38:58', '2026-03-12 05:38:58'),
(60, 'delete_teacher', 'web', '2026-03-12 05:38:58', '2026-03-12 05:38:58'),
(61, 'create_student', 'web', '2026-03-12 05:38:58', '2026-03-12 05:38:58'),
(62, 'view_student', 'web', '2026-03-12 05:38:59', '2026-03-12 05:38:59'),
(63, 'update_student', 'web', '2026-03-12 05:38:59', '2026-03-12 05:38:59'),
(64, 'delete_student', 'web', '2026-03-12 05:38:59', '2026-03-12 05:38:59'),
(65, 'view_dashboard', 'web', '2026-03-12 05:38:59', '2026-03-12 05:38:59'),
(66, 'view_report', 'web', '2026-03-12 05:38:59', '2026-03-12 05:38:59');

-- --------------------------------------------------------

--
-- Table structure for table `personal_access_tokens`
--

CREATE TABLE `personal_access_tokens` (
  `id` bigint UNSIGNED NOT NULL,
  `tokenable_type` varchar(255) COLLATE utf8mb4_unicode_ci NOT NULL,
  `tokenable_id` bigint UNSIGNED NOT NULL,
  `name` varchar(255) COLLATE utf8mb4_unicode_ci NOT NULL,
  `token` varchar(64) COLLATE utf8mb4_unicode_ci NOT NULL,
  `abilities` text COLLATE utf8mb4_unicode_ci,
  `last_used_at` timestamp NULL DEFAULT NULL,
  `expires_at` timestamp NULL DEFAULT NULL,
  `created_at` timestamp NULL DEFAULT NULL,
  `updated_at` timestamp NULL DEFAULT NULL
) ENGINE=InnoDB DEFAULT CHARSET=utf8mb4 COLLATE=utf8mb4_unicode_ci;

-- --------------------------------------------------------

--
-- Table structure for table `roles`
--

CREATE TABLE `roles` (
  `id` bigint UNSIGNED NOT NULL,
  `name` varchar(255) COLLATE utf8mb4_unicode_ci NOT NULL,
  `guard_name` varchar(255) COLLATE utf8mb4_unicode_ci NOT NULL,
  `created_at` timestamp NULL DEFAULT NULL,
  `updated_at` timestamp NULL DEFAULT NULL
) ENGINE=InnoDB DEFAULT CHARSET=utf8mb4 COLLATE=utf8mb4_unicode_ci;

--
-- Dumping data for table `roles`
--

INSERT INTO `roles` (`id`, `name`, `guard_name`, `created_at`, `updated_at`) VALUES
(1, 'admin', 'web', '2026-03-12 05:38:59', '2026-03-12 05:38:59'),
(2, 'teacher', 'web', '2026-03-12 05:38:59', '2026-03-12 05:38:59'),
(3, 'student', 'web', '2026-03-12 05:38:59', '2026-03-12 05:38:59'),
(4, 'staff', 'web', '2026-03-12 05:38:59', '2026-03-12 05:38:59');

-- --------------------------------------------------------

--
-- Table structure for table `role_has_permissions`
--

CREATE TABLE `role_has_permissions` (
  `permission_id` bigint UNSIGNED NOT NULL,
  `role_id` bigint UNSIGNED NOT NULL
) ENGINE=InnoDB DEFAULT CHARSET=utf8mb4 COLLATE=utf8mb4_unicode_ci;

--
-- Dumping data for table `role_has_permissions`
--

INSERT INTO `role_has_permissions` (`permission_id`, `role_id`) VALUES
(1, 1),
(2, 1),
(3, 1),
(4, 1),
(5, 1),
(6, 1),
(7, 1),
(8, 1),
(9, 1),
(10, 1),
(11, 1),
(12, 1),
(13, 1),
(14, 1),
(15, 1),
(16, 1),
(17, 1),
(18, 1),
(19, 1),
(20, 1),
(21, 1),
(22, 1),
(23, 1),
(24, 1),
(25, 1),
(26, 1),
(27, 1),
(28, 1),
(29, 1),
(30, 1),
(31, 1),
(32, 1),
(33, 1),
(34, 1),
(35, 1),
(36, 1),
(37, 1),
(38, 1),
(39, 1),
(40, 1),
(41, 1),
(42, 1),
(43, 1),
(44, 1),
(45, 1),
(46, 1),
(47, 1),
(48, 1),
(49, 1),
(50, 1),
(51, 1),
(52, 1),
(53, 1),
(54, 1),
(55, 1),
(56, 1),
(57, 1),
(58, 1),
(59, 1),
(60, 1),
(61, 1),
(62, 1),
(63, 1),
(64, 1),
(65, 1),
(66, 1),
(1, 2),
(2, 2),
(3, 2),
(5, 2),
(6, 2),
(7, 2),
(9, 2),
(10, 2),
(11, 2),
(13, 2),
(14, 2),
(15, 2),
(17, 2),
(18, 2),
(19, 2),
(37, 2),
(38, 2),
(39, 2),
(41, 2),
(42, 2),
(43, 2),
(61, 2),
(62, 2),
(63, 2),
(1, 4),
(2, 4),
(3, 4),
(5, 4),
(6, 4),
(7, 4),
(9, 4),
(10, 4),
(11, 4),
(13, 4),
(14, 4),
(15, 4),
(21, 4),
(22, 4),
(23, 4),
(25, 4),
(26, 4),
(27, 4),
(29, 4),
(30, 4),
(31, 4),
(33, 4),
(34, 4),
(35, 4),
(37, 4),
(38, 4),
(39, 4),
(41, 4),
(42, 4),
(43, 4),
(57, 4),
(58, 4),
(59, 4),
(61, 4),
(62, 4),
(63, 4),
(65, 4),
(66, 4);

-- --------------------------------------------------------

--
-- Table structure for table `scores`
--

CREATE TABLE `scores` (
  `id` bigint UNSIGNED NOT NULL,
  `student_id` bigint UNSIGNED NOT NULL,
  `exam_id` bigint UNSIGNED NOT NULL,
  `score` int NOT NULL,
  `grade` varchar(255) COLLATE utf8mb4_unicode_ci DEFAULT NULL,
  `remarks` text COLLATE utf8mb4_unicode_ci,
  `created_at` timestamp NULL DEFAULT NULL,
  `updated_at` timestamp NULL DEFAULT NULL,
  `deleted_at` timestamp NULL DEFAULT NULL
) ENGINE=InnoDB DEFAULT CHARSET=utf8mb4 COLLATE=utf8mb4_unicode_ci;

--
-- Dumping data for table `scores`
--

INSERT INTO `scores` (`id`, `student_id`, `exam_id`, `score`, `grade`, `remarks`, `created_at`, `updated_at`, `deleted_at`) VALUES
(1, 7, 7, 50, 'A', NULL, '2026-03-12 05:39:01', '2026-03-12 05:39:01', NULL),
(2, 7, 8, 97, 'A', NULL, '2026-03-12 05:39:01', '2026-03-12 05:39:01', NULL),
(9, 11, 4, 66, 'D', 'Amet deleniti explicabo nemo.', '2026-03-12 05:39:01', '2026-03-12 05:39:01', NULL),
(10, 12, 13, 43, 'B', NULL, '2026-03-12 05:39:01', '2026-03-12 05:39:01', NULL),
(11, 12, 14, 86, 'B', NULL, '2026-03-12 05:39:01', '2026-03-12 05:39:01', NULL),
(15, 15, 3, 45, 'A', NULL, '2026-03-12 05:39:01', '2026-03-12 05:39:01', NULL),
(16, 16, 3, 39, 'C', NULL, '2026-03-12 05:39:01', '2026-03-12 05:39:01', NULL),
(19, 18, 13, 42, 'B', NULL, '2026-03-12 05:39:01', '2026-03-12 05:39:01', NULL),
(20, 18, 14, 92, 'A', 'Id velit iste molestiae placeat magni velit.', '2026-03-12 05:39:01', '2026-03-12 05:39:01', NULL),
(21, 19, 7, 28, 'E', 'Ut dolor qui dolores rerum architecto.', '2026-03-12 05:39:01', '2026-03-12 05:39:01', NULL),
(22, 19, 8, 98, 'A', NULL, '2026-03-12 05:39:01', '2026-03-12 05:39:01', NULL),
(23, 20, 11, 37, 'C', NULL, '2026-03-12 05:39:01', '2026-03-12 05:39:01', NULL),
(24, 20, 12, 99, 'A', NULL, '2026-03-12 05:39:01', '2026-03-12 05:39:01', NULL),
(25, 21, 5, 40, 'B', NULL, '2026-03-12 05:39:01', '2026-03-12 05:39:01', NULL),
(26, 21, 6, 50, 'E', NULL, '2026-03-12 05:39:01', '2026-03-12 05:39:01', NULL),
(29, 23, 5, 43, 'B', NULL, '2026-03-12 05:39:01', '2026-03-12 05:39:01', NULL),
(30, 23, 6, 60, 'D', 'Voluptatem quisquam vero nam et porro harum.', '2026-03-12 05:39:01', '2026-03-12 05:39:01', NULL),
(31, 24, 13, 32, 'D', NULL, '2026-03-12 05:39:01', '2026-03-12 05:39:01', NULL),
(32, 24, 14, 72, 'C', NULL, '2026-03-12 05:39:01', '2026-03-12 05:39:01', NULL),
(33, 25, 9, 17, 'F', 'Dolor corrupti numq', '2026-03-12 05:39:01', '2026-03-12 09:24:35', NULL),
(34, 25, 10, 25, 'F', 'Ad eius qui eaque co', '2026-03-12 05:39:01', '2026-03-12 09:24:27', NULL),
(35, 26, 11, 43, 'B', NULL, '2026-03-12 05:39:01', '2026-03-12 05:39:01', NULL),
(36, 26, 12, 54, 'E', NULL, '2026-03-12 05:39:01', '2026-03-12 05:39:01', NULL),
(47, 32, 13, 30, 'D', NULL, '2026-03-12 05:39:01', '2026-03-12 05:39:01', NULL),
(48, 32, 14, 98, 'A', NULL, '2026-03-12 05:39:01', '2026-03-12 05:39:01', NULL),
(49, 33, 3, 37, 'C', 'Voluptate quaerat est fugiat quis optio aut explicabo.', '2026-03-12 05:39:01', '2026-03-12 05:39:01', NULL),
(50, 33, 4, 95, 'A', NULL, '2026-03-12 05:39:01', '2026-03-12 05:39:01', NULL),
(51, 34, 13, 25, 'E', 'Est aut dolorem et tempora.', '2026-03-12 05:39:01', '2026-03-12 05:39:01', NULL),
(52, 34, 14, 68, 'D', NULL, '2026-03-12 05:39:01', '2026-03-12 05:39:01', NULL),
(53, 35, 6, 72, 'C', NULL, '2026-03-12 05:39:01', '2026-03-12 05:39:01', NULL),
(58, 38, 11, 26, 'E', NULL, '2026-03-12 05:39:01', '2026-03-12 05:39:01', NULL),
(59, 38, 12, 54, 'E', 'Voluptatem quam est alias facilis.', '2026-03-12 05:39:01', '2026-03-12 05:39:01', NULL),
(60, 39, 3, 25, 'E', NULL, '2026-03-12 05:39:01', '2026-03-12 05:39:01', NULL),
(61, 39, 4, 59, 'E', NULL, '2026-03-12 05:39:01', '2026-03-12 05:39:01', NULL),
(62, 40, 3, 45, 'A', NULL, '2026-03-12 05:39:01', '2026-03-12 05:39:01', NULL),
(63, 40, 4, 89, 'B', NULL, '2026-03-12 05:39:01', '2026-03-12 05:39:01', NULL),
(64, 41, 9, 26, 'F', 'Doloremque doloribus', '2026-03-12 05:39:01', '2026-03-12 09:24:35', NULL),
(65, 41, 10, 98, 'A+', 'Veniam ut qui digni', '2026-03-12 05:39:01', '2026-03-12 09:24:28', NULL),
(66, 42, 13, 34, 'D', NULL, '2026-03-12 05:39:01', '2026-03-12 05:39:01', NULL),
(67, 42, 14, 79, 'C', NULL, '2026-03-12 05:39:01', '2026-03-12 05:39:01', NULL),
(71, 45, 13, 29, 'E', NULL, '2026-03-12 05:39:01', '2026-03-12 05:39:01', NULL),
(72, 45, 14, 89, 'B', NULL, '2026-03-12 05:39:01', '2026-03-12 05:39:01', NULL),
(73, 46, 3, 29, 'E', NULL, '2026-03-12 05:39:01', '2026-03-12 05:39:01', NULL),
(74, 46, 4, 95, 'A', NULL, '2026-03-12 05:39:01', '2026-03-12 05:39:01', NULL),
(79, 49, 7, 30, 'D', NULL, '2026-03-12 05:39:01', '2026-03-12 05:39:01', NULL),
(80, 49, 8, 90, 'A', NULL, '2026-03-12 05:39:01', '2026-03-12 05:39:01', NULL),
(81, 50, 5, 48, 'A', NULL, '2026-03-12 05:39:01', '2026-03-12 05:39:01', NULL),
(82, 50, 6, 77, 'C', NULL, '2026-03-12 05:39:01', '2026-03-12 05:39:01', NULL),
(85, 52, 9, 31, 'D', 'Quis aut id at recus', '2026-03-12 05:39:01', '2026-03-12 09:24:35', NULL),
(86, 52, 10, 86, 'A', 'Earum accusamus dele', '2026-03-12 05:39:01', '2026-03-12 09:24:28', NULL),
(87, 53, 7, 48, 'A', NULL, '2026-03-12 05:39:01', '2026-03-12 05:39:01', NULL),
(88, 53, 8, 86, 'B', NULL, '2026-03-12 05:39:01', '2026-03-12 05:39:01', NULL),
(89, 54, 7, 45, 'A', NULL, '2026-03-12 05:39:01', '2026-03-12 05:39:01', NULL),
(94, 25, 21, 44, 'C', 'Hic enim amet eiusm', '2026-03-12 09:17:25', '2026-03-12 09:24:42', NULL),
(95, 41, 21, 82, 'A', 'Ad ea et nobis excep', '2026-03-12 09:17:25', '2026-03-12 09:24:42', NULL),
(96, 52, 21, 70, 'B+', 'Dolore et veritatis', '2026-03-12 09:17:25', '2026-03-12 09:24:42', NULL);

-- --------------------------------------------------------

--
-- Table structure for table `sessions`
--

CREATE TABLE `sessions` (
  `id` varchar(255) COLLATE utf8mb4_unicode_ci NOT NULL,
  `user_id` bigint UNSIGNED DEFAULT NULL,
  `ip_address` varchar(45) COLLATE utf8mb4_unicode_ci DEFAULT NULL,
  `user_agent` text COLLATE utf8mb4_unicode_ci,
  `payload` longtext COLLATE utf8mb4_unicode_ci NOT NULL,
  `last_activity` int NOT NULL
) ENGINE=InnoDB DEFAULT CHARSET=utf8mb4 COLLATE=utf8mb4_unicode_ci;

--
-- Dumping data for table `sessions`
--

INSERT INTO `sessions` (`id`, `user_id`, `ip_address`, `user_agent`, `payload`, `last_activity`) VALUES
('gjv4t8lSGSYeJfTcV6uScHCvgX7vK24H1U9QTVKN', 2, '127.0.0.1', 'Mozilla/5.0 (X11; Linux x86_64) AppleWebKit/537.36 (KHTML, like Gecko) Chrome/145.0.0.0 Safari/537.36', 'YTo0OntzOjY6Il90b2tlbiI7czo0MDoiSjJUOTdqaFFHd0NkdG1VNGJkZkd6MzB0d1BSU2dSZUt3ZnFKWTJwWiI7czo2OiJfZmxhc2giO2E6Mjp7czozOiJvbGQiO2E6MDp7fXM6MzoibmV3IjthOjA6e319czo5OiJfcHJldmlvdXMiO2E6Mjp7czozOiJ1cmwiO3M6MzU6Imh0dHA6Ly8xMjcuMC4wLjE6ODEwMi9hZG1pbi9wcm9maWxlIjtzOjU6InJvdXRlIjtzOjE4OiJhZG1pbi5wcm9maWxlLnNob3ciO31zOjUwOiJsb2dpbl93ZWJfNTliYTM2YWRkYzJiMmY5NDAxNTgwZjAxNGM3ZjU4ZWE0ZTMwOTg5ZCI7aToyO30=', 1773477702),
('jKC3I197GMZr1HWBT9QjXkdPJ93hmnXNopmuWCb7', 1, '127.0.0.1', 'Mozilla/5.0 (X11; Linux x86_64) AppleWebKit/537.36 (KHTML, like Gecko) Chrome/145.0.0.0 Safari/537.36', 'YTo2OntzOjY6Il90b2tlbiI7czo0MDoicnNlYXlHOE9JSjBVbEFNQjNnMnAwaWZDdUVoUE16cUU3S2RHVXRNTCI7czozOiJ1cmwiO2E6MDp7fXM6OToiX3ByZXZpb3VzIjthOjI6e3M6MzoidXJsIjtzOjI3OiJodHRwOi8vMTI3LjAuMC4xOjgxMDIvYWRtaW4iO3M6NToicm91dGUiO3M6MTU6ImFkbWluLmRlc2hib2FyZCI7fXM6NjoiX2ZsYXNoIjthOjI6e3M6Mzoib2xkIjthOjA6e31zOjM6Im5ldyI7YTowOnt9fXM6NTA6ImxvZ2luX3dlYl81OWJhMzZhZGRjMmIyZjk0MDE1ODBmMDE0YzdmNThlYTRlMzA5ODlkIjtpOjE7czo2OiJsb2NhbGUiO3M6MjoiZW4iO30=', 1773571608),
('rKj9EDdx3mkOMSTdSAsbW0SNTjwUDUfaLHy7tySt', 1, '127.0.0.1', 'Mozilla/5.0 (X11; Linux x86_64) AppleWebKit/537.36 (KHTML, like Gecko) Chrome/145.0.0.0 Safari/537.36', 'YTo0OntzOjY6Il90b2tlbiI7czo0MDoiQm9qSWR4OFNOd1JVRThRd3NPUk5pMlJtRkw2Z2JoUGlOOUVYbEt4cCI7czo5OiJfcHJldmlvdXMiO2E6Mjp7czozOiJ1cmwiO3M6NDA6Imh0dHA6Ly9zY21zLmxvY2FsL2FkbWluL3N0dWRlbnRzLzQ4L2VkaXQiO3M6NToicm91dGUiO3M6MTk6ImFkbWluLnN0dWRlbnRzLmVkaXQiO31zOjY6Il9mbGFzaCI7YToyOntzOjM6Im9sZCI7YTowOnt9czozOiJuZXciO2E6MDp7fX1zOjUwOiJsb2dpbl93ZWJfNTliYTM2YWRkYzJiMmY5NDAxNTgwZjAxNGM3ZjU4ZWE0ZTMwOTg5ZCI7aToxO30=', 1773477978);

-- --------------------------------------------------------

--
-- Table structure for table `subjects`
--

CREATE TABLE `subjects` (
  `id` bigint UNSIGNED NOT NULL,
  `name` varchar(255) COLLATE utf8mb4_unicode_ci NOT NULL,
  `code` varchar(255) COLLATE utf8mb4_unicode_ci NOT NULL,
  `description` text COLLATE utf8mb4_unicode_ci,
  `credit_hours` int NOT NULL DEFAULT '1',
  `created_at` timestamp NULL DEFAULT NULL,
  `updated_at` timestamp NULL DEFAULT NULL,
  `deleted_at` timestamp NULL DEFAULT NULL
) ENGINE=InnoDB DEFAULT CHARSET=utf8mb4 COLLATE=utf8mb4_unicode_ci;

--
-- Dumping data for table `subjects`
--

INSERT INTO `subjects` (`id`, `name`, `code`, `description`, `credit_hours`, `created_at`, `updated_at`, `deleted_at`) VALUES
(1, 'English Beginner', 'ENGL102', 'Et consequuntur minus et aut provident ullam debitis.', 4, '2026-03-12 05:39:01', '2026-03-14 08:13:50', NULL),
(2, 'Microsoft Office Word', 'OFFI101', 'Totam repellat dolore qui officia hic exercitationem.', 4, '2026-03-12 05:39:01', '2026-03-14 08:14:15', NULL),
(3, 'Microsoft Office Excel', 'OFFI102', 'Dolorem vero optio saepe unde ex ipsam nihil dolore.', 4, '2026-03-12 05:39:01', '2026-03-14 08:14:21', NULL),
(4, 'Microsoft Office PowerPoint', 'OFFI103', 'Eligendi et iste omnis.', 4, '2026-03-12 05:39:01', '2026-03-14 08:14:26', NULL);

-- --------------------------------------------------------

--
-- Table structure for table `users`
--

CREATE TABLE `users` (
  `id` bigint UNSIGNED NOT NULL,
  `name` varchar(255) COLLATE utf8mb4_unicode_ci NOT NULL,
  `email` varchar(255) COLLATE utf8mb4_unicode_ci NOT NULL,
  `email_verified_at` timestamp NULL DEFAULT NULL,
  `password` varchar(255) COLLATE utf8mb4_unicode_ci NOT NULL,
  `phone` varchar(255) COLLATE utf8mb4_unicode_ci DEFAULT NULL,
  `address` text COLLATE utf8mb4_unicode_ci,
  `date_of_birth` date DEFAULT NULL,
  `gender` enum('monk','male','female','other') COLLATE utf8mb4_unicode_ci DEFAULT 'male',
  `joining_date` date DEFAULT NULL,
  `qualification` varchar(255) COLLATE utf8mb4_unicode_ci DEFAULT NULL,
  `experience` varchar(255) COLLATE utf8mb4_unicode_ci DEFAULT NULL,
  `specialization` text COLLATE utf8mb4_unicode_ci,
  `salary` decimal(10,2) DEFAULT NULL,
  `cv` varchar(255) COLLATE utf8mb4_unicode_ci DEFAULT NULL,
  `nationality` varchar(255) COLLATE utf8mb4_unicode_ci DEFAULT NULL,
  `religion` varchar(255) COLLATE utf8mb4_unicode_ci DEFAULT NULL,
  `admission_date` date DEFAULT NULL,
  `occupation` varchar(255) COLLATE utf8mb4_unicode_ci DEFAULT NULL,
  `company` varchar(255) COLLATE utf8mb4_unicode_ci DEFAULT NULL,
  `avatar` varchar(255) COLLATE utf8mb4_unicode_ci DEFAULT NULL,
  `remember_token` varchar(100) COLLATE utf8mb4_unicode_ci DEFAULT NULL,
  `created_at` timestamp NULL DEFAULT NULL,
  `updated_at` timestamp NULL DEFAULT NULL,
  `deleted_at` timestamp NULL DEFAULT NULL
) ENGINE=InnoDB DEFAULT CHARSET=utf8mb4 COLLATE=utf8mb4_unicode_ci;

--
-- Dumping data for table `users`
--

INSERT INTO `users` (`id`, `name`, `email`, `email_verified_at`, `password`, `phone`, `address`, `date_of_birth`, `gender`, `joining_date`, `qualification`, `experience`, `specialization`, `salary`, `cv`, `nationality`, `religion`, `admission_date`, `occupation`, `company`, `avatar`, `remember_token`, `created_at`, `updated_at`, `deleted_at`) VALUES
(1, 'Admin User', 'admin@example.com', '2026-03-12 05:38:59', '$2y$12$iRJECx8bVJRlcuXjvmif8uVjyoQmd0b.KiFbIU7tsXgz8SzGMs0im', NULL, NULL, NULL, 'male', NULL, NULL, NULL, NULL, NULL, NULL, NULL, NULL, NULL, NULL, NULL, '', NULL, '2026-03-12 05:38:59', '2026-03-15 10:37:21', NULL),
(2, 'មាស បុរិវឌ្ឍនា', 'teacher1@example.com', '2026-03-12 05:38:59', '$2y$12$cZ.X45qrimLaM0UkcRRI2el1wlV9qP7bpOnwQ/tDP/dJDk7D8ndMq', '0234234234', '1203 Schowalter Ramp Suite 497\r\nAdrainbury, HI 55001-0476', '1988-11-08', 'male', '2024-12-02', 'PhD in Science', '2', 'English Literature', 285.16, NULL, 'Cambodian', 'Buddhism', NULL, NULL, NULL, 'uploads/teacher/1773476631-14-03-2026_ed_profile-photo.jpg', NULL, '2026-03-12 05:38:59', '2026-03-14 08:38:46', NULL),
(3, 'សុខ ចតុមុខភិរម្យ', 'teacher2@example.com', '2026-03-12 05:38:59', '$2y$12$cZ.X45qrimLaM0UkcRRI2el1wlV9qP7bpOnwQ/tDP/dJDk7D8ndMq', '086560763', '561 Dee Vista Apt. 224\r\nNew Mandy, MN 56909-2897', '1991-06-13', 'female', '2022-04-12', 'Bachelor in Arts', '2', 'History', 202.56, NULL, 'Cambodian', 'Buddhism', NULL, NULL, NULL, 'uploads/teacher/1773476671-14-03-2026_ed_profile-photo.jpg', NULL, '2026-03-12 05:38:59', '2026-03-14 08:38:53', NULL),
(4, 'ជា ធម្មរើន', 'teacher3@example.com', '2026-03-12 05:38:59', '$2y$12$cZ.X45qrimLaM0UkcRRI2el1wlV9qP7bpOnwQ/tDP/dJDk7D8ndMq', '+85517748664', '738 Trisha Walk\r\nPort Gunnerside, DE 14273-7475', '1993-12-26', 'female', '2025-08-08', 'Master in Education', '3', 'English Literature', 479.76, NULL, 'Cambodian', 'Buddhism', NULL, NULL, NULL, 'uploads/teacher/1773476850-14-03-2026_ed_profile-photo.jpg', NULL, '2026-03-12 05:38:59', '2026-03-14 08:38:59', NULL),
(5, 'នរោត្តម ខេមរភូមិន្ទ', 'teacher4@example.com', '2026-03-12 05:38:59', '$2y$12$cZ.X45qrimLaM0UkcRRI2el1wlV9qP7bpOnwQ/tDP/dJDk7D8ndMq', '+855161236451', '75599 Jeramie Viaduct Suite 422\r\nNew Vadaview, NV 78249-7644', '1995-12-16', 'female', '2021-09-08', 'Master in Education', '3', 'Mathematics', 315.80, NULL, 'Cambodian', 'Buddhism', NULL, NULL, NULL, 'uploads/teacher/1773476930-14-03-2026_ed_profile-photo.jpg', NULL, '2026-03-12 05:38:59', '2026-03-14 08:39:06', NULL),
(6, 'ចាន់ មុនីរិទ្ធិស័ក', 'teacher5@example.com', '2026-03-12 05:38:59', '$2y$12$cZ.X45qrimLaM0UkcRRI2el1wlV9qP7bpOnwQ/tDP/dJDk7D8ndMq', '0370655976', '9534 Dawn Estate Suite 987\r\nEast Leonora, NC 79319-5551', '1989-05-06', 'male', '2023-04-10', 'PhD in Science', '4', 'English Literature', 349.55, NULL, 'Cambodian', 'Buddhism', NULL, NULL, NULL, 'uploads/teacher/1773476987-14-03-2026_ed_profile-photo.jpg', NULL, '2026-03-12 05:38:59', '2026-03-14 08:39:13', NULL),
(7, 'មាស បុរិវឌ្ឍនា', 'student1@example.com', '2026-03-12 05:39:00', '$2y$12$8KdV3v01k02CHwQQ0kTtWOv6JdrtazeqM02mvMGowjHyhN.WvtKKi', '309.848.0731', '4638 Spinka Vista\nTremblayville, NH 24879', '2007-01-01', 'female', NULL, NULL, NULL, NULL, NULL, NULL, 'Cambodian', 'Buddhism', '2026-03-11', 'Student', NULL, 'uploads/avatars/avatar_7_1773571041.jpg', NULL, '2026-03-12 05:39:00', '2026-03-15 10:37:21', NULL),
(8, 'សុខ ចតុមុខភិរម្យ', 'student2@example.com', '2026-03-12 05:39:00', '$2y$12$8KdV3v01k02CHwQQ0kTtWOv6JdrtazeqM02mvMGowjHyhN.WvtKKi', '820.316.9253', '714 Kutch Expressway Suite 313\nLake Amandatown, IA 02744-9033', '2010-03-24', 'female', NULL, NULL, NULL, NULL, NULL, NULL, 'Cambodian', 'Buddhism', '2025-04-27', 'Student', NULL, 'uploads/avatars/avatar_8_1773571041.jpg', NULL, '2026-03-12 05:39:00', '2026-03-15 10:37:21', NULL),
(9, 'ជា ធម្មរើន', 'student3@example.com', '2026-03-12 05:39:00', '$2y$12$8KdV3v01k02CHwQQ0kTtWOv6JdrtazeqM02mvMGowjHyhN.WvtKKi', '785-993-4890', '4121 Stacy Rue Suite 124\nPowlowskifort, AK 26652', '2010-06-09', 'male', NULL, NULL, NULL, NULL, NULL, NULL, 'Cambodian', 'Buddhism', '2026-03-01', 'Student', NULL, 'uploads/avatars/avatar_9_1773571041.jpg', NULL, '2026-03-12 05:39:00', '2026-03-15 10:37:21', NULL),
(10, 'នរោត្តម ខេមរភូមិន្ទ', 'student4@example.com', '2026-03-12 05:39:00', '$2y$12$8KdV3v01k02CHwQQ0kTtWOv6JdrtazeqM02mvMGowjHyhN.WvtKKi', '+16142856713', '2787 Feeney Road\nNorth Nettiestad, MO 64626-0117', '2009-12-04', 'male', NULL, NULL, NULL, NULL, NULL, NULL, 'Cambodian', 'Buddhism', '2025-10-20', 'Student', NULL, 'uploads/avatars/avatar_10_1773571041.jpg', NULL, '2026-03-12 05:39:00', '2026-03-15 10:37:21', NULL),
(11, 'ចាន់ មុនីរិទ្ធិស័ក', 'student5@example.com', '2026-03-12 05:39:00', '$2y$12$8KdV3v01k02CHwQQ0kTtWOv6JdrtazeqM02mvMGowjHyhN.WvtKKi', '+1 (605) 693-1463', '396 Borer Overpass Apt. 572\nKarliestad, AZ 19358-8768', '2009-12-13', 'male', NULL, NULL, NULL, NULL, NULL, NULL, 'Cambodian', 'Buddhism', '2025-04-22', 'Student', NULL, 'uploads/avatars/avatar_11_1773571041.jpg', NULL, '2026-03-12 05:39:00', '2026-03-15 10:37:21', NULL),
(12, 'អ៊ុក នរិទ្ធិពង្ស', 'student6@example.com', '2026-03-12 05:39:00', '$2y$12$8KdV3v01k02CHwQQ0kTtWOv6JdrtazeqM02mvMGowjHyhN.WvtKKi', '+17733055667', '99612 Jerod Views Suite 926\nNorth Eileentown, VA 73604', '2010-03-25', 'male', NULL, NULL, NULL, NULL, NULL, NULL, 'Cambodian', 'Buddhism', '2026-03-01', 'Student', NULL, 'uploads/avatars/avatar_12_1773571041.jpg', NULL, '2026-03-12 05:39:00', '2026-03-15 10:37:21', NULL),
(13, 'សំ ឧត្តមវរៈ', 'student7@example.com', '2026-03-12 05:39:00', '$2y$12$8KdV3v01k02CHwQQ0kTtWOv6JdrtazeqM02mvMGowjHyhN.WvtKKi', '+17144582862', '1060 McKenzie Drives Apt. 448\nNoemiefurt, SC 57578-3937', '2010-02-26', 'female', NULL, NULL, NULL, NULL, NULL, NULL, 'Cambodian', 'Buddhism', '2025-02-27', 'Student', NULL, 'uploads/avatars/avatar_13_1773571041.jpg', NULL, '2026-03-12 05:39:00', '2026-03-15 10:37:21', NULL),
(14, 'ហេង ភារៈបុត្រា', 'student8@example.com', '2026-03-12 05:39:00', '$2y$12$8KdV3v01k02CHwQQ0kTtWOv6JdrtazeqM02mvMGowjHyhN.WvtKKi', '(231) 405-2085', '1129 Jaida Brook\nEast Hattie, KS 74600', '2008-01-01', 'female', NULL, NULL, NULL, NULL, NULL, NULL, 'Cambodian', 'Buddhism', '2025-11-18', 'Student', NULL, 'uploads/avatars/avatar_14_1773571041.jpg', NULL, '2026-03-12 05:39:00', '2026-03-15 10:37:21', NULL),
(15, 'សេង រិទ្ធិសក្តិវិជ្ជា', 'student9@example.com', '2026-03-12 05:39:00', '$2y$12$8KdV3v01k02CHwQQ0kTtWOv6JdrtazeqM02mvMGowjHyhN.WvtKKi', '+1 (620) 965-7084', '138 Krajcik Fields\nWest Jeanie, SC 12159-6601', '2006-10-18', 'female', NULL, NULL, NULL, NULL, NULL, NULL, 'Cambodian', 'Buddhism', '2024-12-13', 'Student', NULL, 'uploads/avatars/avatar_15_1773571041.jpg', NULL, '2026-03-12 05:39:00', '2026-03-15 10:37:21', NULL),
(16, 'វង្ស សិរីវឌ្ឍនៈ', 'student10@example.com', '2026-03-12 05:39:00', '$2y$12$8KdV3v01k02CHwQQ0kTtWOv6JdrtazeqM02mvMGowjHyhN.WvtKKi', '(252) 658-9811', '622 Hettinger Harbor Suite 052\nKrajcikbury, ND 45024-3062', '2007-09-08', 'female', NULL, NULL, NULL, NULL, NULL, NULL, 'Cambodian', 'Buddhism', '2024-07-22', 'Student', NULL, 'uploads/avatars/avatar_16_1773571041.jpg', NULL, '2026-03-12 05:39:00', '2026-03-15 10:37:21', NULL),
(17, 'កែវ សុវណ្ណកម្រិទ្ធ', 'student11@example.com', '2026-03-12 05:39:00', '$2y$12$8KdV3v01k02CHwQQ0kTtWOv6JdrtazeqM02mvMGowjHyhN.WvtKKi', '+16407584101', '52233 Aileen Stravenue\nPort Fabiolaburgh, NJ 70544', '2007-06-25', 'male', NULL, NULL, NULL, NULL, NULL, NULL, 'Cambodian', 'Buddhism', '2025-03-18', 'Student', NULL, 'uploads/avatars/avatar_17_1773571041.jpg', NULL, '2026-03-12 05:39:00', '2026-03-15 10:37:21', NULL),
(18, 'ផាន់ ទេពមណ្ឌល', 'student12@example.com', '2026-03-12 05:39:00', '$2y$12$8KdV3v01k02CHwQQ0kTtWOv6JdrtazeqM02mvMGowjHyhN.WvtKKi', '(726) 977-0725', '5895 Romaguera Landing\nGerlachberg, WV 68981-7091', '2008-05-18', 'female', NULL, NULL, NULL, NULL, NULL, NULL, 'Cambodian', 'Buddhism', '2025-04-06', 'Student', NULL, 'uploads/avatars/avatar_18_1773571041.jpg', NULL, '2026-03-12 05:39:00', '2026-03-15 10:37:21', NULL),
(19, 'ញ៉ែម វណ្ណៈពិសិដ្ឋ', 'student13@example.com', '2026-03-12 05:39:00', '$2y$12$8KdV3v01k02CHwQQ0kTtWOv6JdrtazeqM02mvMGowjHyhN.WvtKKi', '301.284.0671', '6561 Thalia Spring Suite 765\nSouth Maiyaland, CO 55670-1805', '2007-03-06', 'female', NULL, NULL, NULL, NULL, NULL, NULL, 'Cambodian', 'Buddhism', '2025-05-03', 'Student', NULL, 'uploads/avatars/avatar_19_1773571041.jpg', NULL, '2026-03-12 05:39:00', '2026-03-15 10:37:21', NULL),
(20, 'ព្រាប វណ្ណៈវិរៈ', 'student14@example.com', '2026-03-12 05:39:00', '$2y$12$8KdV3v01k02CHwQQ0kTtWOv6JdrtazeqM02mvMGowjHyhN.WvtKKi', '(863) 545-5653', '6974 Waelchi Harbors\nEast Waldo, MD 61486-5035', '2009-08-15', 'male', NULL, NULL, NULL, NULL, NULL, NULL, 'Cambodian', 'Buddhism', '2025-02-27', 'Student', NULL, 'uploads/avatars/avatar_20_1773571041.jpg', NULL, '2026-03-12 05:39:00', '2026-03-15 10:37:21', NULL),
(21, 'ឆាយ វិរៈពោធិសត្វ', 'student15@example.com', '2026-03-12 05:39:00', '$2y$12$8KdV3v01k02CHwQQ0kTtWOv6JdrtazeqM02mvMGowjHyhN.WvtKKi', '361-754-0153', '879 Smith Lakes\nNorth Parisland, IN 25683-8385', '2009-09-05', 'male', NULL, NULL, NULL, NULL, NULL, NULL, 'Cambodian', 'Buddhism', '2025-05-31', 'Student', NULL, 'uploads/avatars/avatar_21_1773571041.jpg', NULL, '2026-03-12 05:39:00', '2026-03-15 10:37:21', NULL),
(22, 'យឹម វិសុទ្ធិរិទ្ធ', 'student16@example.com', '2026-03-12 05:39:00', '$2y$12$8KdV3v01k02CHwQQ0kTtWOv6JdrtazeqM02mvMGowjHyhN.WvtKKi', '(920) 265-5825', '59481 Murray Greens\nVinceville, VA 75426', '2007-05-23', 'female', NULL, NULL, NULL, NULL, NULL, NULL, 'Cambodian', 'Buddhism', '2026-02-24', 'Student', NULL, 'uploads/avatars/avatar_22_1773571041.jpg', NULL, '2026-03-12 05:39:00', '2026-03-15 10:37:21', NULL),
(23, 'រស់ វឌ្ឍនៈសក្តា', 'student17@example.com', '2026-03-12 05:39:00', '$2y$12$8KdV3v01k02CHwQQ0kTtWOv6JdrtazeqM02mvMGowjHyhN.WvtKKi', '+1-959-418-6859', '829 Romaguera Parkway\nFlofurt, WY 43323-7078', '2007-11-20', 'male', NULL, NULL, NULL, NULL, NULL, NULL, 'Cambodian', 'Buddhism', '2025-01-21', 'Student', NULL, 'uploads/avatars/avatar_23_1773571041.jpg', NULL, '2026-03-12 05:39:00', '2026-03-15 10:37:21', NULL),
(24, 'កាំង យសវឌ្ឍនៈ', 'student18@example.com', '2026-03-12 05:39:00', '$2y$12$8KdV3v01k02CHwQQ0kTtWOv6JdrtazeqM02mvMGowjHyhN.WvtKKi', '(757) 390-2297', '37166 Norberto Canyon\nAnselfurt, KY 01595-4763', '2006-09-26', 'female', NULL, NULL, NULL, NULL, NULL, NULL, 'Cambodian', 'Buddhism', '2024-10-14', 'Student', NULL, 'uploads/avatars/avatar_24_1773571041.jpg', NULL, '2026-03-12 05:39:00', '2026-03-15 10:37:21', NULL),
(25, 'សាន ច័ន្ទរស្មី', 'student19@example.com', '2026-03-12 05:39:00', '$2y$12$8KdV3v01k02CHwQQ0kTtWOv6JdrtazeqM02mvMGowjHyhN.WvtKKi', '+1-571-468-6248', '346 Retha Vista Suite 557\nJaclynberg, OR 44541-6194', '2009-02-19', 'female', NULL, NULL, NULL, NULL, NULL, NULL, 'Cambodian', 'Buddhism', '2024-03-17', 'Student', NULL, 'uploads/avatars/avatar_25_1773571041.jpg', NULL, '2026-03-12 05:39:00', '2026-03-15 10:37:21', NULL),
(26, 'ម៉ៅ សុវណ្ណឌីម៉ង់', 'student20@example.com', '2026-03-12 05:39:00', '$2y$12$8KdV3v01k02CHwQQ0kTtWOv6JdrtazeqM02mvMGowjHyhN.WvtKKi', '906.312.1459', '1420 McKenzie Plains Apt. 959\nSauershire, VA 18070', '2006-07-06', 'male', NULL, NULL, NULL, NULL, NULL, NULL, 'Cambodian', 'Buddhism', '2024-08-01', 'Student', NULL, 'uploads/avatars/avatar_26_1773571041.jpg', NULL, '2026-03-12 05:39:00', '2026-03-15 10:37:21', NULL),
(27, 'លី បុប្ផាវរៈ', 'student21@example.com', '2026-03-12 05:39:00', '$2y$12$8KdV3v01k02CHwQQ0kTtWOv6JdrtazeqM02mvMGowjHyhN.WvtKKi', '920.880.9289', '2553 Corwin Stravenue\nSouth Nels, AR 58998-8104', '2010-07-14', 'male', NULL, NULL, NULL, NULL, NULL, NULL, 'Cambodian', 'Buddhism', '2024-09-16', 'Student', NULL, 'uploads/avatars/avatar_27_1773571041.jpg', NULL, '2026-03-12 05:39:00', '2026-03-15 10:37:21', NULL),
(28, 'ស៊ុន ច័ន្ទទេវី', 'student22@example.com', '2026-03-12 05:39:00', '$2y$12$8KdV3v01k02CHwQQ0kTtWOv6JdrtazeqM02mvMGowjHyhN.WvtKKi', '737.220.2572', '92324 Verlie Forest\nEveretthaven, HI 95477-9279', '2008-06-14', 'female', NULL, NULL, NULL, NULL, NULL, NULL, 'Cambodian', 'Buddhism', '2024-07-03', 'Student', NULL, 'uploads/avatars/avatar_28_1773571041.jpg', NULL, '2026-03-12 05:39:00', '2026-03-15 10:37:21', NULL),
(29, 'លីម ទេវីភាព', 'student23@example.com', '2026-03-12 05:39:00', '$2y$12$8KdV3v01k02CHwQQ0kTtWOv6JdrtazeqM02mvMGowjHyhN.WvtKKi', '(352) 924-7170', '715 Hintz Keys Suite 306\nNew Macey, GA 60650-2962', '2006-04-16', 'female', NULL, NULL, NULL, NULL, NULL, NULL, 'Cambodian', 'Buddhism', '2024-07-22', 'Student', NULL, 'uploads/avatars/avatar_29_1773571041.jpg', NULL, '2026-03-12 05:39:00', '2026-03-15 10:37:21', NULL),
(30, 'ពេជ្រ កល្យាណីវឌ្ឍ', 'student24@example.com', '2026-03-12 05:39:00', '$2y$12$8KdV3v01k02CHwQQ0kTtWOv6JdrtazeqM02mvMGowjHyhN.WvtKKi', '+13613561014', '4442 Howe Ramp Apt. 817\nMillerberg, MN 60904-6281', '2010-08-30', 'male', NULL, NULL, NULL, NULL, NULL, NULL, 'Cambodian', 'Buddhism', '2024-05-06', 'Student', NULL, 'uploads/avatars/avatar_30_1773571041.jpg', NULL, '2026-03-12 05:39:00', '2026-03-15 10:37:21', NULL),
(31, 'គីម កញ្ញារិទ្ធ', 'student25@example.com', '2026-03-12 05:39:00', '$2y$12$8KdV3v01k02CHwQQ0kTtWOv6JdrtazeqM02mvMGowjHyhN.WvtKKi', '+1 (678) 649-9938', '88165 Grant Glen\nWest Alexandrinefort, SC 85809', '2006-12-29', 'female', NULL, NULL, NULL, NULL, NULL, NULL, 'Cambodian', 'Buddhism', '2026-02-11', 'Student', NULL, 'uploads/avatars/avatar_31_1773571041.jpg', NULL, '2026-03-12 05:39:00', '2026-03-15 10:37:21', NULL),
(32, 'ទេព លក្ខិណាទេវី', 'student26@example.com', '2026-03-12 05:39:00', '$2y$12$8KdV3v01k02CHwQQ0kTtWOv6JdrtazeqM02mvMGowjHyhN.WvtKKi', '239-779-6284', '4326 Elsa Inlet Suite 115\nJeraldfurt, NY 21479-1967', '2009-08-02', 'female', NULL, NULL, NULL, NULL, NULL, NULL, 'Cambodian', 'Buddhism', '2024-12-09', 'Student', NULL, 'uploads/avatars/avatar_32_1773571041.jpg', NULL, '2026-03-12 05:39:00', '2026-03-15 10:37:21', NULL),
(33, 'អ៊ឹម នារីរតនៈ', 'student27@example.com', '2026-03-12 05:39:00', '$2y$12$8KdV3v01k02CHwQQ0kTtWOv6JdrtazeqM02mvMGowjHyhN.WvtKKi', '+1.425.837.3587', '1668 Raynor Oval Apt. 991\nPort Vladimir, VA 58820-8249', '2010-02-18', 'female', NULL, NULL, NULL, NULL, NULL, NULL, 'Cambodian', 'Buddhism', '2025-11-04', 'Student', NULL, 'uploads/avatars/avatar_33_1773571041.jpg', NULL, '2026-03-12 05:39:00', '2026-03-15 10:37:21', NULL),
(34, 'ស៊ូ ភ័ព្វលក្ខិណា', 'student28@example.com', '2026-03-12 05:39:00', '$2y$12$8KdV3v01k02CHwQQ0kTtWOv6JdrtazeqM02mvMGowjHyhN.WvtKKi', '+1-903-446-7558', '24089 Sanford Circles\nEast Destin, CA 21671-8263', '2010-06-08', 'female', NULL, NULL, NULL, NULL, NULL, NULL, 'Cambodian', 'Buddhism', '2025-04-25', 'Student', NULL, 'uploads/avatars/avatar_34_1773571041.jpg', NULL, '2026-03-12 05:39:00', '2026-03-15 10:37:21', NULL),
(35, 'ប៊ុន ពុទ្ធិរស្មី', 'student29@example.com', '2026-03-12 05:39:00', '$2y$12$8KdV3v01k02CHwQQ0kTtWOv6JdrtazeqM02mvMGowjHyhN.WvtKKi', '+1.208.637.5447', '86070 Abbott Club\nSouth Nellastad, OK 97005-9346', '2009-02-18', 'male', NULL, NULL, NULL, NULL, NULL, NULL, 'Cambodian', 'Buddhism', '2025-04-17', 'Student', NULL, 'uploads/avatars/avatar_35_1773571041.jpg', NULL, '2026-03-12 05:39:00', '2026-03-15 10:37:21', NULL),
(36, 'ថោង រតនៈទេវី', 'student30@example.com', '2026-03-12 05:39:00', '$2y$12$8KdV3v01k02CHwQQ0kTtWOv6JdrtazeqM02mvMGowjHyhN.WvtKKi', '+1 (305) 882-2444', '22597 Turner Mission\nOrinside, MT 22821', '2008-09-18', 'female', NULL, NULL, NULL, NULL, NULL, NULL, 'Cambodian', 'Buddhism', '2025-11-08', 'Student', NULL, 'uploads/avatars/avatar_36_1773571041.jpg', NULL, '2026-03-12 05:39:00', '2026-03-15 10:37:21', NULL),
(37, 'ឆេង សក្ដិមុនីនាថ', 'student31@example.com', '2026-03-12 05:39:00', '$2y$12$8KdV3v01k02CHwQQ0kTtWOv6JdrtazeqM02mvMGowjHyhN.WvtKKi', '+1-828-455-6770', '6169 Ryan Landing\nNorth Ewellview, IL 21790-4149', '2006-05-17', 'female', NULL, NULL, NULL, NULL, NULL, NULL, 'Cambodian', 'Buddhism', '2024-09-02', 'Student', NULL, 'uploads/avatars/avatar_37_1773571041.jpg', NULL, '2026-03-12 05:39:00', '2026-03-15 10:37:21', NULL),
(38, 'អ៊ុង សិរីវឌ្ឍនា', 'student32@example.com', '2026-03-12 05:39:00', '$2y$12$8KdV3v01k02CHwQQ0kTtWOv6JdrtazeqM02mvMGowjHyhN.WvtKKi', '812.808.6064', '8532 Terrell Fords\nOmerchester, AL 41864-0674', '2010-05-20', 'female', NULL, NULL, NULL, NULL, NULL, NULL, 'Cambodian', 'Buddhism', '2024-10-01', 'Student', NULL, 'uploads/avatars/avatar_38_1773571041.jpg', NULL, '2026-03-12 05:39:00', '2026-03-15 10:37:21', NULL),
(39, 'ជួន សុភ័ក្ត្រមុនី', 'student33@example.com', '2026-03-12 05:39:00', '$2y$12$8KdV3v01k02CHwQQ0kTtWOv6JdrtazeqM02mvMGowjHyhN.WvtKKi', '+1-608-548-0048', '969 Kody Pike\nTorpburgh, IN 92125-1345', '2007-08-09', 'female', NULL, NULL, NULL, NULL, NULL, NULL, 'Cambodian', 'Buddhism', '2025-05-27', 'Student', NULL, 'uploads/avatars/avatar_39_1773571041.jpg', NULL, '2026-03-12 05:39:00', '2026-03-15 10:37:21', NULL),
(40, 'ខឹម សុវណ្ណារី', 'student34@example.com', '2026-03-12 05:39:00', '$2y$12$8KdV3v01k02CHwQQ0kTtWOv6JdrtazeqM02mvMGowjHyhN.WvtKKi', '+1-531-713-6196', '43993 Dickens Drives Apt. 557\nHeathcoteborough, IL 74182-8156', '2007-03-11', 'female', NULL, NULL, NULL, NULL, NULL, NULL, 'Cambodian', 'Buddhism', '2024-08-22', 'Student', NULL, 'uploads/avatars/avatar_40_1773571041.jpg', NULL, '2026-03-12 05:39:00', '2026-03-15 10:37:21', NULL),
(41, 'ឃួន ស្រីពេជ្រវិជ្ជា', 'student35@example.com', '2026-03-12 05:39:00', '$2y$12$8KdV3v01k02CHwQQ0kTtWOv6JdrtazeqM02mvMGowjHyhN.WvtKKi', '678-866-7991', '692 Ismael Loaf Apt. 907\nLake Alexa, ME 14126', '2010-12-13', 'female', NULL, NULL, NULL, NULL, NULL, NULL, 'Cambodian', 'Buddhism', '2024-07-26', 'Student', NULL, 'uploads/avatars/avatar_41_1773571041.jpg', NULL, '2026-03-12 05:39:00', '2026-03-15 10:37:21', NULL),
(42, 'សួស ទេវីពិសី', 'student36@example.com', '2026-03-12 05:39:00', '$2y$12$8KdV3v01k02CHwQQ0kTtWOv6JdrtazeqM02mvMGowjHyhN.WvtKKi', '+1-828-365-5440', '861 Beahan Rapid Apt. 664\nArnoview, WA 28342-7896', '2008-10-03', 'male', NULL, NULL, NULL, NULL, NULL, NULL, 'Cambodian', 'Buddhism', '2025-01-14', 'Student', NULL, 'uploads/avatars/avatar_42_1773571041.jpg', NULL, '2026-03-12 05:39:00', '2026-03-15 10:37:21', NULL),
(43, 'ដួង វឌ្ឍនាទេវី', 'student37@example.com', '2026-03-12 05:39:00', '$2y$12$8KdV3v01k02CHwQQ0kTtWOv6JdrtazeqM02mvMGowjHyhN.WvtKKi', '818.442.6865', '7597 Dach Extension\nNew Santina, AL 90360', '2009-12-06', 'female', NULL, NULL, NULL, NULL, NULL, NULL, 'Cambodian', 'Buddhism', '2024-03-29', 'Student', NULL, 'uploads/avatars/avatar_43_1773571041.jpg', NULL, '2026-03-12 05:39:00', '2026-03-15 10:37:21', NULL),
(44, 'អ៊ិន វិចិត្ររស្មី', 'student38@example.com', '2026-03-12 05:39:00', '$2y$12$8KdV3v01k02CHwQQ0kTtWOv6JdrtazeqM02mvMGowjHyhN.WvtKKi', '+1-207-714-8531', '54822 Blanda Lake\nAbagailton, CA 68926', '2009-04-29', 'male', NULL, NULL, NULL, NULL, NULL, NULL, 'Cambodian', 'Buddhism', '2025-12-25', 'Student', NULL, 'uploads/avatars/avatar_44_1773571041.jpg', NULL, '2026-03-12 05:39:00', '2026-03-15 10:37:21', NULL),
(45, 'ម៉ែន វរៈនាថ', 'student39@example.com', '2026-03-12 05:39:00', '$2y$12$8KdV3v01k02CHwQQ0kTtWOv6JdrtazeqM02mvMGowjHyhN.WvtKKi', '918-758-4931', '898 Janice Springs Apt. 856\nEast Odamouth, WI 21406', '2010-05-02', 'male', NULL, NULL, NULL, NULL, NULL, NULL, 'Cambodian', 'Buddhism', '2024-11-01', 'Student', NULL, 'uploads/avatars/avatar_45_1773571041.jpg', NULL, '2026-03-12 05:39:00', '2026-03-15 10:37:21', NULL),
(46, 'ពៅ វតីរស្មី', 'student40@example.com', '2026-03-12 05:39:00', '$2y$12$8KdV3v01k02CHwQQ0kTtWOv6JdrtazeqM02mvMGowjHyhN.WvtKKi', '+1.346.250.0186', '33335 Wehner Road\nEast Jalynberg, PA 53038-5333', '2009-07-18', 'female', NULL, NULL, NULL, NULL, NULL, NULL, 'Cambodian', 'Buddhism', '2025-01-07', 'Student', NULL, 'uploads/avatars/avatar_46_1773571041.jpg', NULL, '2026-03-12 05:39:00', '2026-03-15 10:37:21', NULL),
(47, 'ឡុង អក្ខរៈភាក្យ', 'student41@example.com', '2026-03-12 05:39:00', '$2y$12$8KdV3v01k02CHwQQ0kTtWOv6JdrtazeqM02mvMGowjHyhN.WvtKKi', '(415) 857-0949', '330 Blair Summit\nEast Marina, GA 29785-5135', '2009-04-08', 'male', NULL, NULL, NULL, NULL, NULL, NULL, 'Cambodian', 'Buddhism', '2024-03-28', 'Student', NULL, 'uploads/avatars/avatar_47_1773571041.jpg', NULL, '2026-03-12 05:39:00', '2026-03-15 10:37:21', NULL),
(48, 'ព្រហ្ម អមរៈភាព', 'student42@example.com', '2026-03-12 05:39:00', '$2y$12$8KdV3v01k02CHwQQ0kTtWOv6JdrtazeqM02mvMGowjHyhN.WvtKKi', '+1-808-410-0019', '6109 Lennie Court Suite 106\nEast Modestamouth, IA 53523', '2009-08-19', 'female', NULL, NULL, NULL, NULL, NULL, NULL, 'Cambodian', 'Buddhism', '2024-08-18', 'Student', NULL, 'uploads/avatars/avatar_48_1773571041.jpg', NULL, '2026-03-12 05:39:00', '2026-03-15 10:37:21', NULL),
(49, 'ស៊ីន បទុមរស្មី', 'student43@example.com', '2026-03-12 05:39:01', '$2y$12$8KdV3v01k02CHwQQ0kTtWOv6JdrtazeqM02mvMGowjHyhN.WvtKKi', '906-699-7375', '9376 Purdy Village\nWest Vesta, CO 91660', '2010-12-14', 'male', NULL, NULL, NULL, NULL, NULL, NULL, 'Cambodian', 'Buddhism', '2024-08-17', 'Student', NULL, 'uploads/avatars/avatar_49_1773571041.jpg', NULL, '2026-03-12 05:39:01', '2026-03-15 10:37:21', NULL),
(50, 'យិន ចម្រើនវិរៈ', 'student44@example.com', '2026-03-12 05:39:01', '$2y$12$8KdV3v01k02CHwQQ0kTtWOv6JdrtazeqM02mvMGowjHyhN.WvtKKi', '+19593583532', '6622 Toby Road Suite 547\nSouth Jakob, NV 73148-2722', '2010-07-26', 'female', NULL, NULL, NULL, NULL, NULL, NULL, 'Cambodian', 'Buddhism', '2024-04-17', 'Student', NULL, 'uploads/avatars/avatar_50_1773571041.jpg', NULL, '2026-03-12 05:39:01', '2026-03-15 10:37:21', NULL),
(51, 'តាន់ ជ័យវឌ្ឍនៈ', 'student45@example.com', '2026-03-12 05:39:01', '$2y$12$8KdV3v01k02CHwQQ0kTtWOv6JdrtazeqM02mvMGowjHyhN.WvtKKi', '(347) 700-7742', '845 Cronin Lake\nSouth Paigeview, IA 96973', '2006-05-15', 'female', NULL, NULL, NULL, NULL, NULL, NULL, 'Cambodian', 'Buddhism', '2024-04-18', 'Student', NULL, 'uploads/avatars/avatar_51_1773571041.jpg', NULL, '2026-03-12 05:39:01', '2026-03-15 10:37:21', NULL),
(52, 'ព្រហ្ម ខេមរវិជ្ជា', 'student46@example.com', '2026-03-12 05:39:01', '$2y$12$8KdV3v01k02CHwQQ0kTtWOv6JdrtazeqM02mvMGowjHyhN.WvtKKi', '609.583.5286', '1755 Gaston Station Suite 342\nWest Angel, MN 98584-5749', '2008-08-26', 'male', NULL, NULL, NULL, NULL, NULL, NULL, 'Cambodian', 'Buddhism', '2024-05-17', 'Student', NULL, 'uploads/avatars/avatar_52_1773571041.jpg', NULL, '2026-03-12 05:39:01', '2026-03-15 10:37:21', NULL),
(53, 'ចៅ មុនីវឌ្ឍនា', 'student47@example.com', '2026-03-12 05:39:01', '$2y$12$8KdV3v01k02CHwQQ0kTtWOv6JdrtazeqM02mvMGowjHyhN.WvtKKi', '(283) 273-6919', '52515 Roob Rue Apt. 006\nNorth Groverstad, MN 09996-4878', '2006-09-15', 'female', NULL, NULL, NULL, NULL, NULL, NULL, 'Cambodian', 'Buddhism', '2025-01-07', 'Student', NULL, 'uploads/avatars/avatar_53_1773571041.jpg', NULL, '2026-03-12 05:39:01', '2026-03-15 10:37:21', NULL),
(54, 'ហួត និរោធភាព', 'student48@example.com', '2026-03-12 05:39:01', '$2y$12$8KdV3v01k02CHwQQ0kTtWOv6JdrtazeqM02mvMGowjHyhN.WvtKKi', '+1-725-522-9594', '25347 Lebsack Corners\r\nArielbury, AK 28877', '2009-07-18', 'male', NULL, NULL, NULL, NULL, NULL, NULL, 'Cambodian', 'Buddhism', '2025-11-06', 'Student', NULL, 'uploads/avatars/1773571115-15-03-2026_user_avatar.jpg', NULL, '2026-03-12 05:39:01', '2026-03-15 10:38:35', NULL),
(55, 'សាយ ឧត្តមសិរី', 'student49@example.com', '2026-03-12 05:39:01', '$2y$12$8KdV3v01k02CHwQQ0kTtWOv6JdrtazeqM02mvMGowjHyhN.WvtKKi', '(701) 833-8029', '75256 Pamela Locks\nNorth Daniellechester, TN 79739-0560', '2007-05-08', 'male', NULL, NULL, NULL, NULL, NULL, NULL, 'Cambodian', 'Buddhism', '2025-04-22', 'Student', NULL, 'uploads/avatars/avatar_55_1773571041.jpg', NULL, '2026-03-12 05:39:01', '2026-03-15 10:37:21', NULL),
(56, 'ម៉ាក់ ភារៈវឌ្ឍនៈ', 'student50@example.com', '2026-03-12 05:39:01', '$2y$12$8KdV3v01k02CHwQQ0kTtWOv6JdrtazeqM02mvMGowjHyhN.WvtKKi', '(618) 640-3435', '589 Larry Mills Suite 171\nSadyefort, MD 03734-7398', '2007-07-17', 'male', NULL, NULL, NULL, NULL, NULL, NULL, 'Cambodian', 'Buddhism', '2024-07-17', 'Student', NULL, 'uploads/avatars/avatar_56_1773571041.jpg', NULL, '2026-03-12 05:39:01', '2026-03-15 10:37:21', NULL);

--
-- Indexes for dumped tables
--

--
-- Indexes for table `attendances`
--
ALTER TABLE `attendances`
  ADD PRIMARY KEY (`id`),
  ADD UNIQUE KEY `attendances_unique_idx` (`student_id`,`course_offering_id`,`date`),
  ADD KEY `attendances_course_offering_id_foreign` (`course_offering_id`),
  ADD KEY `idx_attendances_student_id` (`student_id`);

--
-- Indexes for table `cache`
--
ALTER TABLE `cache`
  ADD PRIMARY KEY (`key`);

--
-- Indexes for table `cache_locks`
--
ALTER TABLE `cache_locks`
  ADD PRIMARY KEY (`key`);

--
-- Indexes for table `classrooms`
--
ALTER TABLE `classrooms`
  ADD PRIMARY KEY (`id`),
  ADD UNIQUE KEY `classrooms_name_unique` (`name`),
  ADD UNIQUE KEY `classrooms_room_number_unique` (`room_number`);

--
-- Indexes for table `course_offerings`
--
ALTER TABLE `course_offerings`
  ADD PRIMARY KEY (`id`),
  ADD UNIQUE KEY `unique_teacher_schedule_slot_period` (`teacher_id`,`schedule`,`time_slot`,`join_start`,`join_end`),
  ADD UNIQUE KEY `unique_classroom_schedule_slot_period` (`classroom_id`,`schedule`,`time_slot`,`join_start`,`join_end`),
  ADD KEY `course_offerings_subject_id_foreign` (`subject_id`),
  ADD KEY `idx_course_offerings_teacher_id` (`teacher_id`),
  ADD KEY `idx_course_offerings_created_at` (`created_at`);

--
-- Indexes for table `enrollments`
--
ALTER TABLE `enrollments`
  ADD PRIMARY KEY (`id`),
  ADD UNIQUE KEY `unique_student_course_enrollment` (`student_id`,`course_offering_id`),
  ADD KEY `idx_enrollments_student_id` (`student_id`),
  ADD KEY `idx_enrollments_course_offering_id` (`course_offering_id`),
  ADD KEY `idx_enrollments_student_course` (`student_id`,`course_offering_id`);

--
-- Indexes for table `exams`
--
ALTER TABLE `exams`
  ADD PRIMARY KEY (`id`),
  ADD UNIQUE KEY `unique_exam_type_per_course` (`course_offering_id`,`type`);

--
-- Indexes for table `expenses`
--
ALTER TABLE `expenses`
  ADD PRIMARY KEY (`id`),
  ADD KEY `expenses_expense_category_id_foreign` (`expense_category_id`),
  ADD KEY `expenses_approved_by_foreign` (`approved_by`),
  ADD KEY `expenses_created_by_foreign` (`created_by`);

--
-- Indexes for table `expense_categories`
--
ALTER TABLE `expense_categories`
  ADD PRIMARY KEY (`id`),
  ADD UNIQUE KEY `expense_categories_name_unique` (`name`);

--
-- Indexes for table `fees`
--
ALTER TABLE `fees`
  ADD PRIMARY KEY (`id`),
  ADD KEY `fees_created_by_foreign` (`created_by`),
  ADD KEY `fees_received_by_foreign` (`received_by`),
  ADD KEY `idx_fees_student_id` (`student_id`),
  ADD KEY `idx_fees_enrollment_id` (`enrollment_id`),
  ADD KEY `idx_fees_fee_type_id` (`fee_type_id`),
  ADD KEY `idx_fees_due_date` (`due_date`);

--
-- Indexes for table `fee_types`
--
ALTER TABLE `fee_types`
  ADD PRIMARY KEY (`id`),
  ADD UNIQUE KEY `fee_types_name_unique` (`name`);

--
-- Indexes for table `migrations`
--
ALTER TABLE `migrations`
  ADD PRIMARY KEY (`id`);

--
-- Indexes for table `model_has_permissions`
--
ALTER TABLE `model_has_permissions`
  ADD PRIMARY KEY (`permission_id`,`model_id`,`model_type`),
  ADD KEY `model_has_permissions_model_id_model_type_index` (`model_id`,`model_type`);

--
-- Indexes for table `model_has_roles`
--
ALTER TABLE `model_has_roles`
  ADD PRIMARY KEY (`role_id`,`model_id`,`model_type`),
  ADD KEY `model_has_roles_model_id_model_type_index` (`model_id`,`model_type`);

--
-- Indexes for table `notifications`
--
ALTER TABLE `notifications`
  ADD PRIMARY KEY (`id`),
  ADD KEY `notifications_notifiable_type_notifiable_id_index` (`notifiable_type`,`notifiable_id`);

--
-- Indexes for table `password_reset_tokens`
--
ALTER TABLE `password_reset_tokens`
  ADD PRIMARY KEY (`email`);

--
-- Indexes for table `permissions`
--
ALTER TABLE `permissions`
  ADD PRIMARY KEY (`id`),
  ADD UNIQUE KEY `permissions_name_guard_name_unique` (`name`,`guard_name`);

--
-- Indexes for table `personal_access_tokens`
--
ALTER TABLE `personal_access_tokens`
  ADD PRIMARY KEY (`id`),
  ADD UNIQUE KEY `personal_access_tokens_token_unique` (`token`),
  ADD KEY `personal_access_tokens_tokenable_type_tokenable_id_index` (`tokenable_type`,`tokenable_id`);

--
-- Indexes for table `roles`
--
ALTER TABLE `roles`
  ADD PRIMARY KEY (`id`),
  ADD UNIQUE KEY `roles_name_guard_name_unique` (`name`,`guard_name`);

--
-- Indexes for table `role_has_permissions`
--
ALTER TABLE `role_has_permissions`
  ADD PRIMARY KEY (`permission_id`,`role_id`),
  ADD KEY `role_has_permissions_role_id_foreign` (`role_id`);

--
-- Indexes for table `scores`
--
ALTER TABLE `scores`
  ADD PRIMARY KEY (`id`),
  ADD UNIQUE KEY `unique_student_exam_score` (`student_id`,`exam_id`),
  ADD KEY `scores_exam_id_foreign` (`exam_id`);

--
-- Indexes for table `sessions`
--
ALTER TABLE `sessions`
  ADD PRIMARY KEY (`id`),
  ADD KEY `sessions_user_id_index` (`user_id`),
  ADD KEY `sessions_last_activity_index` (`last_activity`);

--
-- Indexes for table `subjects`
--
ALTER TABLE `subjects`
  ADD PRIMARY KEY (`id`),
  ADD UNIQUE KEY `subjects_name_unique` (`name`),
  ADD UNIQUE KEY `subjects_code_unique` (`code`);

--
-- Indexes for table `users`
--
ALTER TABLE `users`
  ADD PRIMARY KEY (`id`),
  ADD UNIQUE KEY `users_email_unique` (`email`),
  ADD UNIQUE KEY `users_phone_unique` (`phone`),
  ADD KEY `idx_users_created_at` (`created_at`),
  ADD KEY `idx_users_email_name` (`email`,`name`),
  ADD KEY `idx_users_deleted_at` (`deleted_at`);

--
-- AUTO_INCREMENT for dumped tables
--

--
-- AUTO_INCREMENT for table `attendances`
--
ALTER TABLE `attendances`
  MODIFY `id` bigint UNSIGNED NOT NULL AUTO_INCREMENT, AUTO_INCREMENT=897;

--
-- AUTO_INCREMENT for table `classrooms`
--
ALTER TABLE `classrooms`
  MODIFY `id` bigint UNSIGNED NOT NULL AUTO_INCREMENT, AUTO_INCREMENT=6;

--
-- AUTO_INCREMENT for table `course_offerings`
--
ALTER TABLE `course_offerings`
  MODIFY `id` bigint UNSIGNED NOT NULL AUTO_INCREMENT, AUTO_INCREMENT=12;

--
-- AUTO_INCREMENT for table `enrollments`
--
ALTER TABLE `enrollments`
  MODIFY `id` bigint UNSIGNED NOT NULL AUTO_INCREMENT, AUTO_INCREMENT=52;

--
-- AUTO_INCREMENT for table `exams`
--
ALTER TABLE `exams`
  MODIFY `id` bigint UNSIGNED NOT NULL AUTO_INCREMENT, AUTO_INCREMENT=22;

--
-- AUTO_INCREMENT for table `expenses`
--
ALTER TABLE `expenses`
  MODIFY `id` bigint UNSIGNED NOT NULL AUTO_INCREMENT, AUTO_INCREMENT=260;

--
-- AUTO_INCREMENT for table `expense_categories`
--
ALTER TABLE `expense_categories`
  MODIFY `id` bigint UNSIGNED NOT NULL AUTO_INCREMENT, AUTO_INCREMENT=5;

--
-- AUTO_INCREMENT for table `fees`
--
ALTER TABLE `fees`
  MODIFY `id` bigint UNSIGNED NOT NULL AUTO_INCREMENT, AUTO_INCREMENT=111;

--
-- AUTO_INCREMENT for table `fee_types`
--
ALTER TABLE `fee_types`
  MODIFY `id` bigint UNSIGNED NOT NULL AUTO_INCREMENT, AUTO_INCREMENT=6;

--
-- AUTO_INCREMENT for table `migrations`
--
ALTER TABLE `migrations`
  MODIFY `id` int UNSIGNED NOT NULL AUTO_INCREMENT, AUTO_INCREMENT=9;

--
-- AUTO_INCREMENT for table `permissions`
--
ALTER TABLE `permissions`
  MODIFY `id` bigint UNSIGNED NOT NULL AUTO_INCREMENT, AUTO_INCREMENT=67;

--
-- AUTO_INCREMENT for table `personal_access_tokens`
--
ALTER TABLE `personal_access_tokens`
  MODIFY `id` bigint UNSIGNED NOT NULL AUTO_INCREMENT;

--
-- AUTO_INCREMENT for table `roles`
--
ALTER TABLE `roles`
  MODIFY `id` bigint UNSIGNED NOT NULL AUTO_INCREMENT, AUTO_INCREMENT=5;

--
-- AUTO_INCREMENT for table `scores`
--
ALTER TABLE `scores`
  MODIFY `id` bigint UNSIGNED NOT NULL AUTO_INCREMENT, AUTO_INCREMENT=100;

--
-- AUTO_INCREMENT for table `subjects`
--
ALTER TABLE `subjects`
  MODIFY `id` bigint UNSIGNED NOT NULL AUTO_INCREMENT, AUTO_INCREMENT=5;

--
-- AUTO_INCREMENT for table `users`
--
ALTER TABLE `users`
  MODIFY `id` bigint UNSIGNED NOT NULL AUTO_INCREMENT, AUTO_INCREMENT=59;

--
-- Constraints for dumped tables
--

--
-- Constraints for table `attendances`
--
ALTER TABLE `attendances`
  ADD CONSTRAINT `attendances_course_offering_id_foreign` FOREIGN KEY (`course_offering_id`) REFERENCES `course_offerings` (`id`),
  ADD CONSTRAINT `attendances_student_id_foreign` FOREIGN KEY (`student_id`) REFERENCES `users` (`id`) ON DELETE CASCADE;

--
-- Constraints for table `course_offerings`
--
ALTER TABLE `course_offerings`
  ADD CONSTRAINT `course_offerings_classroom_id_foreign` FOREIGN KEY (`classroom_id`) REFERENCES `classrooms` (`id`) ON DELETE SET NULL,
  ADD CONSTRAINT `course_offerings_subject_id_foreign` FOREIGN KEY (`subject_id`) REFERENCES `subjects` (`id`) ON DELETE CASCADE,
  ADD CONSTRAINT `course_offerings_teacher_id_foreign` FOREIGN KEY (`teacher_id`) REFERENCES `users` (`id`) ON DELETE SET NULL;

--
-- Constraints for table `enrollments`
--
ALTER TABLE `enrollments`
  ADD CONSTRAINT `enrollments_course_offering_id_foreign` FOREIGN KEY (`course_offering_id`) REFERENCES `course_offerings` (`id`) ON DELETE CASCADE,
  ADD CONSTRAINT `enrollments_student_id_foreign` FOREIGN KEY (`student_id`) REFERENCES `users` (`id`) ON DELETE CASCADE;

--
-- Constraints for table `exams`
--
ALTER TABLE `exams`
  ADD CONSTRAINT `exams_course_offering_id_foreign` FOREIGN KEY (`course_offering_id`) REFERENCES `course_offerings` (`id`) ON DELETE CASCADE;

--
-- Constraints for table `expenses`
--
ALTER TABLE `expenses`
  ADD CONSTRAINT `expenses_approved_by_foreign` FOREIGN KEY (`approved_by`) REFERENCES `users` (`id`) ON DELETE SET NULL,
  ADD CONSTRAINT `expenses_created_by_foreign` FOREIGN KEY (`created_by`) REFERENCES `users` (`id`) ON DELETE SET NULL,
  ADD CONSTRAINT `expenses_expense_category_id_foreign` FOREIGN KEY (`expense_category_id`) REFERENCES `expense_categories` (`id`) ON DELETE SET NULL;

--
-- Constraints for table `fees`
--
ALTER TABLE `fees`
  ADD CONSTRAINT `fees_created_by_foreign` FOREIGN KEY (`created_by`) REFERENCES `users` (`id`) ON DELETE SET NULL,
  ADD CONSTRAINT `fees_enrollment_id_foreign` FOREIGN KEY (`enrollment_id`) REFERENCES `enrollments` (`id`) ON DELETE CASCADE,
  ADD CONSTRAINT `fees_fee_type_id_foreign` FOREIGN KEY (`fee_type_id`) REFERENCES `fee_types` (`id`) ON DELETE CASCADE,
  ADD CONSTRAINT `fees_received_by_foreign` FOREIGN KEY (`received_by`) REFERENCES `users` (`id`) ON DELETE SET NULL,
  ADD CONSTRAINT `fees_student_id_foreign` FOREIGN KEY (`student_id`) REFERENCES `users` (`id`) ON DELETE CASCADE;

--
-- Constraints for table `model_has_permissions`
--
ALTER TABLE `model_has_permissions`
  ADD CONSTRAINT `model_has_permissions_permission_id_foreign` FOREIGN KEY (`permission_id`) REFERENCES `permissions` (`id`) ON DELETE CASCADE;

--
-- Constraints for table `model_has_roles`
--
ALTER TABLE `model_has_roles`
  ADD CONSTRAINT `model_has_roles_role_id_foreign` FOREIGN KEY (`role_id`) REFERENCES `roles` (`id`) ON DELETE CASCADE;

--
-- Constraints for table `role_has_permissions`
--
ALTER TABLE `role_has_permissions`
  ADD CONSTRAINT `role_has_permissions_permission_id_foreign` FOREIGN KEY (`permission_id`) REFERENCES `permissions` (`id`) ON DELETE CASCADE,
  ADD CONSTRAINT `role_has_permissions_role_id_foreign` FOREIGN KEY (`role_id`) REFERENCES `roles` (`id`) ON DELETE CASCADE;

--
-- Constraints for table `scores`
--
ALTER TABLE `scores`
  ADD CONSTRAINT `scores_exam_id_foreign` FOREIGN KEY (`exam_id`) REFERENCES `exams` (`id`) ON DELETE CASCADE,
  ADD CONSTRAINT `scores_student_id_foreign` FOREIGN KEY (`student_id`) REFERENCES `users` (`id`) ON DELETE CASCADE;
COMMIT;

/*!40101 SET CHARACTER_SET_CLIENT=@OLD_CHARACTER_SET_CLIENT */;
/*!40101 SET CHARACTER_SET_RESULTS=@OLD_CHARACTER_SET_RESULTS */;
/*!40101 SET COLLATION_CONNECTION=@OLD_COLLATION_CONNECTION */;
