-- phpMyAdmin SQL Dump
-- version 5.2.1deb3
-- https://www.phpmyadmin.net/
--
-- Host: localhost:3306
-- Generation Time: Nov 19, 2025 at 05:51 PM
-- Server version: 8.0.43-0ubuntu0.24.04.2
-- PHP Version: 8.3.6

SET SQL_MODE = "NO_AUTO_VALUE_ON_ZERO";
START TRANSACTION;
SET time_zone = "+00:00";


/*!40101 SET @OLD_CHARACTER_SET_CLIENT=@@CHARACTER_SET_CLIENT */;
/*!40101 SET @OLD_CHARACTER_SET_RESULTS=@@CHARACTER_SET_RESULTS */;
/*!40101 SET @OLD_COLLATION_CONNECTION=@@COLLATION_CONNECTION */;
/*!40101 SET NAMES utf8mb4 */;

--
-- Database: `scms`
--

-- --------------------------------------------------------

--
-- Table structure for table `attendances`
--

CREATE TABLE `attendances` (
  `id` bigint UNSIGNED NOT NULL,
  `student_id` bigint UNSIGNED NOT NULL,
  `classroom_id` bigint UNSIGNED DEFAULT NULL,
  `subject_id` bigint UNSIGNED DEFAULT NULL,
  `date` date NOT NULL,
  `status` enum('present','absent','late','excused') COLLATE utf8mb4_unicode_ci NOT NULL,
  `remarks` text COLLATE utf8mb4_unicode_ci,
  `created_at` timestamp NULL DEFAULT NULL,
  `updated_at` timestamp NULL DEFAULT NULL,
  `deleted_at` timestamp NULL DEFAULT NULL
) ENGINE=InnoDB DEFAULT CHARSET=utf8mb4 COLLATE=utf8mb4_unicode_ci;

-- --------------------------------------------------------

--
-- Table structure for table `cache`
--

CREATE TABLE `cache` (
  `key` varchar(255) COLLATE utf8mb4_unicode_ci NOT NULL,
  `value` mediumtext COLLATE utf8mb4_unicode_ci NOT NULL,
  `expiration` int NOT NULL
) ENGINE=InnoDB DEFAULT CHARSET=utf8mb4 COLLATE=utf8mb4_unicode_ci;

-- --------------------------------------------------------

--
-- Table structure for table `cache_locks`
--

CREATE TABLE `cache_locks` (
  `key` varchar(255) COLLATE utf8mb4_unicode_ci NOT NULL,
  `owner` varchar(255) COLLATE utf8mb4_unicode_ci NOT NULL,
  `expiration` int NOT NULL
) ENGINE=InnoDB DEFAULT CHARSET=utf8mb4 COLLATE=utf8mb4_unicode_ci;

-- --------------------------------------------------------

--
-- Table structure for table `classrooms`
--

CREATE TABLE `classrooms` (
  `id` bigint UNSIGNED NOT NULL,
  `name` varchar(255) COLLATE utf8mb4_unicode_ci NOT NULL,
  `room_number` varchar(255) COLLATE utf8mb4_unicode_ci NOT NULL,
  `capacity` int NOT NULL,
  `created_at` timestamp NULL DEFAULT NULL,
  `updated_at` timestamp NULL DEFAULT NULL,
  `deleted_at` timestamp NULL DEFAULT NULL
) ENGINE=InnoDB DEFAULT CHARSET=utf8mb4 COLLATE=utf8mb4_unicode_ci;

--
-- Dumping data for table `classrooms`
--

INSERT INTO `classrooms` (`id`, `name`, `room_number`, `capacity`, `created_at`, `updated_at`, `deleted_at`) VALUES
(1, 'Classroom A', 'A-101', 30, '2025-11-19 09:53:15', '2025-11-19 09:53:15', NULL),
(2, 'Classroom A', 'A-102', 30, '2025-11-19 09:53:15', '2025-11-19 09:53:15', NULL),
(3, 'Classroom A', 'A-103', 30, '2025-11-19 09:53:15', '2025-11-19 09:53:15', NULL),
(4, 'Classroom A', 'A-104', 30, '2025-11-19 09:53:15', '2025-11-19 09:53:15', NULL),
(5, 'Classroom A', 'A-105', 30, '2025-11-19 09:53:15', '2025-11-19 09:53:15', NULL),
(6, 'Classroom B', 'B-101', 30, '2025-11-19 09:53:15', '2025-11-19 09:53:15', NULL),
(7, 'Classroom B', 'B-102', 30, '2025-11-19 09:53:15', '2025-11-19 09:53:15', NULL),
(8, 'Classroom B', 'B-103', 30, '2025-11-19 09:53:15', '2025-11-19 09:53:15', NULL),
(9, 'Classroom B', 'B-104', 30, '2025-11-19 09:53:15', '2025-11-19 09:53:15', NULL),
(10, 'Classroom B', 'B-105', 30, '2025-11-19 09:53:15', '2025-11-19 09:53:15', NULL),
(11, 'Classroom C', 'C-101', 30, '2025-11-19 09:53:15', '2025-11-19 09:53:15', NULL),
(12, 'Classroom C', 'C-102', 30, '2025-11-19 09:53:15', '2025-11-19 09:53:15', NULL),
(13, 'Classroom C', 'C-103', 30, '2025-11-19 09:53:15', '2025-11-19 09:53:15', NULL),
(14, 'Classroom C', 'C-104', 30, '2025-11-19 09:53:15', '2025-11-19 09:53:15', NULL),
(15, 'Classroom C', 'C-105', 30, '2025-11-19 09:53:15', '2025-11-19 09:53:15', NULL);

-- --------------------------------------------------------

--
-- Table structure for table `course_offerings`
--

CREATE TABLE `course_offerings` (
  `id` bigint UNSIGNED NOT NULL,
  `subject_id` bigint UNSIGNED NOT NULL,
  `teacher_id` bigint UNSIGNED DEFAULT NULL,
  `classroom_id` bigint UNSIGNED DEFAULT NULL,
  `time_slot` enum('morning','afternoon','evening') COLLATE utf8mb4_unicode_ci NOT NULL DEFAULT 'morning',
  `start_time` time DEFAULT NULL,
  `end_time` time DEFAULT NULL,
  `join_start` date DEFAULT NULL,
  `join_end` date DEFAULT NULL,
  `fee` decimal(10,2) NOT NULL DEFAULT '0.00',
  `capacity` int DEFAULT NULL,
  `created_at` timestamp NULL DEFAULT NULL,
  `updated_at` timestamp NULL DEFAULT NULL,
  `deleted_at` timestamp NULL DEFAULT NULL
) ENGINE=InnoDB DEFAULT CHARSET=utf8mb4 COLLATE=utf8mb4_unicode_ci;

--
-- Dumping data for table `course_offerings`
--

INSERT INTO `course_offerings` (`id`, `subject_id`, `teacher_id`, `classroom_id`, `time_slot`, `start_time`, `end_time`, `join_start`, `join_end`, `fee`, `capacity`, `created_at`, `updated_at`, `deleted_at`) VALUES
(1, 3, 44, 7, 'morning', '01:09:00', '09:20:00', '1995-04-27', '2005-05-07', 68.00, 53, '2025-11-19 09:57:32', '2025-11-19 09:57:32', NULL);

-- --------------------------------------------------------

--
-- Table structure for table `departments`
--

CREATE TABLE `departments` (
  `id` bigint UNSIGNED NOT NULL,
  `name` varchar(255) COLLATE utf8mb4_unicode_ci NOT NULL,
  `description` text COLLATE utf8mb4_unicode_ci,
  `created_at` timestamp NULL DEFAULT NULL,
  `updated_at` timestamp NULL DEFAULT NULL,
  `deleted_at` timestamp NULL DEFAULT NULL
) ENGINE=InnoDB DEFAULT CHARSET=utf8mb4 COLLATE=utf8mb4_unicode_ci;

--
-- Dumping data for table `departments`
--

INSERT INTO `departments` (`id`, `name`, `description`, `created_at`, `updated_at`, `deleted_at`) VALUES
(1, 'Administration', 'Oversees the daily operations and management of the school.', '2025-11-19 09:52:53', '2025-11-19 09:52:53', NULL),
(2, 'Human Resources', 'Manages all personnel-related functions.', '2025-11-19 09:52:53', '2025-11-19 09:54:55', '2025-11-19 09:54:55'),
(3, 'Finance', 'Responsible for the school\'s budget and accounting.', '2025-11-19 09:52:53', '2025-11-19 09:52:53', NULL),
(4, 'Maintenance', 'Handles upkeep and repair of facilities.', '2025-11-19 09:52:53', '2025-11-19 09:55:00', '2025-11-19 09:55:00'),
(5, 'Student Services', 'Supports student well-being, counseling, extracurriculars.', '2025-11-19 09:52:53', '2025-11-19 09:52:53', NULL);

-- --------------------------------------------------------

--
-- Table structure for table `exams`
--

CREATE TABLE `exams` (
  `id` bigint UNSIGNED NOT NULL,
  `name` varchar(255) COLLATE utf8mb4_unicode_ci NOT NULL,
  `description` text COLLATE utf8mb4_unicode_ci,
  `course_offering_id` bigint UNSIGNED NOT NULL,
  `date` date NOT NULL,
  `total_marks` int NOT NULL,
  `passing_marks` int NOT NULL,
  `created_at` timestamp NULL DEFAULT NULL,
  `updated_at` timestamp NULL DEFAULT NULL,
  `deleted_at` timestamp NULL DEFAULT NULL
) ENGINE=InnoDB DEFAULT CHARSET=utf8mb4 COLLATE=utf8mb4_unicode_ci;

--
-- Dumping data for table `exams`
--

INSERT INTO `exams` (`id`, `name`, `description`, `course_offering_id`, `date`, `total_marks`, `passing_marks`, `created_at`, `updated_at`, `deleted_at`) VALUES
(1, 'John Odom', 'Aut ducimus magna q', 1, '2008-12-05', 39, 24, '2025-11-19 10:06:01', '2025-11-19 10:06:01', NULL),
(2, 'Orlando Hoover', 'Vel aut animi qui v', 1, '1973-12-01', 71, 17, '2025-11-19 10:06:08', '2025-11-19 10:06:08', NULL);

-- --------------------------------------------------------

--
-- Table structure for table `expenses`
--

CREATE TABLE `expenses` (
  `id` bigint UNSIGNED NOT NULL,
  `title` varchar(255) COLLATE utf8mb4_unicode_ci NOT NULL,
  `description` text COLLATE utf8mb4_unicode_ci NOT NULL,
  `amount` decimal(10,2) NOT NULL,
  `date` date NOT NULL,
  `expense_category_id` bigint UNSIGNED DEFAULT NULL,
  `approved_by` bigint UNSIGNED DEFAULT NULL,
  `created_at` timestamp NULL DEFAULT NULL,
  `updated_at` timestamp NULL DEFAULT NULL,
  `deleted_at` timestamp NULL DEFAULT NULL
) ENGINE=InnoDB DEFAULT CHARSET=utf8mb4 COLLATE=utf8mb4_unicode_ci;

--
-- Dumping data for table `expenses`
--

INSERT INTO `expenses` (`id`, `title`, `description`, `amount`, `date`, `expense_category_id`, `approved_by`, `created_at`, `updated_at`, `deleted_at`) VALUES
(1, 'Expense 0', 'Description for expense 0', 112.00, '2025-11-05', 1, 65, '2025-11-19 09:53:15', '2025-11-19 09:53:15', NULL),
(2, 'Expense 1', 'Description for expense 1', 399.00, '2025-10-29', 4, 52, '2025-11-19 09:53:15', '2025-11-19 09:53:15', NULL),
(3, 'Expense 2', 'Description for expense 2', 153.00, '2025-11-09', 4, 54, '2025-11-19 09:53:15', '2025-11-19 09:53:15', NULL),
(4, 'Expense 3', 'Description for expense 3', 492.00, '2025-10-25', 4, 59, '2025-11-19 09:53:15', '2025-11-19 09:53:15', NULL),
(5, 'Expense 4', 'Description for expense 4', 301.00, '2025-11-08', 4, 5, '2025-11-19 09:53:15', '2025-11-19 09:53:15', NULL),
(6, 'Expense 5', 'Description for expense 5', 265.00, '2025-10-20', 2, 53, '2025-11-19 09:53:15', '2025-11-19 09:53:15', NULL),
(7, 'Expense 6', 'Description for expense 6', 121.00, '2025-11-08', 1, 99, '2025-11-19 09:53:15', '2025-11-19 09:53:15', NULL),
(8, 'Expense 7', 'Description for expense 7', 499.00, '2025-10-27', 4, 97, '2025-11-19 09:53:15', '2025-11-19 09:53:15', NULL),
(9, 'Expense 8', 'Description for expense 8', 306.00, '2025-11-01', 1, 26, '2025-11-19 09:53:15', '2025-11-19 09:53:15', NULL),
(10, 'Expense 9', 'Description for expense 9', 325.00, '2025-10-20', 2, 65, '2025-11-19 09:53:15', '2025-11-19 09:53:15', NULL),
(11, 'Expense 10', 'Description for expense 10', 286.00, '2025-10-21', 2, 91, '2025-11-19 09:53:15', '2025-11-19 09:53:15', NULL),
(12, 'Expense 11', 'Description for expense 11', 236.00, '2025-10-28', 1, 53, '2025-11-19 09:53:15', '2025-11-19 09:53:15', NULL),
(13, 'Expense 12', 'Description for expense 12', 285.00, '2025-10-22', 1, 2, '2025-11-19 09:53:15', '2025-11-19 09:53:15', NULL),
(14, 'Expense 13', 'Description for expense 13', 71.00, '2025-11-19', 3, 11, '2025-11-19 09:53:15', '2025-11-19 09:53:15', NULL),
(15, 'Expense 14', 'Description for expense 14', 70.00, '2025-11-01', 4, 20, '2025-11-19 09:53:15', '2025-11-19 09:53:15', NULL),
(16, 'Expense 15', 'Description for expense 15', 173.00, '2025-11-07', 2, 57, '2025-11-19 09:53:15', '2025-11-19 09:53:15', NULL),
(17, 'Expense 16', 'Description for expense 16', 76.00, '2025-11-10', 2, 63, '2025-11-19 09:53:15', '2025-11-19 09:53:15', NULL),
(18, 'Expense 17', 'Description for expense 17', 197.00, '2025-10-20', 4, 89, '2025-11-19 09:53:15', '2025-11-19 09:53:15', NULL),
(19, 'Expense 18', 'Description for expense 18', 60.00, '2025-10-31', 3, 41, '2025-11-19 09:53:15', '2025-11-19 09:53:15', NULL),
(20, 'Expense 19', 'Description for expense 19', 436.00, '2025-11-04', 4, 90, '2025-11-19 09:53:15', '2025-11-19 09:53:15', NULL);

-- --------------------------------------------------------

--
-- Table structure for table `expense_categories`
--

CREATE TABLE `expense_categories` (
  `id` bigint UNSIGNED NOT NULL,
  `name` varchar(255) COLLATE utf8mb4_unicode_ci NOT NULL,
  `description` text COLLATE utf8mb4_unicode_ci,
  `created_at` timestamp NULL DEFAULT NULL,
  `updated_at` timestamp NULL DEFAULT NULL,
  `deleted_at` timestamp NULL DEFAULT NULL
) ENGINE=InnoDB DEFAULT CHARSET=utf8mb4 COLLATE=utf8mb4_unicode_ci;

--
-- Dumping data for table `expense_categories`
--

INSERT INTO `expense_categories` (`id`, `name`, `description`, `created_at`, `updated_at`, `deleted_at`) VALUES
(1, 'Maintenance', 'Maintenance expenses', '2025-11-19 09:53:15', '2025-11-19 09:53:15', NULL),
(2, 'Utilities', 'Utilities expenses', '2025-11-19 09:53:15', '2025-11-19 09:53:15', NULL),
(3, 'Events', 'Events expenses', '2025-11-19 09:53:15', '2025-11-19 09:53:15', NULL),
(4, 'Supplies', 'Supplies expenses', '2025-11-19 09:53:15', '2025-11-19 09:53:15', NULL);

-- --------------------------------------------------------

--
-- Table structure for table `fees`
--

CREATE TABLE `fees` (
  `id` bigint UNSIGNED NOT NULL,
  `student_id` bigint UNSIGNED NOT NULL,
  `fee_type_id` bigint UNSIGNED NOT NULL,
  `amount` decimal(10,2) NOT NULL,
  `due_date` date DEFAULT NULL,
  `status` enum('unpaid','partially_paid','paid') COLLATE utf8mb4_unicode_ci NOT NULL DEFAULT 'unpaid',
  `remarks` text COLLATE utf8mb4_unicode_ci,
  `created_at` timestamp NULL DEFAULT NULL,
  `updated_at` timestamp NULL DEFAULT NULL,
  `deleted_at` timestamp NULL DEFAULT NULL
) ENGINE=InnoDB DEFAULT CHARSET=utf8mb4 COLLATE=utf8mb4_unicode_ci;

--
-- Dumping data for table `fees`
--

INSERT INTO `fees` (`id`, `student_id`, `fee_type_id`, `amount`, `due_date`, `status`, `remarks`, `created_at`, `updated_at`, `deleted_at`) VALUES
(1, 7, 3, 686.00, '2025-12-19', 'unpaid', NULL, '2025-11-19 09:53:15', '2025-11-19 09:53:15', NULL),
(2, 7, 2, 661.00, '2025-12-19', 'unpaid', NULL, '2025-11-19 09:53:15', '2025-11-19 09:53:15', NULL),
(3, 7, 4, 277.00, '2025-12-19', 'unpaid', NULL, '2025-11-19 09:53:15', '2025-11-19 09:53:15', NULL),
(4, 7, 1, 495.00, '2025-12-19', 'unpaid', NULL, '2025-11-19 09:53:15', '2025-11-19 09:53:15', NULL),
(5, 8, 3, 682.00, '2025-12-19', 'unpaid', NULL, '2025-11-19 09:53:15', '2025-11-19 09:53:15', NULL),
(6, 8, 2, 556.00, '2025-12-19', 'unpaid', NULL, '2025-11-19 09:53:15', '2025-11-19 09:53:15', NULL),
(7, 8, 4, 425.00, '2025-12-19', 'unpaid', NULL, '2025-11-19 09:53:15', '2025-11-19 09:53:15', NULL),
(8, 8, 1, 755.00, '2025-12-19', 'unpaid', NULL, '2025-11-19 09:53:15', '2025-11-19 09:53:15', NULL),
(9, 9, 3, 508.00, '2025-12-19', 'unpaid', NULL, '2025-11-19 09:53:15', '2025-11-19 09:53:15', NULL),
(10, 9, 2, 936.00, '2025-12-19', 'unpaid', NULL, '2025-11-19 09:53:15', '2025-11-19 09:53:15', NULL),
(11, 9, 4, 574.00, '2025-12-19', 'unpaid', NULL, '2025-11-19 09:53:15', '2025-11-19 09:53:15', NULL),
(12, 9, 1, 521.00, '2025-12-19', 'unpaid', NULL, '2025-11-19 09:53:15', '2025-11-19 09:53:15', NULL),
(13, 10, 3, 256.00, '2025-12-19', 'unpaid', NULL, '2025-11-19 09:53:15', '2025-11-19 09:53:15', NULL),
(14, 10, 2, 899.00, '2025-12-19', 'unpaid', NULL, '2025-11-19 09:53:15', '2025-11-19 09:53:15', NULL),
(15, 10, 4, 182.00, '2025-12-19', 'unpaid', NULL, '2025-11-19 09:53:15', '2025-11-19 09:53:15', NULL),
(16, 10, 1, 311.00, '2025-12-19', 'unpaid', NULL, '2025-11-19 09:53:15', '2025-11-19 09:53:15', NULL),
(17, 11, 3, 728.00, '2025-12-19', 'unpaid', NULL, '2025-11-19 09:53:15', '2025-11-19 09:53:15', NULL),
(18, 11, 2, 488.00, '2025-12-19', 'unpaid', NULL, '2025-11-19 09:53:15', '2025-11-19 09:53:15', NULL),
(19, 11, 4, 652.00, '2025-12-19', 'unpaid', NULL, '2025-11-19 09:53:15', '2025-11-19 09:53:15', NULL),
(20, 11, 1, 607.00, '2025-12-19', 'unpaid', NULL, '2025-11-19 09:53:15', '2025-11-19 09:53:15', NULL),
(21, 12, 3, 867.00, '2025-12-19', 'unpaid', NULL, '2025-11-19 09:53:15', '2025-11-19 09:53:15', NULL),
(22, 12, 2, 119.00, '2025-12-19', 'unpaid', NULL, '2025-11-19 09:53:15', '2025-11-19 09:53:15', NULL),
(23, 12, 4, 824.00, '2025-12-19', 'unpaid', NULL, '2025-11-19 09:53:15', '2025-11-19 09:53:15', NULL),
(24, 12, 1, 157.00, '2025-12-19', 'unpaid', NULL, '2025-11-19 09:53:15', '2025-11-19 09:53:15', NULL),
(25, 13, 3, 161.00, '2025-12-19', 'unpaid', NULL, '2025-11-19 09:53:15', '2025-11-19 09:53:15', NULL),
(26, 13, 2, 447.00, '2025-12-19', 'unpaid', NULL, '2025-11-19 09:53:15', '2025-11-19 09:53:15', NULL),
(27, 13, 4, 507.00, '2025-12-19', 'unpaid', NULL, '2025-11-19 09:53:15', '2025-11-19 09:53:15', NULL),
(28, 13, 1, 609.00, '2025-12-19', 'unpaid', NULL, '2025-11-19 09:53:15', '2025-11-19 09:53:15', NULL),
(29, 14, 3, 674.00, '2025-12-19', 'unpaid', NULL, '2025-11-19 09:53:15', '2025-11-19 09:53:15', NULL),
(30, 14, 2, 371.00, '2025-12-19', 'unpaid', NULL, '2025-11-19 09:53:15', '2025-11-19 09:53:15', NULL),
(31, 14, 4, 531.00, '2025-12-19', 'unpaid', NULL, '2025-11-19 09:53:15', '2025-11-19 09:53:15', NULL),
(32, 14, 1, 606.00, '2025-12-19', 'unpaid', NULL, '2025-11-19 09:53:15', '2025-11-19 09:53:15', NULL),
(33, 15, 3, 465.00, '2025-12-19', 'unpaid', NULL, '2025-11-19 09:53:15', '2025-11-19 09:53:15', NULL),
(34, 15, 2, 644.00, '2025-12-19', 'unpaid', NULL, '2025-11-19 09:53:15', '2025-11-19 09:53:15', NULL),
(35, 15, 4, 953.00, '2025-12-19', 'unpaid', NULL, '2025-11-19 09:53:15', '2025-11-19 09:53:15', NULL),
(36, 15, 1, 514.00, '2025-12-19', 'unpaid', NULL, '2025-11-19 09:53:15', '2025-11-19 09:53:15', NULL),
(37, 16, 3, 142.00, '2025-12-19', 'unpaid', NULL, '2025-11-19 09:53:15', '2025-11-19 09:53:15', NULL),
(38, 16, 2, 751.00, '2025-12-19', 'unpaid', NULL, '2025-11-19 09:53:15', '2025-11-19 09:53:15', NULL),
(39, 16, 4, 654.00, '2025-12-19', 'unpaid', NULL, '2025-11-19 09:53:15', '2025-11-19 09:53:15', NULL),
(40, 16, 1, 631.00, '2025-12-19', 'unpaid', NULL, '2025-11-19 09:53:15', '2025-11-19 09:53:15', NULL),
(41, 17, 3, 939.00, '2025-12-19', 'unpaid', NULL, '2025-11-19 09:53:15', '2025-11-19 09:53:15', NULL),
(42, 17, 2, 199.00, '2025-12-19', 'unpaid', NULL, '2025-11-19 09:53:15', '2025-11-19 09:53:15', NULL),
(43, 17, 4, 759.00, '2025-12-19', 'unpaid', NULL, '2025-11-19 09:53:15', '2025-11-19 09:53:15', NULL),
(44, 17, 1, 755.00, '2025-12-19', 'unpaid', NULL, '2025-11-19 09:53:15', '2025-11-19 09:53:15', NULL),
(45, 18, 3, 202.00, '2025-12-19', 'unpaid', NULL, '2025-11-19 09:53:15', '2025-11-19 09:53:15', NULL),
(46, 18, 2, 985.00, '2025-12-19', 'unpaid', NULL, '2025-11-19 09:53:15', '2025-11-19 09:53:15', NULL),
(47, 18, 4, 149.00, '2025-12-19', 'unpaid', NULL, '2025-11-19 09:53:15', '2025-11-19 09:53:15', NULL),
(48, 18, 1, 538.00, '2025-12-19', 'unpaid', NULL, '2025-11-19 09:53:15', '2025-11-19 09:53:15', NULL),
(49, 19, 3, 810.00, '2025-12-19', 'unpaid', NULL, '2025-11-19 09:53:15', '2025-11-19 09:53:15', NULL),
(50, 19, 2, 308.00, '2025-12-19', 'unpaid', NULL, '2025-11-19 09:53:15', '2025-11-19 09:53:15', NULL),
(51, 19, 4, 214.00, '2025-12-19', 'unpaid', NULL, '2025-11-19 09:53:15', '2025-11-19 09:53:15', NULL),
(52, 19, 1, 399.00, '2025-12-19', 'unpaid', NULL, '2025-11-19 09:53:15', '2025-11-19 09:53:15', NULL),
(53, 20, 3, 683.00, '2025-12-19', 'unpaid', NULL, '2025-11-19 09:53:15', '2025-11-19 09:53:15', NULL),
(54, 20, 2, 617.00, '2025-12-19', 'unpaid', NULL, '2025-11-19 09:53:15', '2025-11-19 09:53:15', NULL),
(55, 20, 4, 344.00, '2025-12-19', 'unpaid', NULL, '2025-11-19 09:53:15', '2025-11-19 09:53:15', NULL),
(56, 20, 1, 377.00, '2025-12-19', 'unpaid', NULL, '2025-11-19 09:53:15', '2025-11-19 09:53:15', NULL),
(57, 21, 3, 440.00, '2025-12-19', 'unpaid', NULL, '2025-11-19 09:53:15', '2025-11-19 09:53:15', NULL),
(58, 21, 2, 369.00, '2025-12-19', 'unpaid', NULL, '2025-11-19 09:53:15', '2025-11-19 09:53:15', NULL),
(59, 21, 4, 324.00, '2025-12-19', 'unpaid', NULL, '2025-11-19 09:53:15', '2025-11-19 09:53:15', NULL),
(60, 21, 1, 480.00, '2025-12-19', 'unpaid', NULL, '2025-11-19 09:53:15', '2025-11-19 09:53:15', NULL),
(61, 22, 3, 740.00, '2025-12-19', 'unpaid', NULL, '2025-11-19 09:53:15', '2025-11-19 09:53:15', NULL),
(62, 22, 2, 280.00, '2025-12-19', 'unpaid', NULL, '2025-11-19 09:53:15', '2025-11-19 09:53:15', NULL),
(63, 22, 4, 140.00, '2025-12-19', 'unpaid', NULL, '2025-11-19 09:53:15', '2025-11-19 09:53:15', NULL),
(64, 22, 1, 755.00, '2025-12-19', 'unpaid', NULL, '2025-11-19 09:53:15', '2025-11-19 09:53:15', NULL),
(65, 23, 3, 373.00, '2025-12-19', 'unpaid', NULL, '2025-11-19 09:53:15', '2025-11-19 09:53:15', NULL),
(66, 23, 2, 667.00, '2025-12-19', 'unpaid', NULL, '2025-11-19 09:53:15', '2025-11-19 09:53:15', NULL),
(67, 23, 4, 628.00, '2025-12-19', 'unpaid', NULL, '2025-11-19 09:53:15', '2025-11-19 09:53:15', NULL),
(68, 23, 1, 353.00, '2025-12-19', 'unpaid', NULL, '2025-11-19 09:53:15', '2025-11-19 09:53:15', NULL),
(69, 24, 3, 579.00, '2025-12-19', 'unpaid', NULL, '2025-11-19 09:53:15', '2025-11-19 09:53:15', NULL),
(70, 24, 2, 735.00, '2025-12-19', 'unpaid', NULL, '2025-11-19 09:53:15', '2025-11-19 09:53:15', NULL),
(71, 24, 4, 256.00, '2025-12-19', 'unpaid', NULL, '2025-11-19 09:53:15', '2025-11-19 09:53:15', NULL),
(72, 24, 1, 568.00, '2025-12-19', 'unpaid', NULL, '2025-11-19 09:53:15', '2025-11-19 09:53:15', NULL),
(73, 25, 3, 190.00, '2025-12-19', 'unpaid', NULL, '2025-11-19 09:53:15', '2025-11-19 09:53:15', NULL),
(74, 25, 2, 155.00, '2025-12-19', 'unpaid', NULL, '2025-11-19 09:53:15', '2025-11-19 09:53:15', NULL),
(75, 25, 4, 154.00, '2025-12-19', 'unpaid', NULL, '2025-11-19 09:53:15', '2025-11-19 09:53:15', NULL),
(76, 25, 1, 732.00, '2025-12-19', 'unpaid', NULL, '2025-11-19 09:53:15', '2025-11-19 09:53:15', NULL),
(77, 26, 3, 951.00, '2025-12-19', 'unpaid', NULL, '2025-11-19 09:53:15', '2025-11-19 09:53:15', NULL),
(78, 26, 2, 259.00, '2025-12-19', 'unpaid', NULL, '2025-11-19 09:53:15', '2025-11-19 09:53:15', NULL),
(79, 26, 4, 699.00, '2025-12-19', 'unpaid', NULL, '2025-11-19 09:53:15', '2025-11-19 09:53:15', NULL),
(80, 26, 1, 553.00, '2025-12-19', 'unpaid', NULL, '2025-11-19 09:53:15', '2025-11-19 09:53:15', NULL),
(81, 27, 3, 311.00, '2025-12-19', 'unpaid', NULL, '2025-11-19 09:53:15', '2025-11-19 09:53:15', NULL),
(82, 27, 2, 352.00, '2025-12-19', 'unpaid', NULL, '2025-11-19 09:53:15', '2025-11-19 09:53:15', NULL),
(83, 27, 4, 265.00, '2025-12-19', 'unpaid', NULL, '2025-11-19 09:53:15', '2025-11-19 09:53:15', NULL),
(84, 27, 1, 851.00, '2025-12-19', 'unpaid', NULL, '2025-11-19 09:53:15', '2025-11-19 09:53:15', NULL),
(85, 28, 3, 862.00, '2025-12-19', 'unpaid', NULL, '2025-11-19 09:53:15', '2025-11-19 09:53:15', NULL),
(86, 28, 2, 423.00, '2025-12-19', 'unpaid', NULL, '2025-11-19 09:53:15', '2025-11-19 09:53:15', NULL),
(87, 28, 4, 249.00, '2025-12-19', 'unpaid', NULL, '2025-11-19 09:53:15', '2025-11-19 09:53:15', NULL),
(88, 28, 1, 911.00, '2025-12-19', 'unpaid', NULL, '2025-11-19 09:53:15', '2025-11-19 09:53:15', NULL),
(89, 29, 3, 632.00, '2025-12-19', 'unpaid', NULL, '2025-11-19 09:53:15', '2025-11-19 09:53:15', NULL),
(90, 29, 2, 978.00, '2025-12-19', 'unpaid', NULL, '2025-11-19 09:53:15', '2025-11-19 09:53:15', NULL),
(91, 29, 4, 345.00, '2025-12-19', 'unpaid', NULL, '2025-11-19 09:53:15', '2025-11-19 09:53:15', NULL),
(92, 29, 1, 914.00, '2025-12-19', 'unpaid', NULL, '2025-11-19 09:53:15', '2025-11-19 09:53:15', NULL),
(93, 30, 3, 672.00, '2025-12-19', 'unpaid', NULL, '2025-11-19 09:53:15', '2025-11-19 09:53:15', NULL),
(94, 30, 2, 494.00, '2025-12-19', 'unpaid', NULL, '2025-11-19 09:53:15', '2025-11-19 09:53:15', NULL),
(95, 30, 4, 345.00, '2025-12-19', 'unpaid', NULL, '2025-11-19 09:53:15', '2025-11-19 09:53:15', NULL),
(96, 30, 1, 708.00, '2025-12-19', 'unpaid', NULL, '2025-11-19 09:53:15', '2025-11-19 09:53:15', NULL),
(97, 31, 3, 762.00, '2025-12-19', 'unpaid', NULL, '2025-11-19 09:53:15', '2025-11-19 09:53:15', NULL),
(98, 31, 2, 787.00, '2025-12-19', 'unpaid', NULL, '2025-11-19 09:53:15', '2025-11-19 09:53:15', NULL),
(99, 31, 4, 943.00, '2025-12-19', 'unpaid', NULL, '2025-11-19 09:53:15', '2025-11-19 09:53:15', NULL),
(100, 31, 1, 946.00, '2025-12-19', 'unpaid', NULL, '2025-11-19 09:53:15', '2025-11-19 09:53:15', NULL),
(101, 32, 3, 298.00, '2025-12-19', 'unpaid', NULL, '2025-11-19 09:53:15', '2025-11-19 09:53:15', NULL),
(102, 32, 2, 315.00, '2025-12-19', 'unpaid', NULL, '2025-11-19 09:53:15', '2025-11-19 09:53:15', NULL),
(103, 32, 4, 705.00, '2025-12-19', 'unpaid', NULL, '2025-11-19 09:53:15', '2025-11-19 09:53:15', NULL),
(104, 32, 1, 901.00, '2025-12-19', 'unpaid', NULL, '2025-11-19 09:53:15', '2025-11-19 09:53:15', NULL),
(105, 33, 3, 415.00, '2025-12-19', 'unpaid', NULL, '2025-11-19 09:53:15', '2025-11-19 09:53:15', NULL),
(106, 33, 2, 347.00, '2025-12-19', 'unpaid', NULL, '2025-11-19 09:53:15', '2025-11-19 09:53:15', NULL),
(107, 33, 4, 333.00, '2025-12-19', 'unpaid', NULL, '2025-11-19 09:53:15', '2025-11-19 09:53:15', NULL),
(108, 33, 1, 416.00, '2025-12-19', 'unpaid', NULL, '2025-11-19 09:53:15', '2025-11-19 09:53:15', NULL),
(109, 34, 3, 543.00, '2025-12-19', 'unpaid', NULL, '2025-11-19 09:53:15', '2025-11-19 09:53:15', NULL),
(110, 34, 2, 803.00, '2025-12-19', 'unpaid', NULL, '2025-11-19 09:53:15', '2025-11-19 09:53:15', NULL),
(111, 34, 4, 582.00, '2025-12-19', 'unpaid', NULL, '2025-11-19 09:53:15', '2025-11-19 09:53:15', NULL),
(112, 34, 1, 461.00, '2025-12-19', 'unpaid', NULL, '2025-11-19 09:53:15', '2025-11-19 09:53:15', NULL),
(113, 35, 3, 765.00, '2025-12-19', 'unpaid', NULL, '2025-11-19 09:53:15', '2025-11-19 09:53:15', NULL),
(114, 35, 2, 799.00, '2025-12-19', 'unpaid', NULL, '2025-11-19 09:53:15', '2025-11-19 09:53:15', NULL),
(115, 35, 4, 988.00, '2025-12-19', 'unpaid', NULL, '2025-11-19 09:53:15', '2025-11-19 09:53:15', NULL),
(116, 35, 1, 816.00, '2025-12-19', 'unpaid', NULL, '2025-11-19 09:53:15', '2025-11-19 09:53:15', NULL),
(117, 36, 3, 687.00, '2025-12-19', 'unpaid', NULL, '2025-11-19 09:53:15', '2025-11-19 09:53:15', NULL),
(118, 36, 2, 226.00, '2025-12-19', 'unpaid', NULL, '2025-11-19 09:53:15', '2025-11-19 09:53:15', NULL),
(119, 36, 4, 947.00, '2025-12-19', 'unpaid', NULL, '2025-11-19 09:53:15', '2025-11-19 09:53:15', NULL),
(120, 36, 1, 487.00, '2025-12-19', 'unpaid', NULL, '2025-11-19 09:53:15', '2025-11-19 09:53:15', NULL),
(121, 37, 3, 685.00, '2025-12-19', 'unpaid', NULL, '2025-11-19 09:53:15', '2025-11-19 09:53:15', NULL),
(122, 37, 2, 310.00, '2025-12-19', 'unpaid', NULL, '2025-11-19 09:53:15', '2025-11-19 09:53:15', NULL),
(123, 37, 4, 784.00, '2025-12-19', 'unpaid', NULL, '2025-11-19 09:53:15', '2025-11-19 09:53:15', NULL),
(124, 37, 1, 511.00, '2025-12-19', 'unpaid', NULL, '2025-11-19 09:53:15', '2025-11-19 09:53:15', NULL),
(125, 38, 3, 282.00, '2025-12-19', 'unpaid', NULL, '2025-11-19 09:53:15', '2025-11-19 09:53:15', NULL),
(126, 38, 2, 446.00, '2025-12-19', 'unpaid', NULL, '2025-11-19 09:53:15', '2025-11-19 09:53:15', NULL),
(127, 38, 4, 674.00, '2025-12-19', 'unpaid', NULL, '2025-11-19 09:53:15', '2025-11-19 09:53:15', NULL),
(128, 38, 1, 657.00, '2025-12-19', 'unpaid', NULL, '2025-11-19 09:53:15', '2025-11-19 09:53:15', NULL),
(129, 39, 3, 169.00, '2025-12-19', 'unpaid', NULL, '2025-11-19 09:53:15', '2025-11-19 09:53:15', NULL),
(130, 39, 2, 864.00, '2025-12-19', 'unpaid', NULL, '2025-11-19 09:53:15', '2025-11-19 09:53:15', NULL),
(131, 39, 4, 502.00, '2025-12-19', 'unpaid', NULL, '2025-11-19 09:53:15', '2025-11-19 09:53:15', NULL),
(132, 39, 1, 178.00, '2025-12-19', 'unpaid', NULL, '2025-11-19 09:53:15', '2025-11-19 09:53:15', NULL),
(133, 40, 3, 606.00, '2025-12-19', 'unpaid', NULL, '2025-11-19 09:53:15', '2025-11-19 09:53:15', NULL),
(134, 40, 2, 427.00, '2025-12-19', 'unpaid', NULL, '2025-11-19 09:53:15', '2025-11-19 09:53:15', NULL),
(135, 40, 4, 725.00, '2025-12-19', 'unpaid', NULL, '2025-11-19 09:53:15', '2025-11-19 09:53:15', NULL),
(136, 40, 1, 938.00, '2025-12-19', 'unpaid', NULL, '2025-11-19 09:53:15', '2025-11-19 09:53:15', NULL),
(137, 41, 3, 222.00, '2025-12-19', 'unpaid', NULL, '2025-11-19 09:53:15', '2025-11-19 09:53:15', NULL),
(138, 41, 2, 931.00, '2025-12-19', 'unpaid', NULL, '2025-11-19 09:53:15', '2025-11-19 09:53:15', NULL),
(139, 41, 4, 668.00, '2025-12-19', 'unpaid', NULL, '2025-11-19 09:53:15', '2025-11-19 09:53:15', NULL),
(140, 41, 1, 882.00, '2025-12-19', 'unpaid', NULL, '2025-11-19 09:53:15', '2025-11-19 09:53:15', NULL),
(141, 42, 3, 600.00, '2025-12-19', 'unpaid', NULL, '2025-11-19 09:53:15', '2025-11-19 09:53:15', NULL),
(142, 42, 2, 141.00, '2025-12-19', 'unpaid', NULL, '2025-11-19 09:53:15', '2025-11-19 09:53:15', NULL),
(143, 42, 4, 860.00, '2025-12-19', 'unpaid', NULL, '2025-11-19 09:53:15', '2025-11-19 09:53:15', NULL),
(144, 42, 1, 109.00, '2025-12-19', 'unpaid', NULL, '2025-11-19 09:53:15', '2025-11-19 09:53:15', NULL),
(145, 43, 3, 395.00, '2025-12-19', 'unpaid', NULL, '2025-11-19 09:53:15', '2025-11-19 09:53:15', NULL),
(146, 43, 2, 707.00, '2025-12-19', 'unpaid', NULL, '2025-11-19 09:53:15', '2025-11-19 09:53:15', NULL),
(147, 43, 4, 933.00, '2025-12-19', 'unpaid', NULL, '2025-11-19 09:53:15', '2025-11-19 09:53:15', NULL),
(148, 43, 1, 104.00, '2025-12-19', 'unpaid', NULL, '2025-11-19 09:53:15', '2025-11-19 09:53:15', NULL),
(149, 44, 3, 288.00, '2025-12-19', 'unpaid', NULL, '2025-11-19 09:53:15', '2025-11-19 09:53:15', NULL),
(150, 44, 2, 832.00, '2025-12-19', 'unpaid', NULL, '2025-11-19 09:53:15', '2025-11-19 09:53:15', NULL),
(151, 44, 4, 573.00, '2025-12-19', 'unpaid', NULL, '2025-11-19 09:53:15', '2025-11-19 09:53:15', NULL),
(152, 44, 1, 484.00, '2025-12-19', 'unpaid', NULL, '2025-11-19 09:53:15', '2025-11-19 09:53:15', NULL),
(153, 45, 3, 386.00, '2025-12-19', 'unpaid', NULL, '2025-11-19 09:53:15', '2025-11-19 09:53:15', NULL),
(154, 45, 2, 797.00, '2025-12-19', 'unpaid', NULL, '2025-11-19 09:53:15', '2025-11-19 09:53:15', NULL),
(155, 45, 4, 332.00, '2025-12-19', 'unpaid', NULL, '2025-11-19 09:53:15', '2025-11-19 09:53:15', NULL),
(156, 45, 1, 415.00, '2025-12-19', 'unpaid', NULL, '2025-11-19 09:53:15', '2025-11-19 09:53:15', NULL),
(157, 46, 3, 340.00, '2025-12-19', 'unpaid', NULL, '2025-11-19 09:53:15', '2025-11-19 09:53:15', NULL),
(158, 46, 2, 856.00, '2025-12-19', 'unpaid', NULL, '2025-11-19 09:53:15', '2025-11-19 09:53:15', NULL),
(159, 46, 4, 460.00, '2025-12-19', 'unpaid', NULL, '2025-11-19 09:53:15', '2025-11-19 09:53:15', NULL),
(160, 46, 1, 247.00, '2025-12-19', 'unpaid', NULL, '2025-11-19 09:53:15', '2025-11-19 09:53:15', NULL),
(161, 47, 3, 557.00, '2025-12-19', 'unpaid', NULL, '2025-11-19 09:53:15', '2025-11-19 09:53:15', NULL),
(162, 47, 2, 497.00, '2025-12-19', 'unpaid', NULL, '2025-11-19 09:53:15', '2025-11-19 09:53:15', NULL),
(163, 47, 4, 311.00, '2025-12-19', 'unpaid', NULL, '2025-11-19 09:53:15', '2025-11-19 09:53:15', NULL),
(164, 47, 1, 737.00, '2025-12-19', 'unpaid', NULL, '2025-11-19 09:53:15', '2025-11-19 09:53:15', NULL),
(165, 48, 3, 763.00, '2025-12-19', 'unpaid', NULL, '2025-11-19 09:53:15', '2025-11-19 09:53:15', NULL),
(166, 48, 2, 966.00, '2025-12-19', 'unpaid', NULL, '2025-11-19 09:53:15', '2025-11-19 09:53:15', NULL),
(167, 48, 4, 275.00, '2025-12-19', 'unpaid', NULL, '2025-11-19 09:53:15', '2025-11-19 09:53:15', NULL),
(168, 48, 1, 914.00, '2025-12-19', 'unpaid', NULL, '2025-11-19 09:53:15', '2025-11-19 09:53:15', NULL),
(169, 49, 3, 552.00, '2025-12-19', 'unpaid', NULL, '2025-11-19 09:53:15', '2025-11-19 09:53:15', NULL),
(170, 49, 2, 894.00, '2025-12-19', 'unpaid', NULL, '2025-11-19 09:53:15', '2025-11-19 09:53:15', NULL),
(171, 49, 4, 230.00, '2025-12-19', 'unpaid', NULL, '2025-11-19 09:53:15', '2025-11-19 09:53:15', NULL),
(172, 49, 1, 629.00, '2025-12-19', 'unpaid', NULL, '2025-11-19 09:53:15', '2025-11-19 09:53:15', NULL),
(173, 50, 3, 174.00, '2025-12-19', 'unpaid', NULL, '2025-11-19 09:53:15', '2025-11-19 09:53:15', NULL),
(174, 50, 2, 322.00, '2025-12-19', 'unpaid', NULL, '2025-11-19 09:53:15', '2025-11-19 09:53:15', NULL),
(175, 50, 4, 933.00, '2025-12-19', 'unpaid', NULL, '2025-11-19 09:53:15', '2025-11-19 09:53:15', NULL),
(176, 50, 1, 623.00, '2025-12-19', 'unpaid', NULL, '2025-11-19 09:53:15', '2025-11-19 09:53:15', NULL),
(177, 51, 3, 200.00, '2025-12-19', 'unpaid', NULL, '2025-11-19 09:53:15', '2025-11-19 09:53:15', NULL),
(178, 51, 2, 471.00, '2025-12-19', 'unpaid', NULL, '2025-11-19 09:53:15', '2025-11-19 09:53:15', NULL),
(179, 51, 4, 823.00, '2025-12-19', 'unpaid', NULL, '2025-11-19 09:53:15', '2025-11-19 09:53:15', NULL),
(180, 51, 1, 307.00, '2025-12-19', 'unpaid', NULL, '2025-11-19 09:53:15', '2025-11-19 09:53:15', NULL),
(181, 52, 3, 298.00, '2025-12-19', 'unpaid', NULL, '2025-11-19 09:53:15', '2025-11-19 09:53:15', NULL),
(182, 52, 2, 791.00, '2025-12-19', 'unpaid', NULL, '2025-11-19 09:53:15', '2025-11-19 09:53:15', NULL),
(183, 52, 4, 432.00, '2025-12-19', 'unpaid', NULL, '2025-11-19 09:53:15', '2025-11-19 09:53:15', NULL),
(184, 52, 1, 740.00, '2025-12-19', 'unpaid', NULL, '2025-11-19 09:53:15', '2025-11-19 09:53:15', NULL),
(185, 53, 3, 492.00, '2025-12-19', 'unpaid', NULL, '2025-11-19 09:53:15', '2025-11-19 09:53:15', NULL),
(186, 53, 2, 545.00, '2025-12-19', 'unpaid', NULL, '2025-11-19 09:53:15', '2025-11-19 09:53:15', NULL),
(187, 53, 4, 259.00, '2025-12-19', 'unpaid', NULL, '2025-11-19 09:53:15', '2025-11-19 09:53:15', NULL),
(188, 53, 1, 229.00, '2025-12-19', 'unpaid', NULL, '2025-11-19 09:53:15', '2025-11-19 09:53:15', NULL),
(189, 54, 3, 650.00, '2025-12-19', 'unpaid', NULL, '2025-11-19 09:53:15', '2025-11-19 09:53:15', NULL),
(190, 54, 2, 125.00, '2025-12-19', 'unpaid', NULL, '2025-11-19 09:53:15', '2025-11-19 09:53:15', NULL),
(191, 54, 4, 337.00, '2025-12-19', 'unpaid', NULL, '2025-11-19 09:53:15', '2025-11-19 09:53:15', NULL),
(192, 54, 1, 553.00, '2025-12-19', 'unpaid', NULL, '2025-11-19 09:53:15', '2025-11-19 09:53:15', NULL),
(193, 55, 3, 840.00, '2025-12-19', 'unpaid', NULL, '2025-11-19 09:53:15', '2025-11-19 09:53:15', NULL),
(194, 55, 2, 367.00, '2025-12-19', 'unpaid', NULL, '2025-11-19 09:53:15', '2025-11-19 09:53:15', NULL),
(195, 55, 4, 303.00, '2025-12-19', 'unpaid', NULL, '2025-11-19 09:53:15', '2025-11-19 09:53:15', NULL),
(196, 55, 1, 322.00, '2025-12-19', 'unpaid', NULL, '2025-11-19 09:53:15', '2025-11-19 09:53:15', NULL),
(197, 56, 3, 454.00, '2025-12-19', 'unpaid', NULL, '2025-11-19 09:53:15', '2025-11-19 09:53:15', NULL),
(198, 56, 2, 869.00, '2025-12-19', 'unpaid', NULL, '2025-11-19 09:53:15', '2025-11-19 09:53:15', NULL),
(199, 56, 4, 751.00, '2025-12-19', 'unpaid', NULL, '2025-11-19 09:53:15', '2025-11-19 09:53:15', NULL),
(200, 56, 1, 635.00, '2025-12-19', 'unpaid', NULL, '2025-11-19 09:53:15', '2025-11-19 09:53:15', NULL),
(201, 57, 3, 916.00, '2025-12-19', 'unpaid', NULL, '2025-11-19 09:53:15', '2025-11-19 09:53:15', NULL),
(202, 57, 2, 816.00, '2025-12-19', 'unpaid', NULL, '2025-11-19 09:53:15', '2025-11-19 09:53:15', NULL),
(203, 57, 4, 849.00, '2025-12-19', 'unpaid', NULL, '2025-11-19 09:53:15', '2025-11-19 09:53:15', NULL),
(204, 57, 1, 720.00, '2025-12-19', 'unpaid', NULL, '2025-11-19 09:53:15', '2025-11-19 09:53:15', NULL),
(205, 58, 3, 458.00, '2025-12-19', 'unpaid', NULL, '2025-11-19 09:53:15', '2025-11-19 09:53:15', NULL),
(206, 58, 2, 256.00, '2025-12-19', 'unpaid', NULL, '2025-11-19 09:53:15', '2025-11-19 09:53:15', NULL),
(207, 58, 4, 104.00, '2025-12-19', 'unpaid', NULL, '2025-11-19 09:53:15', '2025-11-19 09:53:15', NULL),
(208, 58, 1, 338.00, '2025-12-19', 'unpaid', NULL, '2025-11-19 09:53:15', '2025-11-19 09:53:15', NULL),
(209, 59, 3, 585.00, '2025-12-19', 'unpaid', NULL, '2025-11-19 09:53:15', '2025-11-19 09:53:15', NULL),
(210, 59, 2, 335.00, '2025-12-19', 'unpaid', NULL, '2025-11-19 09:53:15', '2025-11-19 09:53:15', NULL),
(211, 59, 4, 399.00, '2025-12-19', 'unpaid', NULL, '2025-11-19 09:53:15', '2025-11-19 09:53:15', NULL),
(212, 59, 1, 565.00, '2025-12-19', 'unpaid', NULL, '2025-11-19 09:53:15', '2025-11-19 09:53:15', NULL),
(213, 60, 3, 277.00, '2025-12-19', 'unpaid', NULL, '2025-11-19 09:53:15', '2025-11-19 09:53:15', NULL),
(214, 60, 2, 450.00, '2025-12-19', 'unpaid', NULL, '2025-11-19 09:53:15', '2025-11-19 09:53:15', NULL),
(215, 60, 4, 516.00, '2025-12-19', 'unpaid', NULL, '2025-11-19 09:53:15', '2025-11-19 09:53:15', NULL),
(216, 60, 1, 455.00, '2025-12-19', 'unpaid', NULL, '2025-11-19 09:53:15', '2025-11-19 09:53:15', NULL),
(217, 61, 3, 659.00, '2025-12-19', 'unpaid', NULL, '2025-11-19 09:53:15', '2025-11-19 09:53:15', NULL),
(218, 61, 2, 249.00, '2025-12-19', 'unpaid', NULL, '2025-11-19 09:53:15', '2025-11-19 09:53:15', NULL),
(219, 61, 4, 462.00, '2025-12-19', 'unpaid', NULL, '2025-11-19 09:53:15', '2025-11-19 09:53:15', NULL),
(220, 61, 1, 553.00, '2025-12-19', 'unpaid', NULL, '2025-11-19 09:53:15', '2025-11-19 09:53:15', NULL),
(221, 62, 3, 212.00, '2025-12-19', 'unpaid', NULL, '2025-11-19 09:53:15', '2025-11-19 09:53:15', NULL),
(222, 62, 2, 784.00, '2025-12-19', 'unpaid', NULL, '2025-11-19 09:53:15', '2025-11-19 09:53:15', NULL),
(223, 62, 4, 298.00, '2025-12-19', 'unpaid', NULL, '2025-11-19 09:53:15', '2025-11-19 09:53:15', NULL),
(224, 62, 1, 423.00, '2025-12-19', 'unpaid', NULL, '2025-11-19 09:53:15', '2025-11-19 09:53:15', NULL),
(225, 63, 3, 427.00, '2025-12-19', 'unpaid', NULL, '2025-11-19 09:53:15', '2025-11-19 09:53:15', NULL),
(226, 63, 2, 283.00, '2025-12-19', 'unpaid', NULL, '2025-11-19 09:53:15', '2025-11-19 09:53:15', NULL),
(227, 63, 4, 771.00, '2025-12-19', 'unpaid', NULL, '2025-11-19 09:53:15', '2025-11-19 09:53:15', NULL),
(228, 63, 1, 975.00, '2025-12-19', 'unpaid', NULL, '2025-11-19 09:53:15', '2025-11-19 09:53:15', NULL),
(229, 64, 3, 356.00, '2025-12-19', 'unpaid', NULL, '2025-11-19 09:53:15', '2025-11-19 09:53:15', NULL),
(230, 64, 2, 457.00, '2025-12-19', 'unpaid', NULL, '2025-11-19 09:53:15', '2025-11-19 09:53:15', NULL),
(231, 64, 4, 287.00, '2025-12-19', 'unpaid', NULL, '2025-11-19 09:53:15', '2025-11-19 09:53:15', NULL),
(232, 64, 1, 300.00, '2025-12-19', 'unpaid', NULL, '2025-11-19 09:53:15', '2025-11-19 09:53:15', NULL),
(233, 65, 3, 761.00, '2025-12-19', 'unpaid', NULL, '2025-11-19 09:53:15', '2025-11-19 09:53:15', NULL),
(234, 65, 2, 605.00, '2025-12-19', 'unpaid', NULL, '2025-11-19 09:53:15', '2025-11-19 09:53:15', NULL),
(235, 65, 4, 835.00, '2025-12-19', 'unpaid', NULL, '2025-11-19 09:53:15', '2025-11-19 09:53:15', NULL),
(236, 65, 1, 803.00, '2025-12-19', 'unpaid', NULL, '2025-11-19 09:53:15', '2025-11-19 09:53:15', NULL),
(237, 66, 3, 412.00, '2025-12-19', 'unpaid', NULL, '2025-11-19 09:53:15', '2025-11-19 09:53:15', NULL),
(238, 66, 2, 325.00, '2025-12-19', 'unpaid', NULL, '2025-11-19 09:53:15', '2025-11-19 09:53:15', NULL),
(239, 66, 4, 181.00, '2025-12-19', 'unpaid', NULL, '2025-11-19 09:53:15', '2025-11-19 09:53:15', NULL),
(240, 66, 1, 368.00, '2025-12-19', 'unpaid', NULL, '2025-11-19 09:53:15', '2025-11-19 09:53:15', NULL),
(241, 67, 3, 412.00, '2025-12-19', 'unpaid', NULL, '2025-11-19 09:53:15', '2025-11-19 09:53:15', NULL),
(242, 67, 2, 379.00, '2025-12-19', 'unpaid', NULL, '2025-11-19 09:53:15', '2025-11-19 09:53:15', NULL),
(243, 67, 4, 804.00, '2025-12-19', 'unpaid', NULL, '2025-11-19 09:53:15', '2025-11-19 09:53:15', NULL),
(244, 67, 1, 170.00, '2025-12-19', 'unpaid', NULL, '2025-11-19 09:53:15', '2025-11-19 09:53:15', NULL),
(245, 68, 3, 387.00, '2025-12-19', 'unpaid', NULL, '2025-11-19 09:53:15', '2025-11-19 09:53:15', NULL),
(246, 68, 2, 620.00, '2025-12-19', 'unpaid', NULL, '2025-11-19 09:53:15', '2025-11-19 09:53:15', NULL),
(247, 68, 4, 458.00, '2025-12-19', 'unpaid', NULL, '2025-11-19 09:53:15', '2025-11-19 09:53:15', NULL),
(248, 68, 1, 974.00, '2025-12-19', 'unpaid', NULL, '2025-11-19 09:53:15', '2025-11-19 09:53:15', NULL),
(249, 69, 3, 866.00, '2025-12-19', 'unpaid', NULL, '2025-11-19 09:53:15', '2025-11-19 09:53:15', NULL),
(250, 69, 2, 801.00, '2025-12-19', 'unpaid', NULL, '2025-11-19 09:53:15', '2025-11-19 09:53:15', NULL),
(251, 69, 4, 398.00, '2025-12-19', 'unpaid', NULL, '2025-11-19 09:53:15', '2025-11-19 09:53:15', NULL),
(252, 69, 1, 741.00, '2025-12-19', 'unpaid', NULL, '2025-11-19 09:53:15', '2025-11-19 09:53:15', NULL),
(253, 70, 3, 105.00, '2025-12-19', 'unpaid', NULL, '2025-11-19 09:53:15', '2025-11-19 09:53:15', NULL),
(254, 70, 2, 391.00, '2025-12-19', 'unpaid', NULL, '2025-11-19 09:53:15', '2025-11-19 09:53:15', NULL),
(255, 70, 4, 684.00, '2025-12-19', 'unpaid', NULL, '2025-11-19 09:53:15', '2025-11-19 09:53:15', NULL),
(256, 70, 1, 333.00, '2025-12-19', 'unpaid', NULL, '2025-11-19 09:53:15', '2025-11-19 09:53:15', NULL),
(257, 71, 3, 929.00, '2025-12-19', 'unpaid', NULL, '2025-11-19 09:53:15', '2025-11-19 09:53:15', NULL),
(258, 71, 2, 819.00, '2025-12-19', 'unpaid', NULL, '2025-11-19 09:53:15', '2025-11-19 09:53:15', NULL),
(259, 71, 4, 263.00, '2025-12-19', 'unpaid', NULL, '2025-11-19 09:53:15', '2025-11-19 09:53:15', NULL),
(260, 71, 1, 421.00, '2025-12-19', 'unpaid', NULL, '2025-11-19 09:53:15', '2025-11-19 09:53:15', NULL),
(261, 72, 3, 876.00, '2025-12-19', 'unpaid', NULL, '2025-11-19 09:53:15', '2025-11-19 09:53:15', NULL),
(262, 72, 2, 660.00, '2025-12-19', 'unpaid', NULL, '2025-11-19 09:53:15', '2025-11-19 09:53:15', NULL),
(263, 72, 4, 635.00, '2025-12-19', 'unpaid', NULL, '2025-11-19 09:53:15', '2025-11-19 09:53:15', NULL),
(264, 72, 1, 674.00, '2025-12-19', 'unpaid', NULL, '2025-11-19 09:53:15', '2025-11-19 09:53:15', NULL),
(265, 73, 3, 775.00, '2025-12-19', 'unpaid', NULL, '2025-11-19 09:53:15', '2025-11-19 09:53:15', NULL),
(266, 73, 2, 572.00, '2025-12-19', 'unpaid', NULL, '2025-11-19 09:53:15', '2025-11-19 09:53:15', NULL),
(267, 73, 4, 482.00, '2025-12-19', 'unpaid', NULL, '2025-11-19 09:53:15', '2025-11-19 09:53:15', NULL),
(268, 73, 1, 562.00, '2025-12-19', 'unpaid', NULL, '2025-11-19 09:53:15', '2025-11-19 09:53:15', NULL),
(269, 74, 3, 375.00, '2025-12-19', 'unpaid', NULL, '2025-11-19 09:53:15', '2025-11-19 09:53:15', NULL),
(270, 74, 2, 802.00, '2025-12-19', 'unpaid', NULL, '2025-11-19 09:53:15', '2025-11-19 09:53:15', NULL),
(271, 74, 4, 233.00, '2025-12-19', 'unpaid', NULL, '2025-11-19 09:53:15', '2025-11-19 09:53:15', NULL),
(272, 74, 1, 955.00, '2025-12-19', 'unpaid', NULL, '2025-11-19 09:53:15', '2025-11-19 09:53:15', NULL),
(273, 75, 3, 835.00, '2025-12-19', 'unpaid', NULL, '2025-11-19 09:53:15', '2025-11-19 09:53:15', NULL),
(274, 75, 2, 332.00, '2025-12-19', 'unpaid', NULL, '2025-11-19 09:53:15', '2025-11-19 09:53:15', NULL),
(275, 75, 4, 290.00, '2025-12-19', 'unpaid', NULL, '2025-11-19 09:53:15', '2025-11-19 09:53:15', NULL),
(276, 75, 1, 141.00, '2025-12-19', 'unpaid', NULL, '2025-11-19 09:53:15', '2025-11-19 09:53:15', NULL),
(277, 76, 3, 403.00, '2025-12-19', 'unpaid', NULL, '2025-11-19 09:53:15', '2025-11-19 09:53:15', NULL),
(278, 76, 2, 600.00, '2025-12-19', 'unpaid', NULL, '2025-11-19 09:53:15', '2025-11-19 09:53:15', NULL),
(279, 76, 4, 834.00, '2025-12-19', 'unpaid', NULL, '2025-11-19 09:53:15', '2025-11-19 09:53:15', NULL),
(280, 76, 1, 233.00, '2025-12-19', 'unpaid', NULL, '2025-11-19 09:53:15', '2025-11-19 09:53:15', NULL),
(281, 77, 3, 905.00, '2025-12-19', 'unpaid', NULL, '2025-11-19 09:53:15', '2025-11-19 09:53:15', NULL),
(282, 77, 2, 396.00, '2025-12-19', 'unpaid', NULL, '2025-11-19 09:53:15', '2025-11-19 09:53:15', NULL),
(283, 77, 4, 836.00, '2025-12-19', 'unpaid', NULL, '2025-11-19 09:53:15', '2025-11-19 09:53:15', NULL),
(284, 77, 1, 725.00, '2025-12-19', 'unpaid', NULL, '2025-11-19 09:53:15', '2025-11-19 09:53:15', NULL),
(285, 78, 3, 670.00, '2025-12-19', 'unpaid', NULL, '2025-11-19 09:53:15', '2025-11-19 09:53:15', NULL),
(286, 78, 2, 420.00, '2025-12-19', 'unpaid', NULL, '2025-11-19 09:53:15', '2025-11-19 09:53:15', NULL),
(287, 78, 4, 596.00, '2025-12-19', 'unpaid', NULL, '2025-11-19 09:53:15', '2025-11-19 09:53:15', NULL),
(288, 78, 1, 354.00, '2025-12-19', 'unpaid', NULL, '2025-11-19 09:53:15', '2025-11-19 09:53:15', NULL),
(289, 79, 3, 659.00, '2025-12-19', 'unpaid', NULL, '2025-11-19 09:53:15', '2025-11-19 09:53:15', NULL),
(290, 79, 2, 705.00, '2025-12-19', 'unpaid', NULL, '2025-11-19 09:53:15', '2025-11-19 09:53:15', NULL),
(291, 79, 4, 756.00, '2025-12-19', 'unpaid', NULL, '2025-11-19 09:53:15', '2025-11-19 09:53:15', NULL),
(292, 79, 1, 314.00, '2025-12-19', 'unpaid', NULL, '2025-11-19 09:53:15', '2025-11-19 09:53:15', NULL),
(293, 80, 3, 861.00, '2025-12-19', 'unpaid', NULL, '2025-11-19 09:53:15', '2025-11-19 09:53:15', NULL),
(294, 80, 2, 582.00, '2025-12-19', 'unpaid', NULL, '2025-11-19 09:53:15', '2025-11-19 09:53:15', NULL),
(295, 80, 4, 328.00, '2025-12-19', 'unpaid', NULL, '2025-11-19 09:53:15', '2025-11-19 09:53:15', NULL),
(296, 80, 1, 343.00, '2025-12-19', 'unpaid', NULL, '2025-11-19 09:53:15', '2025-11-19 09:53:15', NULL),
(297, 81, 3, 144.00, '2025-12-19', 'unpaid', NULL, '2025-11-19 09:53:15', '2025-11-19 09:53:15', NULL),
(298, 81, 2, 537.00, '2025-12-19', 'unpaid', NULL, '2025-11-19 09:53:15', '2025-11-19 09:53:15', NULL),
(299, 81, 4, 175.00, '2025-12-19', 'unpaid', NULL, '2025-11-19 09:53:15', '2025-11-19 09:53:15', NULL),
(300, 81, 1, 568.00, '2025-12-19', 'unpaid', NULL, '2025-11-19 09:53:15', '2025-11-19 09:53:15', NULL),
(301, 82, 3, 559.00, '2025-12-19', 'unpaid', NULL, '2025-11-19 09:53:15', '2025-11-19 09:53:15', NULL),
(302, 82, 2, 448.00, '2025-12-19', 'unpaid', NULL, '2025-11-19 09:53:15', '2025-11-19 09:53:15', NULL),
(303, 82, 4, 967.00, '2025-12-19', 'unpaid', NULL, '2025-11-19 09:53:15', '2025-11-19 09:53:15', NULL),
(304, 82, 1, 667.00, '2025-12-19', 'unpaid', NULL, '2025-11-19 09:53:15', '2025-11-19 09:53:15', NULL),
(305, 83, 3, 592.00, '2025-12-19', 'unpaid', NULL, '2025-11-19 09:53:15', '2025-11-19 09:53:15', NULL),
(306, 83, 2, 878.00, '2025-12-19', 'unpaid', NULL, '2025-11-19 09:53:15', '2025-11-19 09:53:15', NULL),
(307, 83, 4, 892.00, '2025-12-19', 'unpaid', NULL, '2025-11-19 09:53:15', '2025-11-19 09:53:15', NULL),
(308, 83, 1, 247.00, '2025-12-19', 'unpaid', NULL, '2025-11-19 09:53:15', '2025-11-19 09:53:15', NULL),
(309, 84, 3, 285.00, '2025-12-19', 'unpaid', NULL, '2025-11-19 09:53:15', '2025-11-19 09:53:15', NULL),
(310, 84, 2, 672.00, '2025-12-19', 'unpaid', NULL, '2025-11-19 09:53:15', '2025-11-19 09:53:15', NULL),
(311, 84, 4, 266.00, '2025-12-19', 'unpaid', NULL, '2025-11-19 09:53:15', '2025-11-19 09:53:15', NULL),
(312, 84, 1, 521.00, '2025-12-19', 'unpaid', NULL, '2025-11-19 09:53:15', '2025-11-19 09:53:15', NULL),
(313, 85, 3, 212.00, '2025-12-19', 'unpaid', NULL, '2025-11-19 09:53:15', '2025-11-19 09:53:15', NULL),
(314, 85, 2, 384.00, '2025-12-19', 'unpaid', NULL, '2025-11-19 09:53:15', '2025-11-19 09:53:15', NULL),
(315, 85, 4, 536.00, '2025-12-19', 'unpaid', NULL, '2025-11-19 09:53:15', '2025-11-19 09:53:15', NULL),
(316, 85, 1, 528.00, '2025-12-19', 'unpaid', NULL, '2025-11-19 09:53:15', '2025-11-19 09:53:15', NULL),
(317, 86, 3, 343.00, '2025-12-19', 'unpaid', NULL, '2025-11-19 09:53:15', '2025-11-19 09:53:15', NULL),
(318, 86, 2, 669.00, '2025-12-19', 'unpaid', NULL, '2025-11-19 09:53:15', '2025-11-19 09:53:15', NULL),
(319, 86, 4, 365.00, '2025-12-19', 'unpaid', NULL, '2025-11-19 09:53:15', '2025-11-19 09:53:15', NULL),
(320, 86, 1, 650.00, '2025-12-19', 'unpaid', NULL, '2025-11-19 09:53:15', '2025-11-19 09:53:15', NULL),
(321, 87, 3, 661.00, '2025-12-19', 'unpaid', NULL, '2025-11-19 09:53:15', '2025-11-19 09:53:15', NULL),
(322, 87, 2, 303.00, '2025-12-19', 'unpaid', NULL, '2025-11-19 09:53:15', '2025-11-19 09:53:15', NULL),
(323, 87, 4, 462.00, '2025-12-19', 'unpaid', NULL, '2025-11-19 09:53:15', '2025-11-19 09:53:15', NULL),
(324, 87, 1, 401.00, '2025-12-19', 'unpaid', NULL, '2025-11-19 09:53:15', '2025-11-19 09:53:15', NULL),
(325, 88, 3, 356.00, '2025-12-19', 'unpaid', NULL, '2025-11-19 09:53:15', '2025-11-19 09:53:15', NULL),
(326, 88, 2, 176.00, '2025-12-19', 'unpaid', NULL, '2025-11-19 09:53:15', '2025-11-19 09:53:15', NULL),
(327, 88, 4, 428.00, '2025-12-19', 'unpaid', NULL, '2025-11-19 09:53:15', '2025-11-19 09:53:15', NULL),
(328, 88, 1, 566.00, '2025-12-19', 'unpaid', NULL, '2025-11-19 09:53:15', '2025-11-19 09:53:15', NULL),
(329, 89, 3, 978.00, '2025-12-19', 'unpaid', NULL, '2025-11-19 09:53:15', '2025-11-19 09:53:15', NULL),
(330, 89, 2, 691.00, '2025-12-19', 'unpaid', NULL, '2025-11-19 09:53:15', '2025-11-19 09:53:15', NULL),
(331, 89, 4, 235.00, '2025-12-19', 'unpaid', NULL, '2025-11-19 09:53:15', '2025-11-19 09:53:15', NULL),
(332, 89, 1, 416.00, '2025-12-19', 'unpaid', NULL, '2025-11-19 09:53:15', '2025-11-19 09:53:15', NULL),
(333, 90, 3, 589.00, '2025-12-19', 'unpaid', NULL, '2025-11-19 09:53:15', '2025-11-19 09:53:15', NULL),
(334, 90, 2, 769.00, '2025-12-19', 'unpaid', NULL, '2025-11-19 09:53:15', '2025-11-19 09:53:15', NULL),
(335, 90, 4, 570.00, '2025-12-19', 'unpaid', NULL, '2025-11-19 09:53:15', '2025-11-19 09:53:15', NULL),
(336, 90, 1, 911.00, '2025-12-19', 'unpaid', NULL, '2025-11-19 09:53:15', '2025-11-19 09:53:15', NULL),
(337, 91, 3, 201.00, '2025-12-19', 'unpaid', NULL, '2025-11-19 09:53:15', '2025-11-19 09:53:15', NULL),
(338, 91, 2, 783.00, '2025-12-19', 'unpaid', NULL, '2025-11-19 09:53:15', '2025-11-19 09:53:15', NULL),
(339, 91, 4, 628.00, '2025-12-19', 'unpaid', NULL, '2025-11-19 09:53:15', '2025-11-19 09:53:15', NULL),
(340, 91, 1, 791.00, '2025-12-19', 'unpaid', NULL, '2025-11-19 09:53:15', '2025-11-19 09:53:15', NULL),
(341, 92, 3, 911.00, '2025-12-19', 'unpaid', NULL, '2025-11-19 09:53:15', '2025-11-19 09:53:15', NULL),
(342, 92, 2, 295.00, '2025-12-19', 'unpaid', NULL, '2025-11-19 09:53:15', '2025-11-19 09:53:15', NULL),
(343, 92, 4, 908.00, '2025-12-19', 'unpaid', NULL, '2025-11-19 09:53:15', '2025-11-19 09:53:15', NULL),
(344, 92, 1, 269.00, '2025-12-19', 'unpaid', NULL, '2025-11-19 09:53:15', '2025-11-19 09:53:15', NULL),
(345, 93, 3, 724.00, '2025-12-19', 'unpaid', NULL, '2025-11-19 09:53:15', '2025-11-19 09:53:15', NULL),
(346, 93, 2, 560.00, '2025-12-19', 'unpaid', NULL, '2025-11-19 09:53:15', '2025-11-19 09:53:15', NULL),
(347, 93, 4, 186.00, '2025-12-19', 'unpaid', NULL, '2025-11-19 09:53:15', '2025-11-19 09:53:15', NULL),
(348, 93, 1, 210.00, '2025-12-19', 'unpaid', NULL, '2025-11-19 09:53:15', '2025-11-19 09:53:15', NULL),
(349, 94, 3, 236.00, '2025-12-19', 'unpaid', NULL, '2025-11-19 09:53:15', '2025-11-19 09:53:15', NULL),
(350, 94, 2, 631.00, '2025-12-19', 'unpaid', NULL, '2025-11-19 09:53:15', '2025-11-19 09:53:15', NULL),
(351, 94, 4, 404.00, '2025-12-19', 'unpaid', NULL, '2025-11-19 09:53:15', '2025-11-19 09:53:15', NULL),
(352, 94, 1, 607.00, '2025-12-19', 'unpaid', NULL, '2025-11-19 09:53:15', '2025-11-19 09:53:15', NULL),
(353, 95, 3, 967.00, '2025-12-19', 'unpaid', NULL, '2025-11-19 09:53:15', '2025-11-19 09:53:15', NULL),
(354, 95, 2, 906.00, '2025-12-19', 'unpaid', NULL, '2025-11-19 09:53:15', '2025-11-19 09:53:15', NULL),
(355, 95, 4, 799.00, '2025-12-19', 'unpaid', NULL, '2025-11-19 09:53:15', '2025-11-19 09:53:15', NULL),
(356, 95, 1, 542.00, '2025-12-19', 'unpaid', NULL, '2025-11-19 09:53:15', '2025-11-19 09:53:15', NULL),
(357, 96, 3, 752.00, '2025-12-19', 'unpaid', NULL, '2025-11-19 09:53:15', '2025-11-19 09:53:15', NULL),
(358, 96, 2, 757.00, '2025-12-19', 'unpaid', NULL, '2025-11-19 09:53:15', '2025-11-19 09:53:15', NULL),
(359, 96, 4, 726.00, '2025-12-19', 'unpaid', NULL, '2025-11-19 09:53:15', '2025-11-19 09:53:15', NULL),
(360, 96, 1, 595.00, '2025-12-19', 'unpaid', NULL, '2025-11-19 09:53:15', '2025-11-19 09:53:15', NULL),
(361, 97, 3, 784.00, '2025-12-19', 'unpaid', NULL, '2025-11-19 09:53:15', '2025-11-19 09:53:15', NULL),
(362, 97, 2, 391.00, '2025-12-19', 'unpaid', NULL, '2025-11-19 09:53:15', '2025-11-19 09:53:15', NULL),
(363, 97, 4, 103.00, '2025-12-19', 'unpaid', NULL, '2025-11-19 09:53:15', '2025-11-19 09:53:15', NULL),
(364, 97, 1, 172.00, '2025-12-19', 'unpaid', NULL, '2025-11-19 09:53:15', '2025-11-19 09:53:15', NULL),
(365, 98, 3, 270.00, '2025-12-19', 'unpaid', NULL, '2025-11-19 09:53:15', '2025-11-19 09:53:15', NULL),
(366, 98, 2, 508.00, '2025-12-19', 'unpaid', NULL, '2025-11-19 09:53:15', '2025-11-19 09:53:15', NULL),
(367, 98, 4, 349.00, '2025-12-19', 'unpaid', NULL, '2025-11-19 09:53:15', '2025-11-19 09:53:15', NULL),
(368, 98, 1, 413.00, '2025-12-19', 'unpaid', NULL, '2025-11-19 09:53:15', '2025-11-19 09:53:15', NULL),
(369, 99, 3, 866.00, '2025-12-19', 'unpaid', NULL, '2025-11-19 09:53:15', '2025-11-19 09:53:15', NULL),
(370, 99, 2, 227.00, '2025-12-19', 'unpaid', NULL, '2025-11-19 09:53:15', '2025-11-19 09:53:15', NULL),
(371, 99, 4, 190.00, '2025-12-19', 'unpaid', NULL, '2025-11-19 09:53:15', '2025-11-19 09:53:15', NULL),
(372, 99, 1, 328.00, '2025-12-19', 'unpaid', NULL, '2025-11-19 09:53:15', '2025-11-19 09:53:15', NULL),
(373, 100, 3, 536.00, '2025-12-19', 'unpaid', NULL, '2025-11-19 09:53:15', '2025-11-19 09:53:15', NULL),
(374, 100, 2, 853.00, '2025-12-19', 'unpaid', NULL, '2025-11-19 09:53:15', '2025-11-19 09:53:15', NULL),
(375, 100, 4, 707.00, '2025-12-19', 'unpaid', NULL, '2025-11-19 09:53:15', '2025-11-19 09:53:15', NULL),
(376, 100, 1, 539.00, '2025-12-19', 'unpaid', NULL, '2025-11-19 09:53:15', '2025-11-19 09:53:15', NULL),
(377, 101, 3, 285.00, '2025-12-19', 'unpaid', NULL, '2025-11-19 09:53:15', '2025-11-19 09:53:15', NULL),
(378, 101, 2, 550.00, '2025-12-19', 'unpaid', NULL, '2025-11-19 09:53:15', '2025-11-19 09:53:15', NULL),
(379, 101, 4, 774.00, '2025-12-19', 'unpaid', NULL, '2025-11-19 09:53:15', '2025-11-19 09:53:15', NULL),
(380, 101, 1, 276.00, '2025-12-19', 'unpaid', NULL, '2025-11-19 09:53:15', '2025-11-19 09:53:15', NULL),
(381, 102, 3, 657.00, '2025-12-19', 'unpaid', NULL, '2025-11-19 09:53:15', '2025-11-19 09:53:15', NULL),
(382, 102, 2, 231.00, '2025-12-19', 'unpaid', NULL, '2025-11-19 09:53:15', '2025-11-19 09:53:15', NULL),
(383, 102, 4, 888.00, '2025-12-19', 'unpaid', NULL, '2025-11-19 09:53:15', '2025-11-19 09:53:15', NULL),
(384, 102, 1, 831.00, '2025-12-19', 'unpaid', NULL, '2025-11-19 09:53:15', '2025-11-19 09:53:15', NULL),
(385, 103, 3, 254.00, '2025-12-19', 'unpaid', NULL, '2025-11-19 09:53:15', '2025-11-19 09:53:15', NULL),
(386, 103, 2, 226.00, '2025-12-19', 'unpaid', NULL, '2025-11-19 09:53:15', '2025-11-19 09:53:15', NULL),
(387, 103, 4, 105.00, '2025-12-19', 'unpaid', NULL, '2025-11-19 09:53:15', '2025-11-19 09:53:15', NULL),
(388, 103, 1, 316.00, '2025-12-19', 'unpaid', NULL, '2025-11-19 09:53:15', '2025-11-19 09:53:15', NULL),
(389, 104, 3, 265.00, '2025-12-19', 'unpaid', NULL, '2025-11-19 09:53:15', '2025-11-19 09:53:15', NULL),
(390, 104, 2, 309.00, '2025-12-19', 'unpaid', NULL, '2025-11-19 09:53:15', '2025-11-19 09:53:15', NULL),
(391, 104, 4, 416.00, '2025-12-19', 'unpaid', NULL, '2025-11-19 09:53:15', '2025-11-19 09:53:15', NULL),
(392, 104, 1, 706.00, '2025-12-19', 'unpaid', NULL, '2025-11-19 09:53:15', '2025-11-19 09:53:15', NULL),
(393, 105, 3, 872.00, '2025-12-19', 'unpaid', NULL, '2025-11-19 09:53:15', '2025-11-19 09:53:15', NULL),
(394, 105, 2, 475.00, '2025-12-19', 'unpaid', NULL, '2025-11-19 09:53:15', '2025-11-19 09:53:15', NULL),
(395, 105, 4, 836.00, '2025-12-19', 'unpaid', NULL, '2025-11-19 09:53:15', '2025-11-19 09:53:15', NULL),
(396, 105, 1, 315.00, '2025-12-19', 'unpaid', NULL, '2025-11-19 09:53:15', '2025-11-19 09:53:15', NULL),
(397, 106, 3, 782.00, '2025-12-19', 'unpaid', NULL, '2025-11-19 09:53:15', '2025-11-19 09:53:15', NULL),
(398, 106, 2, 706.00, '2025-12-19', 'unpaid', NULL, '2025-11-19 09:53:15', '2025-11-19 09:53:15', NULL),
(399, 106, 4, 398.00, '2025-12-19', 'unpaid', NULL, '2025-11-19 09:53:15', '2025-11-19 09:53:15', NULL),
(400, 106, 1, 703.00, '2025-12-19', 'unpaid', NULL, '2025-11-19 09:53:15', '2025-11-19 09:53:15', NULL);

-- --------------------------------------------------------

--
-- Table structure for table `fee_types`
--

CREATE TABLE `fee_types` (
  `id` bigint UNSIGNED NOT NULL,
  `name` varchar(255) COLLATE utf8mb4_unicode_ci NOT NULL,
  `description` text COLLATE utf8mb4_unicode_ci,
  `created_at` timestamp NULL DEFAULT NULL,
  `updated_at` timestamp NULL DEFAULT NULL,
  `deleted_at` timestamp NULL DEFAULT NULL
) ENGINE=InnoDB DEFAULT CHARSET=utf8mb4 COLLATE=utf8mb4_unicode_ci;

--
-- Dumping data for table `fee_types`
--

INSERT INTO `fee_types` (`id`, `name`, `description`, `created_at`, `updated_at`, `deleted_at`) VALUES
(1, 'Tuition', 'Tuition fee', '2025-11-19 09:53:15', '2025-11-19 09:53:15', NULL),
(2, 'Library', 'Library fee', '2025-11-19 09:53:15', '2025-11-19 09:53:15', NULL),
(3, 'Lab', 'Lab fee', '2025-11-19 09:53:15', '2025-11-19 09:53:15', NULL),
(4, 'Sports', 'Sports fee', '2025-11-19 09:53:15', '2025-11-19 09:53:15', NULL);

-- --------------------------------------------------------

--
-- Table structure for table `migrations`
--

CREATE TABLE `migrations` (
  `id` int UNSIGNED NOT NULL,
  `migration` varchar(255) COLLATE utf8mb4_unicode_ci NOT NULL,
  `batch` int NOT NULL
) ENGINE=InnoDB DEFAULT CHARSET=utf8mb4 COLLATE=utf8mb4_unicode_ci;

--
-- Dumping data for table `migrations`
--

INSERT INTO `migrations` (`id`, `migration`, `batch`) VALUES
(1, '1_create_tb', 1),
(2, '2_create_cache_table', 1),
(3, '4_create_personal_access_tokens_table', 1),
(4, '5_create_permission_tables', 1),
(5, '2025_11_19_171006_change_subject_id_to_course_offering_id_in_scores_table', 2);

-- --------------------------------------------------------

--
-- Table structure for table `model_has_permissions`
--

CREATE TABLE `model_has_permissions` (
  `permission_id` bigint UNSIGNED NOT NULL,
  `model_type` varchar(255) COLLATE utf8mb4_unicode_ci NOT NULL,
  `model_id` bigint UNSIGNED NOT NULL
) ENGINE=InnoDB DEFAULT CHARSET=utf8mb4 COLLATE=utf8mb4_unicode_ci;

-- --------------------------------------------------------

--
-- Table structure for table `model_has_roles`
--

CREATE TABLE `model_has_roles` (
  `role_id` bigint UNSIGNED NOT NULL,
  `model_type` varchar(255) COLLATE utf8mb4_unicode_ci NOT NULL,
  `model_id` bigint UNSIGNED NOT NULL
) ENGINE=InnoDB DEFAULT CHARSET=utf8mb4 COLLATE=utf8mb4_unicode_ci;

--
-- Dumping data for table `model_has_roles`
--

INSERT INTO `model_has_roles` (`role_id`, `model_type`, `model_id`) VALUES
(1, 'App\\Models\\User', 1),
(2, 'App\\Models\\User', 2),
(2, 'App\\Models\\User', 3),
(2, 'App\\Models\\User', 4),
(2, 'App\\Models\\User', 5),
(2, 'App\\Models\\User', 6),
(3, 'App\\Models\\User', 7),
(3, 'App\\Models\\User', 8),
(3, 'App\\Models\\User', 9),
(3, 'App\\Models\\User', 10),
(3, 'App\\Models\\User', 11),
(3, 'App\\Models\\User', 12),
(3, 'App\\Models\\User', 13),
(3, 'App\\Models\\User', 14),
(3, 'App\\Models\\User', 15),
(3, 'App\\Models\\User', 16),
(3, 'App\\Models\\User', 17),
(3, 'App\\Models\\User', 18),
(3, 'App\\Models\\User', 19),
(3, 'App\\Models\\User', 20),
(3, 'App\\Models\\User', 21),
(3, 'App\\Models\\User', 22),
(3, 'App\\Models\\User', 23),
(3, 'App\\Models\\User', 24),
(3, 'App\\Models\\User', 25),
(3, 'App\\Models\\User', 26),
(3, 'App\\Models\\User', 27),
(3, 'App\\Models\\User', 28),
(3, 'App\\Models\\User', 29),
(3, 'App\\Models\\User', 30),
(3, 'App\\Models\\User', 31),
(3, 'App\\Models\\User', 32),
(3, 'App\\Models\\User', 33),
(3, 'App\\Models\\User', 34),
(3, 'App\\Models\\User', 35),
(3, 'App\\Models\\User', 36),
(3, 'App\\Models\\User', 37),
(3, 'App\\Models\\User', 38),
(3, 'App\\Models\\User', 39),
(3, 'App\\Models\\User', 40),
(3, 'App\\Models\\User', 41),
(3, 'App\\Models\\User', 42),
(3, 'App\\Models\\User', 43),
(3, 'App\\Models\\User', 44),
(3, 'App\\Models\\User', 45),
(3, 'App\\Models\\User', 46),
(3, 'App\\Models\\User', 47),
(3, 'App\\Models\\User', 48),
(3, 'App\\Models\\User', 49),
(3, 'App\\Models\\User', 50),
(3, 'App\\Models\\User', 51),
(3, 'App\\Models\\User', 52),
(3, 'App\\Models\\User', 53),
(3, 'App\\Models\\User', 54),
(3, 'App\\Models\\User', 55),
(3, 'App\\Models\\User', 56),
(3, 'App\\Models\\User', 57),
(3, 'App\\Models\\User', 58),
(3, 'App\\Models\\User', 59),
(3, 'App\\Models\\User', 60),
(3, 'App\\Models\\User', 61),
(3, 'App\\Models\\User', 62),
(3, 'App\\Models\\User', 63),
(3, 'App\\Models\\User', 64),
(3, 'App\\Models\\User', 65),
(3, 'App\\Models\\User', 66),
(3, 'App\\Models\\User', 67),
(3, 'App\\Models\\User', 68),
(3, 'App\\Models\\User', 69),
(3, 'App\\Models\\User', 70),
(3, 'App\\Models\\User', 71),
(3, 'App\\Models\\User', 72),
(3, 'App\\Models\\User', 73),
(3, 'App\\Models\\User', 74),
(3, 'App\\Models\\User', 75),
(3, 'App\\Models\\User', 76),
(3, 'App\\Models\\User', 77),
(3, 'App\\Models\\User', 78),
(3, 'App\\Models\\User', 79),
(3, 'App\\Models\\User', 80),
(3, 'App\\Models\\User', 81),
(3, 'App\\Models\\User', 82),
(3, 'App\\Models\\User', 83),
(3, 'App\\Models\\User', 84),
(3, 'App\\Models\\User', 85),
(3, 'App\\Models\\User', 86),
(3, 'App\\Models\\User', 87),
(3, 'App\\Models\\User', 88),
(3, 'App\\Models\\User', 89),
(3, 'App\\Models\\User', 90),
(3, 'App\\Models\\User', 91),
(3, 'App\\Models\\User', 92),
(3, 'App\\Models\\User', 93),
(3, 'App\\Models\\User', 94),
(3, 'App\\Models\\User', 95),
(3, 'App\\Models\\User', 96),
(3, 'App\\Models\\User', 97),
(3, 'App\\Models\\User', 98),
(3, 'App\\Models\\User', 99),
(3, 'App\\Models\\User', 100),
(3, 'App\\Models\\User', 101),
(3, 'App\\Models\\User', 102),
(3, 'App\\Models\\User', 103),
(3, 'App\\Models\\User', 104),
(3, 'App\\Models\\User', 105),
(3, 'App\\Models\\User', 106);

-- --------------------------------------------------------

--
-- Table structure for table `password_reset_tokens`
--

CREATE TABLE `password_reset_tokens` (
  `email` varchar(255) COLLATE utf8mb4_unicode_ci NOT NULL,
  `token` varchar(255) COLLATE utf8mb4_unicode_ci NOT NULL,
  `created_at` timestamp NULL DEFAULT NULL
) ENGINE=InnoDB DEFAULT CHARSET=utf8mb4 COLLATE=utf8mb4_unicode_ci;

-- --------------------------------------------------------

--
-- Table structure for table `payments`
--

CREATE TABLE `payments` (
  `id` bigint UNSIGNED NOT NULL,
  `amount` decimal(10,2) NOT NULL,
  `payment_date` date NOT NULL,
  `payment_method` varchar(255) COLLATE utf8mb4_unicode_ci NOT NULL,
  `transaction_id` varchar(255) COLLATE utf8mb4_unicode_ci DEFAULT NULL,
  `remarks` text COLLATE utf8mb4_unicode_ci,
  `received_by` bigint UNSIGNED NOT NULL,
  `student_id` bigint UNSIGNED NOT NULL,
  `fee_id` bigint UNSIGNED DEFAULT NULL,
  `created_at` timestamp NULL DEFAULT NULL,
  `updated_at` timestamp NULL DEFAULT NULL,
  `deleted_at` timestamp NULL DEFAULT NULL
) ENGINE=InnoDB DEFAULT CHARSET=utf8mb4 COLLATE=utf8mb4_unicode_ci;

-- --------------------------------------------------------

--
-- Table structure for table `permissions`
--

CREATE TABLE `permissions` (
  `id` bigint UNSIGNED NOT NULL,
  `name` varchar(255) COLLATE utf8mb4_unicode_ci NOT NULL,
  `guard_name` varchar(255) COLLATE utf8mb4_unicode_ci NOT NULL,
  `created_at` timestamp NULL DEFAULT NULL,
  `updated_at` timestamp NULL DEFAULT NULL
) ENGINE=InnoDB DEFAULT CHARSET=utf8mb4 COLLATE=utf8mb4_unicode_ci;

--
-- Dumping data for table `permissions`
--

INSERT INTO `permissions` (`id`, `name`, `guard_name`, `created_at`, `updated_at`) VALUES
(1, 'create attendance', 'web', '2025-11-19 09:52:52', '2025-11-19 09:52:52'),
(2, 'view attendance', 'web', '2025-11-19 09:52:52', '2025-11-19 09:52:52'),
(3, 'update attendance', 'web', '2025-11-19 09:52:52', '2025-11-19 09:52:52'),
(4, 'delete attendance', 'web', '2025-11-19 09:52:52', '2025-11-19 09:52:52'),
(5, 'create classroom', 'web', '2025-11-19 09:52:52', '2025-11-19 09:52:52'),
(6, 'view classroom', 'web', '2025-11-19 09:52:52', '2025-11-19 09:52:52'),
(7, 'update classroom', 'web', '2025-11-19 09:52:52', '2025-11-19 09:52:52'),
(8, 'delete classroom', 'web', '2025-11-19 09:52:52', '2025-11-19 09:52:52'),
(9, 'create course-offering', 'web', '2025-11-19 09:52:52', '2025-11-19 09:52:52'),
(10, 'view course-offering', 'web', '2025-11-19 09:52:52', '2025-11-19 09:52:52'),
(11, 'update course-offering', 'web', '2025-11-19 09:52:52', '2025-11-19 09:52:52'),
(12, 'delete course-offering', 'web', '2025-11-19 09:52:52', '2025-11-19 09:52:52'),
(13, 'create department', 'web', '2025-11-19 09:52:52', '2025-11-19 09:52:52'),
(14, 'view department', 'web', '2025-11-19 09:52:52', '2025-11-19 09:52:52'),
(15, 'update department', 'web', '2025-11-19 09:52:52', '2025-11-19 09:52:52'),
(16, 'delete department', 'web', '2025-11-19 09:52:52', '2025-11-19 09:52:52'),
(17, 'create district', 'web', '2025-11-19 09:52:52', '2025-11-19 09:52:52'),
(18, 'view district', 'web', '2025-11-19 09:52:52', '2025-11-19 09:52:52'),
(19, 'update district', 'web', '2025-11-19 09:52:52', '2025-11-19 09:52:52'),
(20, 'delete district', 'web', '2025-11-19 09:52:52', '2025-11-19 09:52:52'),
(21, 'create exam', 'web', '2025-11-19 09:52:52', '2025-11-19 09:52:52'),
(22, 'view exam', 'web', '2025-11-19 09:52:52', '2025-11-19 09:52:52'),
(23, 'update exam', 'web', '2025-11-19 09:52:52', '2025-11-19 09:52:52'),
(24, 'delete exam', 'web', '2025-11-19 09:52:52', '2025-11-19 09:52:52'),
(25, 'create expense', 'web', '2025-11-19 09:52:52', '2025-11-19 09:52:52'),
(26, 'view expense', 'web', '2025-11-19 09:52:52', '2025-11-19 09:52:52'),
(27, 'update expense', 'web', '2025-11-19 09:52:52', '2025-11-19 09:52:52'),
(28, 'delete expense', 'web', '2025-11-19 09:52:52', '2025-11-19 09:52:52'),
(29, 'create expense-category', 'web', '2025-11-19 09:52:52', '2025-11-19 09:52:52'),
(30, 'view expense-category', 'web', '2025-11-19 09:52:52', '2025-11-19 09:52:52'),
(31, 'update expense-category', 'web', '2025-11-19 09:52:52', '2025-11-19 09:52:52'),
(32, 'delete expense-category', 'web', '2025-11-19 09:52:52', '2025-11-19 09:52:52'),
(33, 'create fee', 'web', '2025-11-19 09:52:52', '2025-11-19 09:52:52'),
(34, 'view fee', 'web', '2025-11-19 09:52:52', '2025-11-19 09:52:52'),
(35, 'update fee', 'web', '2025-11-19 09:52:52', '2025-11-19 09:52:52'),
(36, 'delete fee', 'web', '2025-11-19 09:52:52', '2025-11-19 09:52:52'),
(37, 'create fee-type', 'web', '2025-11-19 09:52:52', '2025-11-19 09:52:52'),
(38, 'view fee-type', 'web', '2025-11-19 09:52:52', '2025-11-19 09:52:52'),
(39, 'update fee-type', 'web', '2025-11-19 09:52:52', '2025-11-19 09:52:52'),
(40, 'delete fee-type', 'web', '2025-11-19 09:52:52', '2025-11-19 09:52:52'),
(41, 'create payment', 'web', '2025-11-19 09:52:52', '2025-11-19 09:52:52'),
(42, 'view payment', 'web', '2025-11-19 09:52:52', '2025-11-19 09:52:52'),
(43, 'update payment', 'web', '2025-11-19 09:52:52', '2025-11-19 09:52:52'),
(44, 'delete payment', 'web', '2025-11-19 09:52:52', '2025-11-19 09:52:52'),
(45, 'create schedule', 'web', '2025-11-19 09:52:52', '2025-11-19 09:52:52'),
(46, 'view schedule', 'web', '2025-11-19 09:52:52', '2025-11-19 09:52:52'),
(47, 'update schedule', 'web', '2025-11-19 09:52:52', '2025-11-19 09:52:52'),
(48, 'delete schedule', 'web', '2025-11-19 09:52:52', '2025-11-19 09:52:52'),
(49, 'create score', 'web', '2025-11-19 09:52:53', '2025-11-19 09:52:53'),
(50, 'view score', 'web', '2025-11-19 09:52:53', '2025-11-19 09:52:53'),
(51, 'update score', 'web', '2025-11-19 09:52:53', '2025-11-19 09:52:53'),
(52, 'delete score', 'web', '2025-11-19 09:52:53', '2025-11-19 09:52:53'),
(53, 'create student-course', 'web', '2025-11-19 09:52:53', '2025-11-19 09:52:53'),
(54, 'view student-course', 'web', '2025-11-19 09:52:53', '2025-11-19 09:52:53'),
(55, 'update student-course', 'web', '2025-11-19 09:52:53', '2025-11-19 09:52:53'),
(56, 'delete student-course', 'web', '2025-11-19 09:52:53', '2025-11-19 09:52:53'),
(57, 'create subject', 'web', '2025-11-19 09:52:53', '2025-11-19 09:52:53'),
(58, 'view subject', 'web', '2025-11-19 09:52:53', '2025-11-19 09:52:53'),
(59, 'update subject', 'web', '2025-11-19 09:52:53', '2025-11-19 09:52:53'),
(60, 'delete subject', 'web', '2025-11-19 09:52:53', '2025-11-19 09:52:53'),
(61, 'create teacher-subject', 'web', '2025-11-19 09:52:53', '2025-11-19 09:52:53'),
(62, 'view teacher-subject', 'web', '2025-11-19 09:52:53', '2025-11-19 09:52:53'),
(63, 'update teacher-subject', 'web', '2025-11-19 09:52:53', '2025-11-19 09:52:53'),
(64, 'delete teacher-subject', 'web', '2025-11-19 09:52:53', '2025-11-19 09:52:53'),
(65, 'create user', 'web', '2025-11-19 09:52:53', '2025-11-19 09:52:53'),
(66, 'view user', 'web', '2025-11-19 09:52:53', '2025-11-19 09:52:53'),
(67, 'update user', 'web', '2025-11-19 09:52:53', '2025-11-19 09:52:53'),
(68, 'delete user', 'web', '2025-11-19 09:52:53', '2025-11-19 09:52:53');

-- --------------------------------------------------------

--
-- Table structure for table `personal_access_tokens`
--

CREATE TABLE `personal_access_tokens` (
  `id` bigint UNSIGNED NOT NULL,
  `tokenable_type` varchar(255) COLLATE utf8mb4_unicode_ci NOT NULL,
  `tokenable_id` bigint UNSIGNED NOT NULL,
  `name` varchar(255) COLLATE utf8mb4_unicode_ci NOT NULL,
  `token` varchar(64) COLLATE utf8mb4_unicode_ci NOT NULL,
  `abilities` text COLLATE utf8mb4_unicode_ci,
  `last_used_at` timestamp NULL DEFAULT NULL,
  `expires_at` timestamp NULL DEFAULT NULL,
  `created_at` timestamp NULL DEFAULT NULL,
  `updated_at` timestamp NULL DEFAULT NULL
) ENGINE=InnoDB DEFAULT CHARSET=utf8mb4 COLLATE=utf8mb4_unicode_ci;

-- --------------------------------------------------------

--
-- Table structure for table `roles`
--

CREATE TABLE `roles` (
  `id` bigint UNSIGNED NOT NULL,
  `name` varchar(255) COLLATE utf8mb4_unicode_ci NOT NULL,
  `guard_name` varchar(255) COLLATE utf8mb4_unicode_ci NOT NULL,
  `created_at` timestamp NULL DEFAULT NULL,
  `updated_at` timestamp NULL DEFAULT NULL
) ENGINE=InnoDB DEFAULT CHARSET=utf8mb4 COLLATE=utf8mb4_unicode_ci;

--
-- Dumping data for table `roles`
--

INSERT INTO `roles` (`id`, `name`, `guard_name`, `created_at`, `updated_at`) VALUES
(1, 'admin', 'web', '2025-11-19 09:52:53', '2025-11-19 09:52:53'),
(2, 'teacher', 'web', '2025-11-19 09:52:53', '2025-11-19 09:52:53'),
(3, 'student', 'web', '2025-11-19 09:52:53', '2025-11-19 09:52:53'),
(4, 'guardian', 'web', '2025-11-19 09:52:53', '2025-11-19 09:52:53'),
(5, 'staff', 'web', '2025-11-19 09:52:53', '2025-11-19 09:52:53');

-- --------------------------------------------------------

--
-- Table structure for table `role_has_permissions`
--

CREATE TABLE `role_has_permissions` (
  `permission_id` bigint UNSIGNED NOT NULL,
  `role_id` bigint UNSIGNED NOT NULL
) ENGINE=InnoDB DEFAULT CHARSET=utf8mb4 COLLATE=utf8mb4_unicode_ci;

-- --------------------------------------------------------

--
-- Table structure for table `schedules`
--

CREATE TABLE `schedules` (
  `id` bigint UNSIGNED NOT NULL,
  `teacher_id` bigint UNSIGNED NOT NULL,
  `subject_id` bigint UNSIGNED NOT NULL,
  `classroom_id` bigint UNSIGNED NOT NULL,
  `weekday` varchar(255) COLLATE utf8mb4_unicode_ci NOT NULL,
  `start_time` time NOT NULL,
  `end_time` time NOT NULL,
  `created_at` timestamp NULL DEFAULT NULL,
  `updated_at` timestamp NULL DEFAULT NULL
) ENGINE=InnoDB DEFAULT CHARSET=utf8mb4 COLLATE=utf8mb4_unicode_ci;

--
-- Dumping data for table `schedules`
--

INSERT INTO `schedules` (`id`, `teacher_id`, `subject_id`, `classroom_id`, `weekday`, `start_time`, `end_time`, `created_at`, `updated_at`) VALUES
(1, 2, 1, 1, 'Monday', '08:00:00', '09:30:00', '2025-11-19 09:53:15', '2025-11-19 09:53:15'),
(2, 2, 4, 13, 'Wednesday', '08:00:00', '09:30:00', '2025-11-19 09:53:15', '2025-11-19 09:53:15'),
(3, 2, 4, 10, 'Thursday', '08:00:00', '09:30:00', '2025-11-19 09:53:15', '2025-11-19 09:53:15'),
(4, 3, 3, 13, 'Monday', '08:00:00', '09:30:00', '2025-11-19 09:53:15', '2025-11-19 09:53:15'),
(5, 3, 1, 13, 'Thursday', '08:00:00', '09:30:00', '2025-11-19 09:53:15', '2025-11-19 09:53:15'),
(6, 3, 5, 3, 'Wednesday', '08:00:00', '09:30:00', '2025-11-19 09:53:15', '2025-11-19 09:53:15'),
(7, 4, 2, 14, 'Wednesday', '08:00:00', '09:30:00', '2025-11-19 09:53:15', '2025-11-19 09:53:15'),
(8, 4, 5, 2, 'Wednesday', '08:00:00', '09:30:00', '2025-11-19 09:53:15', '2025-11-19 09:53:15'),
(9, 4, 1, 7, 'Wednesday', '08:00:00', '09:30:00', '2025-11-19 09:53:15', '2025-11-19 09:53:15'),
(10, 5, 1, 6, 'Monday', '08:00:00', '09:30:00', '2025-11-19 09:53:15', '2025-11-19 09:53:15'),
(11, 5, 1, 6, 'Tuesday', '08:00:00', '09:30:00', '2025-11-19 09:53:15', '2025-11-19 09:53:15'),
(12, 5, 4, 14, 'Wednesday', '08:00:00', '09:30:00', '2025-11-19 09:53:15', '2025-11-19 09:53:15'),
(13, 6, 3, 10, 'Monday', '08:00:00', '09:30:00', '2025-11-19 09:53:15', '2025-11-19 09:53:15'),
(14, 6, 3, 13, 'Wednesday', '08:00:00', '09:30:00', '2025-11-19 09:53:15', '2025-11-19 09:53:15'),
(15, 6, 3, 5, 'Friday', '08:00:00', '09:30:00', '2025-11-19 09:53:15', '2025-11-19 09:53:15');

-- --------------------------------------------------------

--
-- Table structure for table `scores`
--

CREATE TABLE `scores` (
  `id` bigint UNSIGNED NOT NULL,
  `student_id` bigint UNSIGNED NOT NULL,
  `exam_id` bigint UNSIGNED NOT NULL,
  `course_offering_id` bigint UNSIGNED NOT NULL,
  `semester` varchar(255) COLLATE utf8mb4_unicode_ci NOT NULL,
  `score` int NOT NULL,
  `grade` varchar(255) COLLATE utf8mb4_unicode_ci DEFAULT NULL,
  `remarks` text COLLATE utf8mb4_unicode_ci,
  `created_at` timestamp NULL DEFAULT NULL,
  `updated_at` timestamp NULL DEFAULT NULL,
  `deleted_at` timestamp NULL DEFAULT NULL
) ENGINE=InnoDB DEFAULT CHARSET=utf8mb4 COLLATE=utf8mb4_unicode_ci;

-- --------------------------------------------------------

--
-- Table structure for table `sessions`
--

CREATE TABLE `sessions` (
  `id` varchar(255) COLLATE utf8mb4_unicode_ci NOT NULL,
  `user_id` bigint UNSIGNED DEFAULT NULL,
  `ip_address` varchar(45) COLLATE utf8mb4_unicode_ci DEFAULT NULL,
  `user_agent` text COLLATE utf8mb4_unicode_ci,
  `payload` longtext COLLATE utf8mb4_unicode_ci NOT NULL,
  `last_activity` int NOT NULL
) ENGINE=InnoDB DEFAULT CHARSET=utf8mb4 COLLATE=utf8mb4_unicode_ci;

--
-- Dumping data for table `sessions`
--

INSERT INTO `sessions` (`id`, `user_id`, `ip_address`, `user_agent`, `payload`, `last_activity`) VALUES
('A1fm08feuZGG6JtYPQzh13DynYj4lr7xsk2xuylX', 1, '127.0.0.1', 'Mozilla/5.0 (X11; Linux x86_64) AppleWebKit/537.36 (KHTML, like Gecko) Chrome/142.0.0.0 Safari/537.36', 'YTo2OntzOjY6Il90b2tlbiI7czo0MDoiNjdDRnlsRWV6ajdvRFgzUVFIYVR0MXJDUUVBQlFHSlVmY3JWcGFrMCI7czozOiJ1cmwiO2E6MDp7fXM6OToiX3ByZXZpb3VzIjthOjI6e3M6MzoidXJsIjtzOjQxOiJodHRwOi8vbG9jYWxob3N0OjgxMDIvYWRtaW4vc2NvcmVzL2NyZWF0ZSI7czo1OiJyb3V0ZSI7czoxOToiYWRtaW4uc2NvcmVzLmNyZWF0ZSI7fXM6NjoiX2ZsYXNoIjthOjI6e3M6Mzoib2xkIjthOjA6e31zOjM6Im5ldyI7YTowOnt9fXM6NTA6ImxvZ2luX3dlYl81OWJhMzZhZGRjMmIyZjk0MDE1ODBmMDE0YzdmNThlYTRlMzA5ODlkIjtpOjE7czo0OiJhdXRoIjthOjE6e3M6MjE6InBhc3N3b3JkX2NvbmZpcm1lZF9hdCI7aToxNzYzNTcxMTk3O319', 1763574657);

-- --------------------------------------------------------

--
-- Table structure for table `student_course`
--

CREATE TABLE `student_course` (
  `student_id` bigint UNSIGNED NOT NULL,
  `course_offering_id` bigint UNSIGNED NOT NULL,
  `grade_final` decimal(5,2) DEFAULT NULL,
  `created_at` timestamp NULL DEFAULT NULL,
  `updated_at` timestamp NULL DEFAULT NULL
) ENGINE=InnoDB DEFAULT CHARSET=utf8mb4 COLLATE=utf8mb4_unicode_ci;

--
-- Dumping data for table `student_course`
--

INSERT INTO `student_course` (`student_id`, `course_offering_id`, `grade_final`, `created_at`, `updated_at`) VALUES
(7, 2, 61.84, '2025-11-19 09:53:15', '2025-11-19 09:53:15'),
(7, 3, 74.22, '2025-11-19 09:53:15', '2025-11-19 09:53:15'),
(7, 4, 84.28, '2025-11-19 09:53:15', '2025-11-19 09:53:15'),
(8, 2, 67.90, '2025-11-19 09:53:15', '2025-11-19 09:53:15'),
(8, 3, 98.10, '2025-11-19 09:53:15', '2025-11-19 09:53:15'),
(8, 4, 97.93, '2025-11-19 09:53:15', '2025-11-19 09:53:15'),
(9, 1, 99.17, '2025-11-19 09:53:15', '2025-11-19 09:53:15'),
(9, 2, 92.86, '2025-11-19 09:53:15', '2025-11-19 09:53:15'),
(9, 4, 69.20, '2025-11-19 09:53:15', '2025-11-19 09:53:15'),
(10, 1, 81.24, '2025-11-19 09:53:15', '2025-11-19 09:53:15'),
(10, 2, 64.87, '2025-11-19 09:53:15', '2025-11-19 09:53:15'),
(10, 3, 95.64, '2025-11-19 09:53:15', '2025-11-19 09:53:15'),
(11, 2, 64.15, '2025-11-19 09:53:15', '2025-11-19 09:53:15'),
(11, 4, 94.26, '2025-11-19 09:53:15', '2025-11-19 09:53:15'),
(11, 5, 98.97, '2025-11-19 09:53:15', '2025-11-19 09:53:15'),
(12, 1, 63.27, '2025-11-19 09:53:15', '2025-11-19 09:53:15'),
(12, 3, 68.99, '2025-11-19 09:53:15', '2025-11-19 09:53:15'),
(12, 4, 78.29, '2025-11-19 09:53:15', '2025-11-19 09:53:15'),
(13, 1, 77.49, '2025-11-19 09:53:15', '2025-11-19 09:53:15'),
(13, 2, 91.86, '2025-11-19 09:53:15', '2025-11-19 09:53:15'),
(13, 4, 74.99, '2025-11-19 09:53:15', '2025-11-19 09:53:15'),
(14, 2, 68.38, '2025-11-19 09:53:15', '2025-11-19 09:53:15'),
(14, 3, 66.67, '2025-11-19 09:53:15', '2025-11-19 09:53:15'),
(14, 4, 76.82, '2025-11-19 09:53:15', '2025-11-19 09:53:15'),
(15, 1, 72.33, '2025-11-19 09:53:15', '2025-11-19 09:53:15'),
(15, 3, 95.32, '2025-11-19 09:53:15', '2025-11-19 09:53:15'),
(15, 4, 61.85, '2025-11-19 09:53:15', '2025-11-19 09:53:15'),
(16, 1, 79.48, '2025-11-19 09:53:15', '2025-11-19 09:53:15'),
(16, 4, 91.40, '2025-11-19 09:53:15', '2025-11-19 09:53:15'),
(16, 5, 89.93, '2025-11-19 09:53:15', '2025-11-19 09:53:15'),
(17, 1, 73.12, '2025-11-19 09:53:15', '2025-11-19 09:53:15'),
(17, 2, 95.29, '2025-11-19 09:53:15', '2025-11-19 09:53:15'),
(17, 4, 86.08, '2025-11-19 09:53:15', '2025-11-19 09:53:15'),
(18, 2, 66.63, '2025-11-19 09:53:15', '2025-11-19 09:53:15'),
(18, 4, 74.74, '2025-11-19 09:53:15', '2025-11-19 09:53:15'),
(18, 5, 60.22, '2025-11-19 09:53:15', '2025-11-19 09:53:15'),
(19, 3, 76.71, '2025-11-19 09:53:15', '2025-11-19 09:53:15'),
(19, 4, 70.08, '2025-11-19 09:53:15', '2025-11-19 09:53:15'),
(19, 5, 83.01, '2025-11-19 09:53:15', '2025-11-19 09:53:15'),
(20, 2, 68.18, '2025-11-19 09:53:15', '2025-11-19 09:53:15'),
(20, 4, 68.89, '2025-11-19 09:53:15', '2025-11-19 09:53:15'),
(20, 5, 89.68, '2025-11-19 09:53:15', '2025-11-19 09:53:15'),
(21, 1, 82.43, '2025-11-19 09:53:15', '2025-11-19 09:53:15'),
(21, 2, 79.10, '2025-11-19 09:53:15', '2025-11-19 09:53:15'),
(21, 5, 70.21, '2025-11-19 09:53:15', '2025-11-19 09:53:15'),
(22, 2, 96.29, '2025-11-19 09:53:15', '2025-11-19 09:53:15'),
(22, 4, 68.70, '2025-11-19 09:53:15', '2025-11-19 09:53:15'),
(22, 5, 76.72, '2025-11-19 09:53:15', '2025-11-19 09:53:15'),
(23, 3, 88.71, '2025-11-19 09:53:15', '2025-11-19 09:53:15'),
(23, 4, 79.27, '2025-11-19 09:53:15', '2025-11-19 09:53:15'),
(23, 5, 74.86, '2025-11-19 09:53:15', '2025-11-19 09:53:15'),
(24, 1, 64.78, '2025-11-19 09:53:15', '2025-11-19 09:53:15'),
(24, 2, 83.61, '2025-11-19 09:53:15', '2025-11-19 09:53:15'),
(24, 4, 96.24, '2025-11-19 09:53:15', '2025-11-19 09:53:15'),
(25, 3, 82.76, '2025-11-19 09:53:15', '2025-11-19 09:53:15'),
(25, 4, 60.34, '2025-11-19 09:53:15', '2025-11-19 09:53:15'),
(25, 5, 66.08, '2025-11-19 09:53:15', '2025-11-19 09:53:15'),
(26, 1, 66.14, '2025-11-19 09:53:15', '2025-11-19 09:53:15'),
(26, 4, 79.24, '2025-11-19 09:53:15', '2025-11-19 09:53:15'),
(26, 5, 82.67, '2025-11-19 09:53:15', '2025-11-19 09:53:15'),
(27, 1, 83.47, '2025-11-19 09:53:15', '2025-11-19 09:53:15'),
(27, 2, 64.24, '2025-11-19 09:53:15', '2025-11-19 09:53:15'),
(27, 5, 73.37, '2025-11-19 09:53:15', '2025-11-19 09:53:15'),
(28, 1, 80.49, '2025-11-19 09:53:15', '2025-11-19 09:53:15'),
(28, 2, 71.00, '2025-11-19 09:53:15', '2025-11-19 09:53:15'),
(28, 5, 85.82, '2025-11-19 09:53:15', '2025-11-19 09:53:15'),
(29, 1, 85.47, '2025-11-19 09:53:15', '2025-11-19 09:53:15'),
(29, 2, 94.84, '2025-11-19 09:53:15', '2025-11-19 09:53:15'),
(29, 4, 79.16, '2025-11-19 09:53:15', '2025-11-19 09:53:15'),
(30, 1, 68.98, '2025-11-19 09:53:15', '2025-11-19 09:53:15'),
(30, 3, 74.33, '2025-11-19 09:53:15', '2025-11-19 09:53:15'),
(30, 4, 91.49, '2025-11-19 09:53:15', '2025-11-19 09:53:15'),
(31, 1, 60.41, '2025-11-19 09:53:15', '2025-11-19 09:53:15'),
(31, 2, 81.33, '2025-11-19 09:53:15', '2025-11-19 09:53:15'),
(31, 3, 88.37, '2025-11-19 09:53:15', '2025-11-19 09:53:15'),
(32, 3, 87.45, '2025-11-19 09:53:15', '2025-11-19 09:53:15'),
(32, 4, 93.49, '2025-11-19 09:53:15', '2025-11-19 09:53:15'),
(32, 5, 62.86, '2025-11-19 09:53:15', '2025-11-19 09:53:15'),
(33, 1, 65.43, '2025-11-19 09:53:15', '2025-11-19 09:53:15'),
(33, 4, 99.34, '2025-11-19 09:53:15', '2025-11-19 09:53:15'),
(33, 5, 83.82, '2025-11-19 09:53:15', '2025-11-19 09:53:15'),
(34, 1, 87.16, '2025-11-19 09:53:15', '2025-11-19 09:53:15'),
(34, 3, 94.58, '2025-11-19 09:53:15', '2025-11-19 09:53:15'),
(34, 4, 70.62, '2025-11-19 09:53:15', '2025-11-19 09:53:15'),
(35, 1, 73.78, '2025-11-19 09:53:15', '2025-11-19 09:53:15'),
(35, 2, 89.68, '2025-11-19 09:53:15', '2025-11-19 09:53:15'),
(35, 3, 73.68, '2025-11-19 09:53:15', '2025-11-19 09:53:15'),
(36, 1, 67.87, '2025-11-19 09:53:15', '2025-11-19 09:53:15'),
(36, 2, 83.45, '2025-11-19 09:53:15', '2025-11-19 09:53:15'),
(36, 4, 75.61, '2025-11-19 09:53:15', '2025-11-19 09:53:15'),
(37, 1, 76.43, '2025-11-19 09:53:15', '2025-11-19 09:53:15'),
(37, 4, 87.74, '2025-11-19 09:53:15', '2025-11-19 09:53:15'),
(37, 5, 98.25, '2025-11-19 09:53:15', '2025-11-19 09:53:15'),
(38, 1, 75.51, '2025-11-19 09:53:15', '2025-11-19 09:53:15'),
(38, 2, 60.07, '2025-11-19 09:53:15', '2025-11-19 09:53:15'),
(38, 5, 60.91, '2025-11-19 09:53:15', '2025-11-19 09:53:15'),
(39, 2, 92.75, '2025-11-19 09:53:15', '2025-11-19 09:53:15'),
(39, 4, 61.69, '2025-11-19 09:53:15', '2025-11-19 09:53:15'),
(39, 5, 96.52, '2025-11-19 09:53:15', '2025-11-19 09:53:15'),
(40, 1, 80.91, '2025-11-19 09:53:15', '2025-11-19 09:53:15'),
(40, 3, 69.68, '2025-11-19 09:53:15', '2025-11-19 09:53:15'),
(40, 4, 77.29, '2025-11-19 09:53:15', '2025-11-19 09:53:15'),
(41, 2, 99.54, '2025-11-19 09:53:15', '2025-11-19 09:53:15'),
(41, 3, 95.72, '2025-11-19 09:53:15', '2025-11-19 09:53:15'),
(41, 4, 94.02, '2025-11-19 09:53:15', '2025-11-19 09:53:15'),
(42, 1, 69.53, '2025-11-19 09:53:15', '2025-11-19 09:53:15'),
(42, 3, 86.73, '2025-11-19 09:53:15', '2025-11-19 09:53:15'),
(42, 4, 80.08, '2025-11-19 09:53:15', '2025-11-19 09:53:15'),
(43, 2, 99.18, '2025-11-19 09:53:15', '2025-11-19 09:53:15'),
(43, 3, 94.56, '2025-11-19 09:53:15', '2025-11-19 09:53:15'),
(43, 5, 86.73, '2025-11-19 09:53:15', '2025-11-19 09:53:15'),
(44, 1, 70.04, '2025-11-19 09:53:15', '2025-11-19 09:53:15'),
(44, 3, 64.27, '2025-11-19 09:53:15', '2025-11-19 09:53:15'),
(44, 5, 92.88, '2025-11-19 09:53:15', '2025-11-19 09:53:15'),
(45, 1, 86.68, '2025-11-19 09:53:15', '2025-11-19 09:53:15'),
(45, 3, 91.19, '2025-11-19 09:53:15', '2025-11-19 09:53:15'),
(45, 5, 71.86, '2025-11-19 09:53:15', '2025-11-19 09:53:15'),
(46, 2, 82.04, '2025-11-19 09:53:15', '2025-11-19 09:53:15'),
(46, 3, 79.47, '2025-11-19 09:53:15', '2025-11-19 09:53:15'),
(46, 5, 93.12, '2025-11-19 09:53:15', '2025-11-19 09:53:15'),
(47, 1, 74.60, '2025-11-19 09:53:15', '2025-11-19 09:53:15'),
(47, 2, 68.25, '2025-11-19 09:53:15', '2025-11-19 09:53:15'),
(47, 5, 78.20, '2025-11-19 09:53:15', '2025-11-19 09:53:15'),
(48, 1, 61.68, '2025-11-19 09:53:15', '2025-11-19 09:53:15'),
(48, 3, 82.16, '2025-11-19 09:53:15', '2025-11-19 09:53:15'),
(48, 5, 86.17, '2025-11-19 09:53:15', '2025-11-19 09:53:15'),
(49, 1, 79.21, '2025-11-19 09:53:15', '2025-11-19 09:53:15'),
(49, 3, 71.54, '2025-11-19 09:53:15', '2025-11-19 09:53:15'),
(49, 4, 90.98, '2025-11-19 09:53:15', '2025-11-19 09:53:15'),
(50, 1, 77.34, '2025-11-19 09:53:15', '2025-11-19 09:53:15'),
(50, 2, 71.87, '2025-11-19 09:53:15', '2025-11-19 09:53:15'),
(50, 4, 87.01, '2025-11-19 09:53:15', '2025-11-19 09:53:15'),
(51, 1, 68.46, '2025-11-19 09:53:15', '2025-11-19 09:53:15'),
(51, 4, 90.02, '2025-11-19 09:53:15', '2025-11-19 09:53:15'),
(51, 5, 72.87, '2025-11-19 09:53:15', '2025-11-19 09:53:15'),
(52, 2, 93.10, '2025-11-19 09:53:15', '2025-11-19 09:53:15'),
(52, 3, 77.54, '2025-11-19 09:53:15', '2025-11-19 09:53:15'),
(52, 5, 82.10, '2025-11-19 09:53:15', '2025-11-19 09:53:15'),
(53, 3, 93.48, '2025-11-19 09:53:15', '2025-11-19 09:53:15'),
(53, 4, 63.02, '2025-11-19 09:53:15', '2025-11-19 09:53:15'),
(53, 5, 82.44, '2025-11-19 09:53:15', '2025-11-19 09:53:15'),
(54, 1, 60.97, '2025-11-19 09:53:15', '2025-11-19 09:53:15'),
(54, 2, 99.99, '2025-11-19 09:53:15', '2025-11-19 09:53:15'),
(54, 3, 84.58, '2025-11-19 09:53:15', '2025-11-19 09:53:15'),
(55, 1, 91.70, '2025-11-19 09:53:15', '2025-11-19 09:53:15'),
(55, 3, 62.78, '2025-11-19 09:53:15', '2025-11-19 09:53:15'),
(55, 5, 71.14, '2025-11-19 09:53:15', '2025-11-19 09:53:15'),
(56, 1, 66.34, '2025-11-19 09:53:15', '2025-11-19 09:53:15'),
(56, 2, 93.84, '2025-11-19 09:53:15', '2025-11-19 09:53:15'),
(56, 3, 77.58, '2025-11-19 09:53:15', '2025-11-19 09:53:15'),
(57, 1, 60.85, '2025-11-19 09:53:15', '2025-11-19 09:53:15'),
(57, 2, 93.13, '2025-11-19 09:53:15', '2025-11-19 09:53:15'),
(57, 5, 72.91, '2025-11-19 09:53:15', '2025-11-19 09:53:15'),
(58, 1, 90.05, '2025-11-19 09:53:15', '2025-11-19 09:53:15'),
(58, 2, 87.19, '2025-11-19 09:53:15', '2025-11-19 09:53:15'),
(58, 4, 91.45, '2025-11-19 09:53:15', '2025-11-19 09:53:15'),
(59, 2, 68.44, '2025-11-19 09:53:15', '2025-11-19 09:53:15'),
(59, 3, 94.97, '2025-11-19 09:53:15', '2025-11-19 09:53:15'),
(59, 5, 88.82, '2025-11-19 09:53:15', '2025-11-19 09:53:15'),
(60, 1, 65.49, '2025-11-19 09:53:15', '2025-11-19 09:53:15'),
(60, 3, 74.92, '2025-11-19 09:53:15', '2025-11-19 09:53:15'),
(60, 4, 60.02, '2025-11-19 09:53:15', '2025-11-19 09:53:15'),
(61, 2, 79.62, '2025-11-19 09:53:15', '2025-11-19 09:53:15'),
(61, 4, 91.19, '2025-11-19 09:53:15', '2025-11-19 09:53:15'),
(61, 5, 84.72, '2025-11-19 09:53:15', '2025-11-19 09:53:15'),
(62, 1, 94.21, '2025-11-19 09:53:15', '2025-11-19 09:53:15'),
(62, 3, 96.21, '2025-11-19 09:53:15', '2025-11-19 09:53:15'),
(62, 5, 91.20, '2025-11-19 09:53:15', '2025-11-19 09:53:15'),
(63, 2, 70.02, '2025-11-19 09:53:15', '2025-11-19 09:53:15'),
(63, 4, 84.15, '2025-11-19 09:53:15', '2025-11-19 09:53:15'),
(63, 5, 76.16, '2025-11-19 09:53:15', '2025-11-19 09:53:15'),
(64, 1, 89.06, '2025-11-19 09:53:15', '2025-11-19 09:53:15'),
(64, 2, 86.45, '2025-11-19 09:53:15', '2025-11-19 09:53:15'),
(64, 5, 64.20, '2025-11-19 09:53:15', '2025-11-19 09:53:15'),
(65, 1, 97.15, '2025-11-19 09:53:15', '2025-11-19 09:53:15'),
(65, 2, 87.51, '2025-11-19 09:53:15', '2025-11-19 09:53:15'),
(65, 3, 81.70, '2025-11-19 09:53:15', '2025-11-19 09:53:15'),
(66, 2, 60.40, '2025-11-19 09:53:15', '2025-11-19 09:53:15'),
(66, 3, 92.36, '2025-11-19 09:53:15', '2025-11-19 09:53:15'),
(66, 4, 61.36, '2025-11-19 09:53:15', '2025-11-19 09:53:15'),
(67, 3, 91.94, '2025-11-19 09:53:15', '2025-11-19 09:53:15'),
(67, 4, 83.65, '2025-11-19 09:53:15', '2025-11-19 09:53:15'),
(67, 5, 93.51, '2025-11-19 09:53:15', '2025-11-19 09:53:15'),
(68, 3, 78.58, '2025-11-19 09:53:15', '2025-11-19 09:53:15'),
(68, 4, 85.57, '2025-11-19 09:53:15', '2025-11-19 09:53:15'),
(68, 5, 91.24, '2025-11-19 09:53:15', '2025-11-19 09:53:15'),
(69, 1, 88.16, '2025-11-19 09:53:15', '2025-11-19 09:53:15'),
(69, 3, 91.94, '2025-11-19 09:53:15', '2025-11-19 09:53:15'),
(69, 4, 74.26, '2025-11-19 09:53:15', '2025-11-19 09:53:15'),
(70, 1, 81.48, '2025-11-19 09:53:15', '2025-11-19 09:53:15'),
(70, 3, 82.45, '2025-11-19 09:53:15', '2025-11-19 09:53:15'),
(70, 4, 75.47, '2025-11-19 09:53:15', '2025-11-19 09:53:15'),
(71, 2, 64.43, '2025-11-19 09:53:15', '2025-11-19 09:53:15'),
(71, 3, 63.06, '2025-11-19 09:53:15', '2025-11-19 09:53:15'),
(71, 4, 84.71, '2025-11-19 09:53:15', '2025-11-19 09:53:15'),
(72, 1, 85.96, '2025-11-19 09:53:15', '2025-11-19 09:53:15'),
(72, 3, 85.44, '2025-11-19 09:53:15', '2025-11-19 09:53:15'),
(72, 4, 65.18, '2025-11-19 09:53:15', '2025-11-19 09:53:15'),
(73, 1, 64.53, '2025-11-19 09:53:15', '2025-11-19 09:53:15'),
(73, 4, 89.74, '2025-11-19 09:53:15', '2025-11-19 09:53:15'),
(73, 5, 70.22, '2025-11-19 09:53:15', '2025-11-19 09:53:15'),
(74, 2, 83.87, '2025-11-19 09:53:15', '2025-11-19 09:53:15'),
(74, 4, 98.07, '2025-11-19 09:53:15', '2025-11-19 09:53:15'),
(74, 5, 77.67, '2025-11-19 09:53:15', '2025-11-19 09:53:15'),
(75, 3, 94.93, '2025-11-19 09:53:15', '2025-11-19 09:53:15'),
(75, 4, 73.29, '2025-11-19 09:53:15', '2025-11-19 09:53:15'),
(75, 5, 88.94, '2025-11-19 09:53:15', '2025-11-19 09:53:15'),
(76, 2, 65.21, '2025-11-19 09:53:15', '2025-11-19 09:53:15'),
(76, 4, 97.13, '2025-11-19 09:53:15', '2025-11-19 09:53:15'),
(76, 5, 61.69, '2025-11-19 09:53:15', '2025-11-19 09:53:15'),
(77, 1, 91.41, '2025-11-19 09:53:15', '2025-11-19 09:53:15'),
(77, 2, 91.64, '2025-11-19 09:53:15', '2025-11-19 09:53:15'),
(77, 3, 69.07, '2025-11-19 09:53:15', '2025-11-19 09:53:15'),
(78, 1, 75.32, '2025-11-19 09:53:15', '2025-11-19 09:53:15'),
(78, 4, 78.64, '2025-11-19 09:53:15', '2025-11-19 09:53:15'),
(78, 5, 71.31, '2025-11-19 09:53:15', '2025-11-19 09:53:15'),
(79, 1, 76.68, '2025-11-19 09:53:15', '2025-11-19 09:53:15'),
(79, 2, 89.71, '2025-11-19 09:53:15', '2025-11-19 09:53:15'),
(79, 5, 95.89, '2025-11-19 09:53:15', '2025-11-19 09:53:15'),
(80, 1, 69.19, '2025-11-19 09:53:15', '2025-11-19 09:53:15'),
(80, 3, 70.59, '2025-11-19 09:53:15', '2025-11-19 09:53:15'),
(80, 5, 64.21, '2025-11-19 09:53:15', '2025-11-19 09:53:15'),
(81, 3, 62.49, '2025-11-19 09:53:15', '2025-11-19 09:53:15'),
(81, 4, 86.60, '2025-11-19 09:53:15', '2025-11-19 09:53:15'),
(81, 5, 64.56, '2025-11-19 09:53:15', '2025-11-19 09:53:15'),
(82, 2, 63.23, '2025-11-19 09:53:15', '2025-11-19 09:53:15'),
(82, 3, 93.25, '2025-11-19 09:53:15', '2025-11-19 09:53:15'),
(82, 5, 99.82, '2025-11-19 09:53:15', '2025-11-19 09:53:15'),
(83, 1, 89.64, '2025-11-19 09:53:15', '2025-11-19 09:53:15'),
(83, 2, 63.50, '2025-11-19 09:53:15', '2025-11-19 09:53:15'),
(83, 5, 62.91, '2025-11-19 09:53:15', '2025-11-19 09:53:15'),
(84, 1, 66.84, '2025-11-19 09:53:15', '2025-11-19 09:53:15'),
(84, 3, 61.89, '2025-11-19 09:53:15', '2025-11-19 09:53:15'),
(84, 4, 82.29, '2025-11-19 09:53:15', '2025-11-19 09:53:15'),
(85, 2, 75.46, '2025-11-19 09:53:15', '2025-11-19 09:53:15'),
(85, 3, 92.81, '2025-11-19 09:53:15', '2025-11-19 09:53:15'),
(85, 5, 73.30, '2025-11-19 09:53:15', '2025-11-19 09:53:15'),
(86, 2, 68.81, '2025-11-19 09:53:15', '2025-11-19 09:53:15'),
(86, 3, 96.26, '2025-11-19 09:53:15', '2025-11-19 09:53:15'),
(86, 4, 89.28, '2025-11-19 09:53:15', '2025-11-19 09:53:15'),
(87, 3, 81.14, '2025-11-19 09:53:15', '2025-11-19 09:53:15'),
(87, 4, 77.05, '2025-11-19 09:53:15', '2025-11-19 09:53:15'),
(87, 5, 78.67, '2025-11-19 09:53:15', '2025-11-19 09:53:15'),
(88, 2, 85.58, '2025-11-19 09:53:15', '2025-11-19 09:53:15'),
(88, 4, 69.44, '2025-11-19 09:53:15', '2025-11-19 09:53:15'),
(88, 5, 74.46, '2025-11-19 09:53:15', '2025-11-19 09:53:15'),
(89, 1, 92.31, '2025-11-19 09:53:15', '2025-11-19 09:53:15'),
(89, 2, 65.07, '2025-11-19 09:53:15', '2025-11-19 09:53:15'),
(89, 4, 60.98, '2025-11-19 09:53:15', '2025-11-19 09:53:15'),
(90, 2, 99.75, '2025-11-19 09:53:15', '2025-11-19 09:53:15'),
(90, 4, 86.29, '2025-11-19 09:53:15', '2025-11-19 09:53:15'),
(90, 5, 76.93, '2025-11-19 09:53:15', '2025-11-19 09:53:15'),
(91, 1, 72.85, '2025-11-19 09:53:15', '2025-11-19 09:53:15'),
(91, 2, 88.09, '2025-11-19 09:53:15', '2025-11-19 09:53:15'),
(91, 3, 71.77, '2025-11-19 09:53:15', '2025-11-19 09:53:15'),
(92, 1, 89.06, '2025-11-19 09:53:15', '2025-11-19 09:53:15'),
(92, 4, 92.16, '2025-11-19 09:53:15', '2025-11-19 09:53:15'),
(92, 5, 65.84, '2025-11-19 09:53:15', '2025-11-19 09:53:15'),
(93, 3, 68.61, '2025-11-19 09:53:15', '2025-11-19 09:53:15'),
(93, 4, 64.69, '2025-11-19 09:53:15', '2025-11-19 09:53:15'),
(93, 5, 72.93, '2025-11-19 09:53:15', '2025-11-19 09:53:15'),
(94, 1, 67.80, '2025-11-19 09:53:15', '2025-11-19 09:53:15'),
(94, 3, 94.01, '2025-11-19 09:53:15', '2025-11-19 09:53:15'),
(94, 5, 90.02, '2025-11-19 09:53:15', '2025-11-19 09:53:15'),
(95, 2, 68.85, '2025-11-19 09:53:15', '2025-11-19 09:53:15'),
(95, 3, 85.31, '2025-11-19 09:53:15', '2025-11-19 09:53:15'),
(95, 4, 74.58, '2025-11-19 09:53:15', '2025-11-19 09:53:15'),
(96, 1, 89.27, '2025-11-19 09:53:15', '2025-11-19 09:53:15'),
(96, 4, 76.60, '2025-11-19 09:53:15', '2025-11-19 09:53:15'),
(96, 5, 71.95, '2025-11-19 09:53:15', '2025-11-19 09:53:15'),
(97, 2, 61.99, '2025-11-19 09:53:15', '2025-11-19 09:53:15'),
(97, 3, 60.30, '2025-11-19 09:53:15', '2025-11-19 09:53:15'),
(97, 5, 78.72, '2025-11-19 09:53:15', '2025-11-19 09:53:15'),
(98, 2, 76.83, '2025-11-19 09:53:15', '2025-11-19 09:53:15'),
(98, 3, 60.39, '2025-11-19 09:53:15', '2025-11-19 09:53:15'),
(98, 5, 74.09, '2025-11-19 09:53:15', '2025-11-19 09:53:15'),
(99, 1, 65.36, '2025-11-19 09:53:15', '2025-11-19 09:53:15'),
(99, 3, 72.41, '2025-11-19 09:53:15', '2025-11-19 09:53:15'),
(99, 5, 91.63, '2025-11-19 09:53:15', '2025-11-19 09:53:15'),
(100, 1, 66.56, '2025-11-19 09:53:15', '2025-11-19 09:53:15'),
(100, 3, 87.76, '2025-11-19 09:53:15', '2025-11-19 09:53:15'),
(100, 5, 90.31, '2025-11-19 09:53:15', '2025-11-19 09:53:15'),
(101, 1, 71.67, '2025-11-19 09:53:15', '2025-11-19 09:53:15'),
(101, 4, 81.32, '2025-11-19 09:53:15', '2025-11-19 09:53:15'),
(101, 5, 74.29, '2025-11-19 09:53:15', '2025-11-19 09:53:15'),
(102, 3, 93.53, '2025-11-19 09:53:15', '2025-11-19 09:53:15'),
(102, 4, 62.55, '2025-11-19 09:53:15', '2025-11-19 09:53:15'),
(102, 5, 66.98, '2025-11-19 09:53:15', '2025-11-19 09:53:15'),
(103, 2, 73.01, '2025-11-19 09:53:15', '2025-11-19 09:53:15'),
(103, 3, 99.63, '2025-11-19 09:53:15', '2025-11-19 09:53:15'),
(103, 5, 91.26, '2025-11-19 09:53:15', '2025-11-19 09:53:15'),
(104, 1, 77.63, '2025-11-19 09:53:15', '2025-11-19 09:53:15'),
(104, 2, 95.67, '2025-11-19 09:53:15', '2025-11-19 09:53:15'),
(104, 3, 62.86, '2025-11-19 09:53:15', '2025-11-19 09:53:15'),
(105, 3, 95.88, '2025-11-19 09:53:15', '2025-11-19 09:53:15'),
(105, 4, 70.38, '2025-11-19 09:53:15', '2025-11-19 09:53:15'),
(105, 5, 95.07, '2025-11-19 09:53:15', '2025-11-19 09:53:15'),
(106, 1, 76.13, '2025-11-19 09:53:15', '2025-11-19 09:53:15'),
(106, 3, 78.83, '2025-11-19 09:53:15', '2025-11-19 09:53:15'),
(106, 4, 77.84, '2025-11-19 09:53:15', '2025-11-19 09:53:15');

-- --------------------------------------------------------

--
-- Table structure for table `subjects`
--

CREATE TABLE `subjects` (
  `id` bigint UNSIGNED NOT NULL,
  `name` varchar(255) COLLATE utf8mb4_unicode_ci NOT NULL,
  `code` varchar(255) COLLATE utf8mb4_unicode_ci NOT NULL,
  `description` text COLLATE utf8mb4_unicode_ci,
  `credit_hours` int NOT NULL DEFAULT '1',
  `created_at` timestamp NULL DEFAULT NULL,
  `updated_at` timestamp NULL DEFAULT NULL,
  `deleted_at` timestamp NULL DEFAULT NULL
) ENGINE=InnoDB DEFAULT CHARSET=utf8mb4 COLLATE=utf8mb4_unicode_ci;

--
-- Dumping data for table `subjects`
--

INSERT INTO `subjects` (`id`, `name`, `code`, `description`, `credit_hours`, `created_at`, `updated_at`, `deleted_at`) VALUES
(1, 'Introduction to Programming', 'CS101', 'Introduction to Programming course description.', 3, '2025-11-19 09:53:15', '2025-11-19 09:55:07', '2025-11-19 09:55:07'),
(2, 'Data Structures', 'CS202', 'Data Structures course description.', 4, '2025-11-19 09:53:15', '2025-11-19 09:55:11', '2025-11-19 09:55:11'),
(3, 'British Literature', 'ENGL250', 'British Literature course description.', 3, '2025-11-19 09:53:15', '2025-11-19 09:53:15', NULL),
(4, 'Creative Writing', 'ENGL301', 'Creative Writing course description.', 3, '2025-11-19 09:53:15', '2025-11-19 09:53:15', NULL),
(5, 'Calculus I', 'MATH150', 'Calculus I course description.', 4, '2025-11-19 09:53:15', '2025-11-19 09:53:15', NULL),
(6, 'English', 'ENG001', NULL, 3, '2025-11-19 09:55:40', '2025-11-19 09:55:40', NULL);

-- --------------------------------------------------------

--
-- Table structure for table `users`
--

CREATE TABLE `users` (
  `id` bigint UNSIGNED NOT NULL,
  `name` varchar(255) COLLATE utf8mb4_unicode_ci NOT NULL,
  `email` varchar(255) COLLATE utf8mb4_unicode_ci NOT NULL,
  `email_verified_at` timestamp NULL DEFAULT NULL,
  `password` varchar(255) COLLATE utf8mb4_unicode_ci NOT NULL,
  `phone` varchar(255) COLLATE utf8mb4_unicode_ci DEFAULT NULL,
  `address` text COLLATE utf8mb4_unicode_ci,
  `date_of_birth` date DEFAULT NULL,
  `gender` enum('male','female','other') COLLATE utf8mb4_unicode_ci DEFAULT 'male',
  `department_id` bigint UNSIGNED DEFAULT NULL,
  `joining_date` date DEFAULT NULL,
  `qualification` varchar(255) COLLATE utf8mb4_unicode_ci DEFAULT NULL,
  `experience` varchar(255) COLLATE utf8mb4_unicode_ci DEFAULT NULL,
  `specialization` text COLLATE utf8mb4_unicode_ci,
  `salary` decimal(10,2) DEFAULT NULL,
  `cv` varchar(255) COLLATE utf8mb4_unicode_ci DEFAULT NULL,
  `blood_group` varchar(255) COLLATE utf8mb4_unicode_ci DEFAULT NULL,
  `nationality` varchar(255) COLLATE utf8mb4_unicode_ci DEFAULT NULL,
  `religion` varchar(255) COLLATE utf8mb4_unicode_ci DEFAULT NULL,
  `admission_date` date DEFAULT NULL,
  `occupation` varchar(255) COLLATE utf8mb4_unicode_ci DEFAULT NULL,
  `company` varchar(255) COLLATE utf8mb4_unicode_ci DEFAULT NULL,
  `avatar` varchar(255) COLLATE utf8mb4_unicode_ci DEFAULT NULL,
  `remember_token` varchar(100) COLLATE utf8mb4_unicode_ci DEFAULT NULL,
  `created_at` timestamp NULL DEFAULT NULL,
  `updated_at` timestamp NULL DEFAULT NULL,
  `deleted_at` timestamp NULL DEFAULT NULL
) ENGINE=InnoDB DEFAULT CHARSET=utf8mb4 COLLATE=utf8mb4_unicode_ci;

--
-- Dumping data for table `users`
--

INSERT INTO `users` (`id`, `name`, `email`, `email_verified_at`, `password`, `phone`, `address`, `date_of_birth`, `gender`, `department_id`, `joining_date`, `qualification`, `experience`, `specialization`, `salary`, `cv`, `blood_group`, `nationality`, `religion`, `admission_date`, `occupation`, `company`, `avatar`, `remember_token`, `created_at`, `updated_at`, `deleted_at`) VALUES
(1, 'Admin User', 'admin@example.com', '2025-11-19 09:52:53', '$2y$12$B8WtNv0BAaIC9j6Y3yMwFuQLit1byZfPh4aO5rWypP7//kThQuFTC', NULL, NULL, NULL, 'male', NULL, NULL, NULL, NULL, NULL, NULL, NULL, NULL, NULL, NULL, NULL, NULL, NULL, NULL, NULL, '2025-11-19 09:52:53', '2025-11-19 09:52:53', NULL),
(2, 'Candido Auer', 'teacher0@example.com', '2025-11-19 09:52:53', '$2y$12$aq.O./2fg1UUxufBKH7mauzVZuQ5IsH2o0sk2sQH2fWNK6QJdiWxa', NULL, NULL, NULL, 'male', 5, '1981-02-12', 'Bachelor', '5 years', 'Math', 53019.91, NULL, NULL, NULL, NULL, NULL, NULL, NULL, NULL, NULL, '2025-11-19 09:52:53', '2025-11-19 09:52:53', NULL),
(3, 'Frederik Steuber', 'teacher1@example.com', '2025-11-19 09:52:54', '$2y$12$QSmLr2nQvjFvMXNFT/7Y8O8yAWceaiBj9g9ptjUf86k.r2euNCwNO', NULL, NULL, NULL, 'male', 5, '1975-09-29', 'Master', '3 years', 'Math', 49166.08, NULL, NULL, NULL, NULL, NULL, NULL, NULL, NULL, NULL, '2025-11-19 09:52:54', '2025-11-19 09:52:54', NULL),
(4, 'Elnora Macejkovic', 'teacher2@example.com', '2025-11-19 09:52:54', '$2y$12$9k4fCwGaHVjs8G9mcD5I6Oac4EA4Z7hbYsLHLMSO5CIRCqpU.43xe', NULL, NULL, NULL, 'female', 5, '2020-07-20', 'Master', '3 years', 'Science', 69674.72, NULL, NULL, NULL, NULL, NULL, NULL, NULL, NULL, NULL, '2025-11-19 09:52:54', '2025-11-19 09:52:54', NULL),
(5, 'Giuseppe Little DVM', 'teacher3@example.com', '2025-11-19 09:52:54', '$2y$12$ZAyZec/nExJGyKdujJQa.OnCdkTvAOWUiGJ.HfwSV6iRnY54Y/V7m', NULL, NULL, NULL, 'male', 3, '2008-01-01', 'Bachelor', '5 years', 'Literature', 44866.87, NULL, NULL, NULL, NULL, NULL, NULL, NULL, NULL, NULL, '2025-11-19 09:52:54', '2025-11-19 09:52:54', NULL),
(6, 'Paige Skiles', 'teacher4@example.com', '2025-11-19 09:52:54', '$2y$12$XUVbnZrK/qwZbTvYFX8kSOC8ZgQtdNfRZrlOXwf63zCdvLM3hglEi', NULL, NULL, NULL, 'female', 3, '1998-08-15', 'Bachelor', '3 years', 'Science', 48641.63, NULL, NULL, NULL, NULL, NULL, NULL, NULL, NULL, NULL, '2025-11-19 09:52:54', '2025-11-19 09:52:54', NULL),
(7, 'Schuyler Wisoky', 'student0@example.com', '2025-11-19 09:52:54', '$2y$12$xQBEOXpajaEkSKtA28iV/eS1W8HAQW5DMV25uroGh/hIICaC91oE.', NULL, NULL, NULL, 'male', NULL, NULL, NULL, NULL, NULL, NULL, NULL, 'B+', 'Syrian Arab Republic', 'Christianity', '1987-09-17', NULL, NULL, NULL, NULL, '2025-11-19 09:52:54', '2025-11-19 09:52:54', NULL),
(8, 'Dr. Samir Kreiger', 'student1@example.com', '2025-11-19 09:52:55', '$2y$12$yLAWlOQXcJCj8oCH6KHPpOgoyNC6XJX8WxC3mRFdr.gPAFr.1g00S', NULL, NULL, NULL, 'male', NULL, NULL, NULL, NULL, NULL, NULL, NULL, 'AB+', 'France', 'Christianity', '1987-01-23', NULL, NULL, NULL, NULL, '2025-11-19 09:52:55', '2025-11-19 09:52:55', NULL),
(9, 'Evelyn Halvorson Sr.', 'student2@example.com', '2025-11-19 09:52:55', '$2y$12$R0XT3ieva/FcGrgd1UBnUOdzo0MLOK5Y2fwIY5RxtbShUVDJBZIp2', NULL, NULL, NULL, 'female', NULL, NULL, NULL, NULL, NULL, NULL, NULL, 'AB+', 'Martinique', 'Islam', '2007-12-04', NULL, NULL, NULL, NULL, '2025-11-19 09:52:55', '2025-11-19 09:52:55', NULL),
(10, 'Geovany Littel', 'student3@example.com', '2025-11-19 09:52:55', '$2y$12$XfVeoPb1HNiq86EEGQwih.0Bn9j1v4CyOkD9kfg9N4ovrE9IAeA8u', NULL, NULL, NULL, 'male', NULL, NULL, NULL, NULL, NULL, NULL, NULL, 'A+', 'Netherlands Antilles', 'Buddhism', '1986-07-04', NULL, NULL, NULL, NULL, '2025-11-19 09:52:55', '2025-11-19 09:52:55', NULL),
(11, 'Dr. Granville Heller', 'student4@example.com', '2025-11-19 09:52:55', '$2y$12$xmnWKilflRMo30HYs2xRFu6aqGC71QDjjKTNXsC9GdwQabrauPULK', NULL, NULL, NULL, 'male', NULL, NULL, NULL, NULL, NULL, NULL, NULL, 'B+', 'American Samoa', 'Islam', '2007-05-26', NULL, NULL, NULL, NULL, '2025-11-19 09:52:55', '2025-11-19 09:52:55', NULL),
(12, 'Roma Hamill', 'student5@example.com', '2025-11-19 09:52:55', '$2y$12$IvFdNwIRGvqKaKGvHzRlNebSanZ0zJaubhRf712uQ83L6Lt9TUlOu', NULL, NULL, NULL, 'female', NULL, NULL, NULL, NULL, NULL, NULL, NULL, 'O+', 'Korea', 'Hinduism', '2023-02-05', NULL, NULL, NULL, NULL, '2025-11-19 09:52:55', '2025-11-19 09:52:55', NULL),
(13, 'Beatrice Will', 'student6@example.com', '2025-11-19 09:52:56', '$2y$12$WPEeVCaL5pMvAL6OFBLJYO8l3ZSdI5VaVlLI8tguW.hCM1RoWuGmS', NULL, NULL, NULL, 'female', NULL, NULL, NULL, NULL, NULL, NULL, NULL, 'O+', 'Libyan Arab Jamahiriya', 'Buddhism', '2015-05-22', NULL, NULL, NULL, NULL, '2025-11-19 09:52:56', '2025-11-19 09:52:56', NULL),
(14, 'Lera Johnson', 'student7@example.com', '2025-11-19 09:52:56', '$2y$12$njUM22k/vEiGz6AuwEvNmuY5nRMHdaPQ9/cJsDXgKcVIRF7ePVwP6', NULL, NULL, NULL, 'female', NULL, NULL, NULL, NULL, NULL, NULL, NULL, 'AB+', 'Lao People\'s Democratic Republic', 'Christianity', '1992-08-03', NULL, NULL, NULL, NULL, '2025-11-19 09:52:56', '2025-11-19 09:52:56', NULL),
(15, 'America Rutherford', 'student8@example.com', '2025-11-19 09:52:56', '$2y$12$BCng4H/HzuNe4sPZ1RSQ/umUc5lj516HF1rujX9ayHETcO8UPMXXa', NULL, NULL, NULL, 'female', NULL, NULL, NULL, NULL, NULL, NULL, NULL, 'A+', 'Somalia', 'Islam', '2008-02-17', NULL, NULL, NULL, NULL, '2025-11-19 09:52:56', '2025-11-19 09:52:56', NULL),
(16, 'Prof. Susanna Miller I', 'student9@example.com', '2025-11-19 09:52:56', '$2y$12$RkoABi4uWBdatheb53jbIeWrbXtu61aRJUWdf28TV2qKqahciBac.', NULL, NULL, NULL, 'female', NULL, NULL, NULL, NULL, NULL, NULL, NULL, 'AB+', 'Mauritania', 'Hinduism', '2010-11-25', NULL, NULL, NULL, NULL, '2025-11-19 09:52:56', '2025-11-19 09:52:56', NULL),
(17, 'Geovany Wilderman', 'student10@example.com', '2025-11-19 09:52:57', '$2y$12$/fZ7fC40MMQlkvyQCT5oPelEgrpkb4DispDyT7uJB2bJiqmmKSoAW', NULL, NULL, NULL, 'male', NULL, NULL, NULL, NULL, NULL, NULL, NULL, 'A+', 'Gabon', 'Hinduism', '1979-07-05', NULL, NULL, NULL, NULL, '2025-11-19 09:52:57', '2025-11-19 09:52:57', NULL),
(18, 'Furman Kihn', 'student11@example.com', '2025-11-19 09:52:57', '$2y$12$IYnp.QzsDjnpXycSIUpyO.mcmfM26Ssyj0UWLky0J3M913WZO6Byq', NULL, NULL, NULL, 'male', NULL, NULL, NULL, NULL, NULL, NULL, NULL, 'AB+', 'Cyprus', 'Buddhism', '2013-08-04', NULL, NULL, NULL, NULL, '2025-11-19 09:52:57', '2025-11-19 09:52:57', NULL),
(19, 'Dr. Ethan Bradtke I', 'student12@example.com', '2025-11-19 09:52:57', '$2y$12$3QiWuhC0FnCczApSQG3Q7.ixsgoLLLk38V1.VHWe./88Wpug83j5C', NULL, NULL, NULL, 'male', NULL, NULL, NULL, NULL, NULL, NULL, NULL, 'AB+', 'Guadeloupe', 'Hinduism', '1979-11-19', NULL, NULL, NULL, NULL, '2025-11-19 09:52:57', '2025-11-19 09:52:57', NULL),
(20, 'Abbey Dibbert MD', 'student13@example.com', '2025-11-19 09:52:57', '$2y$12$9vhT/HfFAoktBMg31eBanuhHnShN72SmUYBfUjwR8f5Z2tP9ed4iO', NULL, NULL, NULL, 'female', NULL, NULL, NULL, NULL, NULL, NULL, NULL, 'O+', 'Ethiopia', 'Islam', '1995-08-28', NULL, NULL, NULL, NULL, '2025-11-19 09:52:57', '2025-11-19 09:52:57', NULL),
(21, 'Karen Will IV', 'student14@example.com', '2025-11-19 09:52:57', '$2y$12$w4xcMufKjPLV7nqcuU9TkOYJ2sH/.xPHvKez2EzHqx.PPTLp62Dz.', NULL, NULL, NULL, 'female', NULL, NULL, NULL, NULL, NULL, NULL, NULL, 'B+', 'Liechtenstein', 'Hinduism', '1970-10-29', NULL, NULL, NULL, NULL, '2025-11-19 09:52:57', '2025-11-19 09:52:57', NULL),
(22, 'Marietta Padberg', 'student15@example.com', '2025-11-19 09:52:58', '$2y$12$UHKIJ6gb9BRqSGrGvdirReihXk2yaVGt3yKwrWZRy9Cn9j48pATzq', NULL, NULL, NULL, 'female', NULL, NULL, NULL, NULL, NULL, NULL, NULL, 'AB+', 'Korea', 'Hinduism', '1986-07-21', NULL, NULL, NULL, NULL, '2025-11-19 09:52:58', '2025-11-19 09:52:58', NULL),
(23, 'Elda Beier I', 'student16@example.com', '2025-11-19 09:52:58', '$2y$12$QLl4YkIQEq9WiUoLfiu4/OtV0KXdpCHTbVbM/z7Bk3zU8O.Tx/wwy', NULL, NULL, NULL, 'female', NULL, NULL, NULL, NULL, NULL, NULL, NULL, 'B+', 'Uganda', 'Buddhism', '1994-11-25', NULL, NULL, NULL, NULL, '2025-11-19 09:52:58', '2025-11-19 09:52:58', NULL),
(24, 'Jon Pagac', 'student17@example.com', '2025-11-19 09:52:58', '$2y$12$pIPoS0EGhBgKcKRCE4FRTuV86j61mJUYbFJvg6ZIczkmTRd/Nk7vO', NULL, NULL, NULL, 'male', NULL, NULL, NULL, NULL, NULL, NULL, NULL, 'O+', 'Cayman Islands', 'Islam', '2017-04-24', NULL, NULL, NULL, NULL, '2025-11-19 09:52:58', '2025-11-19 09:52:58', NULL),
(25, 'Waylon Roob', 'student18@example.com', '2025-11-19 09:52:58', '$2y$12$J/Oyu6nxavkdHIiBNQSqgORW4Ac0TMzAIA9zH/9.TrPFXw.uZW7wW', NULL, NULL, NULL, 'male', NULL, NULL, NULL, NULL, NULL, NULL, NULL, 'B+', 'Belgium', 'Buddhism', '1973-02-25', NULL, NULL, NULL, NULL, '2025-11-19 09:52:58', '2025-11-19 09:52:58', NULL),
(26, 'Shana Roberts II', 'student19@example.com', '2025-11-19 09:52:59', '$2y$12$EutT7MeKFFk29gvSIOhgBeBYNSa509sVrooIiCOszzeINu261PCgm', NULL, NULL, NULL, 'female', NULL, NULL, NULL, NULL, NULL, NULL, NULL, 'AB+', 'Bosnia and Herzegovina', 'Christianity', '2017-10-31', NULL, NULL, NULL, NULL, '2025-11-19 09:52:59', '2025-11-19 09:52:59', NULL),
(27, 'Miss Dasia Collier Jr.', 'student20@example.com', '2025-11-19 09:52:59', '$2y$12$Nv37JGzbbxyckaSlRSoVPukB1zzTGlXMUdMKIjLmMc6JIY41THLiO', NULL, NULL, NULL, 'female', NULL, NULL, NULL, NULL, NULL, NULL, NULL, 'AB+', 'Ethiopia', 'Christianity', '1974-06-22', NULL, NULL, NULL, NULL, '2025-11-19 09:52:59', '2025-11-19 09:52:59', NULL),
(28, 'Richie Goodwin', 'student21@example.com', '2025-11-19 09:52:59', '$2y$12$A6sqo7Bmr85zGOyaBnb0tusmTrv4MfuGHivaminzK7Bt8tBSy7YXq', NULL, NULL, NULL, 'male', NULL, NULL, NULL, NULL, NULL, NULL, NULL, 'O+', 'Montserrat', 'Hinduism', '1988-05-29', NULL, NULL, NULL, NULL, '2025-11-19 09:52:59', '2025-11-19 09:52:59', NULL),
(29, 'Constantin Kozey', 'student22@example.com', '2025-11-19 09:52:59', '$2y$12$OpL6I8Mno.3JdBw2kgLrHOUH4AWuzjU2rhlExA/ozhT2VvLbf2yBu', NULL, NULL, NULL, 'male', NULL, NULL, NULL, NULL, NULL, NULL, NULL, 'B+', 'Barbados', 'Hinduism', '2012-07-19', NULL, NULL, NULL, NULL, '2025-11-19 09:52:59', '2025-11-19 09:52:59', NULL),
(30, 'Dr. Jefferey Stamm DVM', 'student23@example.com', '2025-11-19 09:52:59', '$2y$12$MNk6Yq6k37T3z6ELO.nTgODwTzX0jxnSZC3oLEphBgkRyI9x.msJS', NULL, NULL, NULL, 'male', NULL, NULL, NULL, NULL, NULL, NULL, NULL, 'B+', 'Reunion', 'Islam', '2011-05-09', NULL, NULL, NULL, NULL, '2025-11-19 09:52:59', '2025-11-19 09:52:59', NULL),
(31, 'Caleigh Green', 'student24@example.com', '2025-11-19 09:53:00', '$2y$12$iuevduWFTQJkubZXKqPCJedqWohia0GpSQweElrLwO0cSunUF3476', NULL, NULL, NULL, 'female', NULL, NULL, NULL, NULL, NULL, NULL, NULL, 'A+', 'Zimbabwe', 'Islam', '2016-08-06', NULL, NULL, NULL, NULL, '2025-11-19 09:53:00', '2025-11-19 09:53:00', NULL),
(32, 'Rose Mills', 'student25@example.com', '2025-11-19 09:53:00', '$2y$12$xOm1K6/6J0VbJopJhgc0Q.SoPJd8igLGIrGqdUJ87g0xf/HFnNj.a', NULL, NULL, NULL, 'female', NULL, NULL, NULL, NULL, NULL, NULL, NULL, 'A+', 'Lesotho', 'Buddhism', '1973-07-29', NULL, NULL, NULL, NULL, '2025-11-19 09:53:00', '2025-11-19 09:53:00', NULL),
(33, 'Wendy Cremin', 'student26@example.com', '2025-11-19 09:53:00', '$2y$12$l8jE1T3FUelFYcpp/WeB6eZ9XitMsMmpfsFinluyB/a4myNJlPtuy', NULL, NULL, NULL, 'female', NULL, NULL, NULL, NULL, NULL, NULL, NULL, 'AB+', 'Svalbard & Jan Mayen Islands', 'Christianity', '2004-01-17', NULL, NULL, NULL, NULL, '2025-11-19 09:53:00', '2025-11-19 09:53:00', NULL),
(34, 'Zula Dare', 'student27@example.com', '2025-11-19 09:53:00', '$2y$12$6vahO82KkJH50zfyHtYjf.aPFkA0gbGyOeS6Tl8tKVKe22TJG/T/a', NULL, NULL, NULL, 'female', NULL, NULL, NULL, NULL, NULL, NULL, NULL, 'B+', 'Canada', 'Buddhism', '2005-06-07', NULL, NULL, NULL, NULL, '2025-11-19 09:53:00', '2025-11-19 09:53:00', NULL),
(35, 'Melyna O\'Conner', 'student28@example.com', '2025-11-19 09:53:00', '$2y$12$1n0Qejhh68yOS6J0PMCD1uWW9zo4wC3XhmSCxTJWoartD4.WiSZ56', NULL, NULL, NULL, 'female', NULL, NULL, NULL, NULL, NULL, NULL, NULL, 'AB+', 'Lesotho', 'Islam', '1975-11-12', NULL, NULL, NULL, NULL, '2025-11-19 09:53:00', '2025-11-19 09:53:00', NULL),
(36, 'Theodora Yundt', 'student29@example.com', '2025-11-19 09:53:01', '$2y$12$LneiZm8ghGNBiGFF4tA6B.Xe0OmX4jbbp0tOGLGROzBU2mfUuR6/W', NULL, NULL, NULL, 'female', NULL, NULL, NULL, NULL, NULL, NULL, NULL, 'A+', 'Falkland Islands (Malvinas)', 'Buddhism', '1985-04-21', NULL, NULL, NULL, NULL, '2025-11-19 09:53:01', '2025-11-19 09:53:01', NULL),
(37, 'Vernie Morissette DDS', 'student30@example.com', '2025-11-19 09:53:01', '$2y$12$dd9mYHPXHY0Ec7mvMUHM3.l2zEiHWI0nE/3b856W5f7tOnWirU7x6', NULL, NULL, NULL, 'female', NULL, NULL, NULL, NULL, NULL, NULL, NULL, 'B+', 'Cayman Islands', 'Hinduism', '1982-11-08', NULL, NULL, NULL, NULL, '2025-11-19 09:53:01', '2025-11-19 09:53:01', NULL),
(38, 'Ozella Becker', 'student31@example.com', '2025-11-19 09:53:01', '$2y$12$yITeJC472Ql8ha8CvBSMM.tSOKNUzGObB0Ao6Q1pj7jHFegwplvcK', NULL, NULL, NULL, 'female', NULL, NULL, NULL, NULL, NULL, NULL, NULL, 'B+', 'Kenya', 'Christianity', '1980-05-09', NULL, NULL, NULL, NULL, '2025-11-19 09:53:01', '2025-11-19 09:53:01', NULL),
(39, 'Catharine Roob', 'student32@example.com', '2025-11-19 09:53:01', '$2y$12$wRNzsi3LTjdEU0MCtsjqJ.Mo.4lw.y3aJyYJ9SBqz4/9r6nETm.wG', NULL, NULL, NULL, 'female', NULL, NULL, NULL, NULL, NULL, NULL, NULL, 'O+', 'New Caledonia', 'Buddhism', '2005-01-29', NULL, NULL, NULL, NULL, '2025-11-19 09:53:01', '2025-11-19 09:53:01', NULL),
(40, 'Danielle Paucek', 'student33@example.com', '2025-11-19 09:53:01', '$2y$12$s2JWIYToeoOUmOYks1HoR.iR1Pjsz8SUzpDF5R4lJZDOH/Bj.Dfdy', NULL, NULL, NULL, 'female', NULL, NULL, NULL, NULL, NULL, NULL, NULL, 'AB+', 'Austria', 'Hinduism', '2003-01-18', NULL, NULL, NULL, NULL, '2025-11-19 09:53:01', '2025-11-19 09:53:01', NULL),
(41, 'Miss Marjory Huel', 'student34@example.com', '2025-11-19 09:53:02', '$2y$12$gvbcTVlMbJ/cUPZMCmblSu7LBcFag0zZhZqwgLJqSh/Jqdq7RMaDa', NULL, NULL, NULL, 'female', NULL, NULL, NULL, NULL, NULL, NULL, NULL, 'O+', 'Russian Federation', 'Hinduism', '1993-12-02', NULL, NULL, NULL, NULL, '2025-11-19 09:53:02', '2025-11-19 09:53:02', NULL),
(42, 'Brenda Terry', 'student35@example.com', '2025-11-19 09:53:02', '$2y$12$.O1H7/3d4z7gB4EU4AgTDu63fuS5eScTPF0IIWaWDzaYiM08RGsVO', NULL, NULL, NULL, 'female', NULL, NULL, NULL, NULL, NULL, NULL, NULL, 'AB+', 'Denmark', 'Buddhism', '2022-10-12', NULL, NULL, NULL, NULL, '2025-11-19 09:53:02', '2025-11-19 09:53:02', NULL),
(43, 'Orland Senger', 'student36@example.com', '2025-11-19 09:53:02', '$2y$12$Zt3S2O5NuhY6UM5o8gZuweEn0qODbL99vYZxnBd8LLzV5/mfdfM4S', NULL, NULL, NULL, 'male', NULL, NULL, NULL, NULL, NULL, NULL, NULL, 'AB+', 'Gambia', 'Christianity', '2024-04-20', NULL, NULL, NULL, NULL, '2025-11-19 09:53:02', '2025-11-19 09:53:02', NULL),
(44, 'Brody Braun', 'student37@example.com', '2025-11-19 09:53:02', '$2y$12$32WtrIBXxh3jKjbZy2PHtOy6xk1b2gLmVn4tLOI/m1AcX/axxCwKy', NULL, NULL, NULL, 'male', NULL, NULL, NULL, NULL, NULL, NULL, NULL, 'B+', 'Montenegro', 'Hinduism', '2002-11-28', NULL, NULL, NULL, NULL, '2025-11-19 09:53:02', '2025-11-19 09:53:02', NULL),
(45, 'Kathryn Bechtelar V', 'student38@example.com', '2025-11-19 09:53:02', '$2y$12$aXAKyDZlZdGKkFcXVhOpXekSq6LlJIVJn0YIeqqI9DVta0qZHdhYS', NULL, NULL, NULL, 'female', NULL, NULL, NULL, NULL, NULL, NULL, NULL, 'A+', 'Faroe Islands', 'Islam', '1983-04-14', NULL, NULL, NULL, NULL, '2025-11-19 09:53:02', '2025-11-19 09:53:02', NULL),
(46, 'Prof. Ellsworth Kertzmann', 'student39@example.com', '2025-11-19 09:53:03', '$2y$12$AAz20goEbNXOt58cOwDys.JO9Idgr6bASkzFbJTgbmdoz3berD7Ga', NULL, NULL, NULL, 'male', NULL, NULL, NULL, NULL, NULL, NULL, NULL, 'B+', 'Hong Kong', 'Hinduism', '2014-12-04', NULL, NULL, NULL, NULL, '2025-11-19 09:53:03', '2025-11-19 09:53:03', NULL),
(47, 'Dr. Georgette Dare', 'student40@example.com', '2025-11-19 09:53:03', '$2y$12$AagfviXhiFeItXka33zH5uSK78n9xsH/ma26S4oKwzYE1fqJhgZry', NULL, NULL, NULL, 'female', NULL, NULL, NULL, NULL, NULL, NULL, NULL, 'O+', 'French Guiana', 'Christianity', '2012-09-18', NULL, NULL, NULL, NULL, '2025-11-19 09:53:03', '2025-11-19 09:53:03', NULL),
(48, 'Mr. Bo King', 'student41@example.com', '2025-11-19 09:53:03', '$2y$12$oB4v77EO5WY6Ey.E4K0aguZzJp6KqNfLlBrP.uX25tdhdeiPhJ/ou', NULL, NULL, NULL, 'male', NULL, NULL, NULL, NULL, NULL, NULL, NULL, 'O+', 'United States Virgin Islands', 'Buddhism', '1985-10-08', NULL, NULL, NULL, NULL, '2025-11-19 09:53:03', '2025-11-19 09:53:03', NULL),
(49, 'Rachael Kub DVM', 'student42@example.com', '2025-11-19 09:53:03', '$2y$12$4Khqc2lGz/USUkF/6gmHMehxqSqy5TtpfpXkBBTIuBFALM6.nj316', NULL, NULL, NULL, 'female', NULL, NULL, NULL, NULL, NULL, NULL, NULL, 'AB+', 'Tajikistan', 'Christianity', '2022-01-01', NULL, NULL, NULL, NULL, '2025-11-19 09:53:03', '2025-11-19 09:53:03', NULL),
(50, 'Mr. Gideon Morar', 'student43@example.com', '2025-11-19 09:53:03', '$2y$12$6e6QoSIclvW2Ny8.AH8DSuUwdpfwJMGgPkBZleN43TpiAov.lN9WC', NULL, NULL, NULL, 'male', NULL, NULL, NULL, NULL, NULL, NULL, NULL, 'B+', 'Mozambique', 'Buddhism', '1994-10-19', NULL, NULL, NULL, NULL, '2025-11-19 09:53:03', '2025-11-19 09:53:03', NULL),
(51, 'Darrion Gleichner', 'student44@example.com', '2025-11-19 09:53:04', '$2y$12$1bDK/dkF6FtikRXW6Qw0.OSE5hWpyH/PW.bR5vLxweqVCK7O8shve', NULL, NULL, NULL, 'male', NULL, NULL, NULL, NULL, NULL, NULL, NULL, 'A+', 'Bulgaria', 'Buddhism', '1983-05-21', NULL, NULL, NULL, NULL, '2025-11-19 09:53:04', '2025-11-19 09:53:04', NULL),
(52, 'Tyra Lubowitz', 'student45@example.com', '2025-11-19 09:53:04', '$2y$12$s/6GqIDv7/bzvY1Paf7Z1uWQ1jix/AS6iYg85A4IgGOVkQVUOLihi', NULL, NULL, NULL, 'female', NULL, NULL, NULL, NULL, NULL, NULL, NULL, 'A+', 'Israel', 'Islam', '2003-11-11', NULL, NULL, NULL, NULL, '2025-11-19 09:53:04', '2025-11-19 09:53:04', NULL),
(53, 'Ms. Cordia Hansen IV', 'student46@example.com', '2025-11-19 09:53:04', '$2y$12$gN6tecwsrpWsMrX43Ux2L.gzEjyocICtRb35fyzsh/1.HUZ70GGom', NULL, NULL, NULL, 'female', NULL, NULL, NULL, NULL, NULL, NULL, NULL, 'A+', 'United States of America', 'Islam', '2011-12-08', NULL, NULL, NULL, NULL, '2025-11-19 09:53:04', '2025-11-19 09:53:04', NULL),
(54, 'Christelle Rice', 'student47@example.com', '2025-11-19 09:53:04', '$2y$12$9sh7B9SVuKk5rXegeP8JQO19t4bV2.wG3xbBsf5oeAw7lheY8Ewie', NULL, NULL, NULL, 'female', NULL, NULL, NULL, NULL, NULL, NULL, NULL, 'A+', 'Montserrat', 'Hinduism', '2003-07-11', NULL, NULL, NULL, NULL, '2025-11-19 09:53:04', '2025-11-19 09:53:04', NULL),
(55, 'Devyn Boyer', 'student48@example.com', '2025-11-19 09:53:04', '$2y$12$fX0XwkAga9sgK7GzvZeBd.OOZXOgv4BhMMw0GcItjeBwLsffmwscC', NULL, NULL, NULL, 'male', NULL, NULL, NULL, NULL, NULL, NULL, NULL, 'A+', 'Greenland', 'Islam', '1997-07-19', NULL, NULL, NULL, NULL, '2025-11-19 09:53:04', '2025-11-19 09:53:04', NULL),
(56, 'Geovanny Wunsch IV', 'student49@example.com', '2025-11-19 09:53:05', '$2y$12$i9r8X3SZc8OaCCVevbDX6.ms0vo2DUD9o0e15EzYduMzQQY7teXFa', NULL, NULL, NULL, 'male', NULL, NULL, NULL, NULL, NULL, NULL, NULL, 'O+', 'Gambia', 'Islam', '2025-07-29', NULL, NULL, NULL, NULL, '2025-11-19 09:53:05', '2025-11-19 09:53:05', NULL),
(57, 'Dr. Magnolia Spencer', 'student50@example.com', '2025-11-19 09:53:05', '$2y$12$TTjBwsboU3bz0qJTVfxvee9C.ZmPHKe9flafpJklNDkzrEA3QcPfe', NULL, NULL, NULL, 'female', NULL, NULL, NULL, NULL, NULL, NULL, NULL, 'O+', 'Fiji', 'Christianity', '2015-11-19', NULL, NULL, NULL, NULL, '2025-11-19 09:53:05', '2025-11-19 09:53:05', NULL),
(58, 'Salvador McGlynn', 'student51@example.com', '2025-11-19 09:53:05', '$2y$12$07n/v7c4d6NyDCIdK3QRyujpS2zNfpjzLXDnOqLWJohTcivyamtbq', NULL, NULL, NULL, 'male', NULL, NULL, NULL, NULL, NULL, NULL, NULL, 'B+', 'Canada', 'Islam', '1997-03-09', NULL, NULL, NULL, NULL, '2025-11-19 09:53:05', '2025-11-19 09:53:05', NULL),
(59, 'Prof. Darian Bergstrom Jr.', 'student52@example.com', '2025-11-19 09:53:05', '$2y$12$iBj2ox4nVC4K7Tr5p1NAEub9WG.ze5wyaPiIXxnibCwgvZdEm6wgO', NULL, NULL, NULL, 'male', NULL, NULL, NULL, NULL, NULL, NULL, NULL, 'AB+', 'Angola', 'Hinduism', '2025-06-20', NULL, NULL, NULL, NULL, '2025-11-19 09:53:05', '2025-11-19 09:53:05', NULL),
(60, 'Ulises Kilback', 'student53@example.com', '2025-11-19 09:53:05', '$2y$12$37SF2vjV62/u6zJZAYumyul.8D92kJC/b7ykSuTzhmiu6fjM4DLxq', NULL, NULL, NULL, 'male', NULL, NULL, NULL, NULL, NULL, NULL, NULL, 'O+', 'Saint Lucia', 'Islam', '1985-12-11', NULL, NULL, NULL, NULL, '2025-11-19 09:53:05', '2025-11-19 09:53:05', NULL),
(61, 'Dr. Sid Satterfield Sr.', 'student54@example.com', '2025-11-19 09:53:06', '$2y$12$Mbuzw9vQ2V5Qt0EV5w7iDuzHujYFkVGDAzaNcEnWJeg.PzxYrh1nS', NULL, NULL, NULL, 'male', NULL, NULL, NULL, NULL, NULL, NULL, NULL, 'AB+', 'United States of America', 'Hinduism', '2015-03-28', NULL, NULL, NULL, NULL, '2025-11-19 09:53:06', '2025-11-19 09:53:06', NULL),
(62, 'Prof. Montana Marks', 'student55@example.com', '2025-11-19 09:53:06', '$2y$12$xm0HTQ8ENbAZRIGWNy1RGuKBXqwpBum5cyD8yJUvBIH780U7AQxk.', NULL, NULL, NULL, 'male', NULL, NULL, NULL, NULL, NULL, NULL, NULL, 'A+', 'Vanuatu', 'Christianity', '1992-08-21', NULL, NULL, NULL, NULL, '2025-11-19 09:53:06', '2025-11-19 09:53:06', NULL),
(63, 'Maverick Rodriguez', 'student56@example.com', '2025-11-19 09:53:06', '$2y$12$sjCLyW7i6Hd6soo/kqJDmumlRfCZKOKqFJizjXzXGcaubomQJziHu', NULL, NULL, NULL, 'male', NULL, NULL, NULL, NULL, NULL, NULL, NULL, 'B+', 'British Indian Ocean Territory (Chagos Archipelago)', 'Christianity', '2013-08-23', NULL, NULL, NULL, NULL, '2025-11-19 09:53:06', '2025-11-19 09:53:06', NULL),
(64, 'Beaulah D\'Amore', 'student57@example.com', '2025-11-19 09:53:06', '$2y$12$KTPxyNbXTFQcjeMUVmlomOw1/0Yx55bjwCfislsCM/04wTOGx0Svm', NULL, NULL, NULL, 'female', NULL, NULL, NULL, NULL, NULL, NULL, NULL, 'AB+', 'Italy', 'Hinduism', '2010-06-18', NULL, NULL, NULL, NULL, '2025-11-19 09:53:06', '2025-11-19 09:53:06', NULL),
(65, 'Toney Quigley Sr.', 'student58@example.com', '2025-11-19 09:53:06', '$2y$12$NdzQMPvXiNVdtsCxYgiO6OeYeZhgbpBQ8kv1Mzz2uyWMII/JqwZ5G', NULL, NULL, NULL, 'male', NULL, NULL, NULL, NULL, NULL, NULL, NULL, 'B+', 'British Virgin Islands', 'Hinduism', '2002-05-21', NULL, NULL, NULL, NULL, '2025-11-19 09:53:06', '2025-11-19 09:53:06', NULL),
(66, 'Katharina Carroll', 'student59@example.com', '2025-11-19 09:53:07', '$2y$12$tBjoJ3P3hr3FNmzLxI4x/uZMSArq5mu919q75nqO3YDeCmBdl8Ccm', NULL, NULL, NULL, 'female', NULL, NULL, NULL, NULL, NULL, NULL, NULL, 'A+', 'Madagascar', 'Hinduism', '2002-07-20', NULL, NULL, NULL, NULL, '2025-11-19 09:53:07', '2025-11-19 09:53:07', NULL),
(67, 'Miss Celestine Harber PhD', 'student60@example.com', '2025-11-19 09:53:07', '$2y$12$7O.FR1A15G35WZI88lWtVeSK1IC6IKWonn/Frup/yHbebLaXdaVQa', NULL, NULL, NULL, 'female', NULL, NULL, NULL, NULL, NULL, NULL, NULL, 'O+', 'Taiwan', 'Islam', '1978-11-17', NULL, NULL, NULL, NULL, '2025-11-19 09:53:07', '2025-11-19 09:53:07', NULL),
(68, 'Oleta Quitzon', 'student61@example.com', '2025-11-19 09:53:07', '$2y$12$OrEWgoPi8IwJAnEeEGp5tO6AyhExtB6YQDYXvJFmm4yHo2nR1dh4K', NULL, NULL, NULL, 'female', NULL, NULL, NULL, NULL, NULL, NULL, NULL, 'O+', 'Eritrea', 'Hinduism', '1993-12-13', NULL, NULL, NULL, NULL, '2025-11-19 09:53:07', '2025-11-19 09:53:07', NULL),
(69, 'Dr. Tony Bins', 'student62@example.com', '2025-11-19 09:53:07', '$2y$12$TjTWLcmPDIE8MmvFVSA.me1tfxI467rvwBnd5naxmYilnueysfD4y', NULL, NULL, NULL, 'male', NULL, NULL, NULL, NULL, NULL, NULL, NULL, 'O+', 'French Southern Territories', 'Islam', '1989-08-08', NULL, NULL, NULL, NULL, '2025-11-19 09:53:07', '2025-11-19 09:53:07', NULL),
(70, 'Jeffrey Zemlak', 'student63@example.com', '2025-11-19 09:53:07', '$2y$12$fU57HkT.leGg0.klLwXHpeYd7cbJkdED7asullTCoPRv7RNVVdmgq', NULL, NULL, NULL, 'male', NULL, NULL, NULL, NULL, NULL, NULL, NULL, 'O+', 'Thailand', 'Christianity', '1973-01-07', NULL, NULL, NULL, NULL, '2025-11-19 09:53:07', '2025-11-19 09:53:07', NULL),
(71, 'Madelyn Steuber', 'student64@example.com', '2025-11-19 09:53:08', '$2y$12$EdD5nsyWm1UGMlDdrEqgMeQk9L4A1eFmJ/KQAvc.xSvX8tMYwkci2', NULL, NULL, NULL, 'female', NULL, NULL, NULL, NULL, NULL, NULL, NULL, 'O+', 'Namibia', 'Hinduism', '2017-09-17', NULL, NULL, NULL, NULL, '2025-11-19 09:53:08', '2025-11-19 09:53:08', NULL),
(72, 'Brown Daniel', 'student65@example.com', '2025-11-19 09:53:08', '$2y$12$jzgp/w4l6oTHqsgYTUssHuFXW.K4dFjR/uN17SVXVX4Bse54bRm9y', NULL, NULL, NULL, 'male', NULL, NULL, NULL, NULL, NULL, NULL, NULL, 'AB+', 'India', 'Christianity', '1972-01-10', NULL, NULL, NULL, NULL, '2025-11-19 09:53:08', '2025-11-19 09:53:08', NULL),
(73, 'Ludie Dicki', 'student66@example.com', '2025-11-19 09:53:08', '$2y$12$1HqfJ2Ip2qbyMJj5hbFK1OeDvrZDlsLLsUG9UjAv43gahaYndTVmG', NULL, NULL, NULL, 'female', NULL, NULL, NULL, NULL, NULL, NULL, NULL, 'AB+', 'Cocos (Keeling) Islands', 'Hinduism', '1982-05-21', NULL, NULL, NULL, NULL, '2025-11-19 09:53:08', '2025-11-19 09:53:08', NULL),
(74, 'Demario Kris', 'student67@example.com', '2025-11-19 09:53:08', '$2y$12$/pi8Gdh/2R7aHOMANA0WoedvOW5GT6gFasNWLYYofVL6iCXrEy/YS', NULL, NULL, NULL, 'male', NULL, NULL, NULL, NULL, NULL, NULL, NULL, 'B+', 'Saint Barthelemy', 'Buddhism', '2017-03-03', NULL, NULL, NULL, NULL, '2025-11-19 09:53:08', '2025-11-19 09:53:08', NULL),
(75, 'Carol King', 'student68@example.com', '2025-11-19 09:53:08', '$2y$12$HHOx0dolMhJCPPzg1fKy/uv6B0/Lxq9v7eIfpWZwZ5dCzks6LKHCe', NULL, NULL, NULL, 'male', NULL, NULL, NULL, NULL, NULL, NULL, NULL, 'A+', 'Jordan', 'Hinduism', '1973-01-15', NULL, NULL, NULL, NULL, '2025-11-19 09:53:08', '2025-11-19 09:53:08', NULL),
(76, 'Jaylan Pouros', 'student69@example.com', '2025-11-19 09:53:09', '$2y$12$p.Bwxv32FEIfTD5PrFyWj.TK97J3Q2j77KAB4M3VBJ8pdi.TvnYi.', NULL, NULL, NULL, 'male', NULL, NULL, NULL, NULL, NULL, NULL, NULL, 'A+', 'Kuwait', 'Islam', '1999-04-23', NULL, NULL, NULL, NULL, '2025-11-19 09:53:09', '2025-11-19 09:53:09', NULL),
(77, 'Karl Lindgren', 'student70@example.com', '2025-11-19 09:53:09', '$2y$12$vXdA8bU7jY7rRDGH.ZBaUuZW7GLwiJ2YxqUssM6bXpUfjzpabrRdO', NULL, NULL, NULL, 'male', NULL, NULL, NULL, NULL, NULL, NULL, NULL, 'A+', 'Germany', 'Christianity', '2021-08-22', NULL, NULL, NULL, NULL, '2025-11-19 09:53:09', '2025-11-19 09:53:09', NULL),
(78, 'Mr. Gunner Hoeger', 'student71@example.com', '2025-11-19 09:53:09', '$2y$12$Alm649P8O4VJzor.iIuagO9jI9jXr0ON0ydAUJp6mxBWt0mWCbRpO', NULL, NULL, NULL, 'male', NULL, NULL, NULL, NULL, NULL, NULL, NULL, 'AB+', 'Guinea-Bissau', 'Buddhism', '2022-11-24', NULL, NULL, NULL, NULL, '2025-11-19 09:53:09', '2025-11-19 09:53:09', NULL),
(79, 'Mr. Anibal Borer Jr.', 'student72@example.com', '2025-11-19 09:53:09', '$2y$12$PYYpwkpbh6PQsH2f2LBA4egztB3UG.MShfgOSNAGck/RoyRzqo/rO', NULL, NULL, NULL, 'male', NULL, NULL, NULL, NULL, NULL, NULL, NULL, 'O+', 'Mauritius', 'Islam', '1989-04-12', NULL, NULL, NULL, NULL, '2025-11-19 09:53:09', '2025-11-19 09:53:09', NULL),
(80, 'Valentina Prohaska', 'student73@example.com', '2025-11-19 09:53:09', '$2y$12$BdOjnUbTEnv2AM2kzPrYmuMDvtJrdyZu8d3HBTKhwiZpSKEUK3.va', NULL, NULL, NULL, 'female', NULL, NULL, NULL, NULL, NULL, NULL, NULL, 'AB+', 'United States Minor Outlying Islands', 'Buddhism', '2004-11-05', NULL, NULL, NULL, NULL, '2025-11-19 09:53:09', '2025-11-19 09:53:09', NULL),
(81, 'Prof. Theodore Pfannerstill PhD', 'student74@example.com', '2025-11-19 09:53:10', '$2y$12$7jy26oSqWB3brPWYck7jm.RAHQKn69y8VyNEIg3ZfGDg1EY71U0ve', NULL, NULL, NULL, 'male', NULL, NULL, NULL, NULL, NULL, NULL, NULL, 'O+', 'United States Virgin Islands', 'Buddhism', '1971-06-01', NULL, NULL, NULL, NULL, '2025-11-19 09:53:10', '2025-11-19 09:53:10', NULL),
(82, 'Tressie Becker', 'student75@example.com', '2025-11-19 09:53:10', '$2y$12$qvee5o7FRSr9C7PAnCivoeIeUaiR39fZkf7j/auFba1xUSgcaK4iS', NULL, NULL, NULL, 'female', NULL, NULL, NULL, NULL, NULL, NULL, NULL, 'B+', 'Madagascar', 'Hinduism', '1974-09-12', NULL, NULL, NULL, NULL, '2025-11-19 09:53:10', '2025-11-19 09:53:10', NULL),
(83, 'Prof. Emery Cruickshank II', 'student76@example.com', '2025-11-19 09:53:10', '$2y$12$upq.seR0Us8a.BHmeO8G9uOXnd3VljRcOhaAHUT/QWxNQv6WjghHi', NULL, NULL, NULL, 'male', NULL, NULL, NULL, NULL, NULL, NULL, NULL, 'A+', 'Ethiopia', 'Islam', '2020-09-15', NULL, NULL, NULL, NULL, '2025-11-19 09:53:10', '2025-11-19 09:53:10', NULL),
(84, 'Clyde Wiza', 'student77@example.com', '2025-11-19 09:53:10', '$2y$12$dAEGVKOw2GznTYXUzvp5Ju8Cng78GIyW2tad2qdXor8hcf.TLd6wm', NULL, NULL, NULL, 'male', NULL, NULL, NULL, NULL, NULL, NULL, NULL, 'AB+', 'Vanuatu', 'Buddhism', '2009-05-14', NULL, NULL, NULL, NULL, '2025-11-19 09:53:10', '2025-11-19 09:53:10', NULL),
(85, 'Furman Schaefer', 'student78@example.com', '2025-11-19 09:53:10', '$2y$12$BmKpZXvex279vRHdTwBNb.yxWj31GT2OB8iE/nShAB2Tj9zqWATBS', NULL, NULL, NULL, 'male', NULL, NULL, NULL, NULL, NULL, NULL, NULL, 'AB+', 'Uzbekistan', 'Buddhism', '1972-02-08', NULL, NULL, NULL, NULL, '2025-11-19 09:53:10', '2025-11-19 09:53:10', NULL),
(86, 'Jillian Thiel I', 'student79@example.com', '2025-11-19 09:53:11', '$2y$12$tFdpg8LQWFcKCZuw2.TXmuwImluMUeebKFyzUWP34yTpJ4ag..rGu', NULL, NULL, NULL, 'male', NULL, NULL, NULL, NULL, NULL, NULL, NULL, 'O+', 'Bahrain', 'Christianity', '1979-09-18', NULL, NULL, NULL, NULL, '2025-11-19 09:53:11', '2025-11-19 09:53:11', NULL),
(87, 'Mrs. Lola Spencer', 'student80@example.com', '2025-11-19 09:53:11', '$2y$12$sPM/fsocbqKFlSX/ZmAOXe2npJT3HSQ5W80YlTjxhI5Q4nv4B6Yy.', NULL, NULL, NULL, 'female', NULL, NULL, NULL, NULL, NULL, NULL, NULL, 'AB+', 'Nauru', 'Islam', '2021-11-26', NULL, NULL, NULL, NULL, '2025-11-19 09:53:11', '2025-11-19 09:53:11', NULL),
(88, 'Casandra Tillman', 'student81@example.com', '2025-11-19 09:53:11', '$2y$12$kIfYkFBkc6zsDBr/jofWx.LawaxyV8jkbV7HYX5REEVpe14U1WJ52', NULL, NULL, NULL, 'female', NULL, NULL, NULL, NULL, NULL, NULL, NULL, 'B+', 'Congo', 'Islam', '2007-06-27', NULL, NULL, NULL, NULL, '2025-11-19 09:53:11', '2025-11-19 09:53:11', NULL),
(89, 'Mr. Clement Satterfield', 'student82@example.com', '2025-11-19 09:53:11', '$2y$12$2vrePt2QhbhP5GElql0lc.mH3XKBlwXW2v0KS9lQspFZLSyQEWEqC', NULL, NULL, NULL, 'male', NULL, NULL, NULL, NULL, NULL, NULL, NULL, 'A+', 'Cuba', 'Islam', '2000-07-15', NULL, NULL, NULL, NULL, '2025-11-19 09:53:11', '2025-11-19 09:53:11', NULL),
(90, 'Belle Casper', 'student83@example.com', '2025-11-19 09:53:11', '$2y$12$ZBvscelAgD5/Q/g5tPzu6uL6sXNLBtNkseaHvXYpwJqhJkoyduC3S', NULL, NULL, NULL, 'female', NULL, NULL, NULL, NULL, NULL, NULL, NULL, 'AB+', 'United States of America', 'Christianity', '1993-12-24', NULL, NULL, NULL, NULL, '2025-11-19 09:53:11', '2025-11-19 09:53:11', NULL),
(91, 'Aaliyah Rippin', 'student84@example.com', '2025-11-19 09:53:12', '$2y$12$Stu41LpQ63R6BSEh4AIMFuEamQ6eNd.A51DHqjrEAscbWtpAeHfBa', NULL, NULL, NULL, 'female', NULL, NULL, NULL, NULL, NULL, NULL, NULL, 'O+', 'Montserrat', 'Hinduism', '1973-10-19', NULL, NULL, NULL, NULL, '2025-11-19 09:53:12', '2025-11-19 09:53:12', NULL),
(92, 'Lydia Wisoky', 'student85@example.com', '2025-11-19 09:53:12', '$2y$12$upYUnTnAEc/Y/VlPKN7MFOFQEMdm5sdrXVtaRutRO3MtZqiu/oNPy', NULL, NULL, NULL, 'female', NULL, NULL, NULL, NULL, NULL, NULL, NULL, 'A+', 'Georgia', 'Hinduism', '1972-08-18', NULL, NULL, NULL, NULL, '2025-11-19 09:53:12', '2025-11-19 09:53:12', NULL),
(93, 'Maybell Will', 'student86@example.com', '2025-11-19 09:53:12', '$2y$12$cZeXZEAo2cZzU/JgtvFbmeZvcKsvpd.h9hXMDohtdYUCgjjdDMaZK', NULL, NULL, NULL, 'female', NULL, NULL, NULL, NULL, NULL, NULL, NULL, 'AB+', 'French Polynesia', 'Christianity', '1982-07-11', NULL, NULL, NULL, NULL, '2025-11-19 09:53:12', '2025-11-19 09:53:12', NULL),
(94, 'Jaime Bergstrom', 'student87@example.com', '2025-11-19 09:53:12', '$2y$12$0ojfgGl9N5dngQUBgL1HDe8gT6.RERDFwYeZfLmv4GAkg54KGWTHC', NULL, NULL, NULL, 'male', NULL, NULL, NULL, NULL, NULL, NULL, NULL, 'AB+', 'Guatemala', 'Buddhism', '1973-08-02', NULL, NULL, NULL, NULL, '2025-11-19 09:53:12', '2025-11-19 09:53:12', NULL),
(95, 'Lambert O\'Keefe IV', 'student88@example.com', '2025-11-19 09:53:12', '$2y$12$AVyI7ictlzd8Ft1EFz1g8uiYtmUa6QJ6gUZ38neJywP6UaR8zPhNC', NULL, NULL, NULL, 'male', NULL, NULL, NULL, NULL, NULL, NULL, NULL, 'B+', 'Brazil', 'Christianity', '1997-12-30', NULL, NULL, NULL, NULL, '2025-11-19 09:53:12', '2025-11-19 09:53:12', NULL),
(96, 'Janae O\'Hara', 'student89@example.com', '2025-11-19 09:53:13', '$2y$12$FBzMtDBGztjcrQHJOWrCneUqju8UXwyqd9I1lK6L.cdxTh/vrLvi6', NULL, NULL, NULL, 'female', NULL, NULL, NULL, NULL, NULL, NULL, NULL, 'O+', 'Djibouti', 'Buddhism', '1990-08-04', NULL, NULL, NULL, NULL, '2025-11-19 09:53:13', '2025-11-19 09:53:13', NULL),
(97, 'Amiya Murazik', 'student90@example.com', '2025-11-19 09:53:13', '$2y$12$bZc7FOCbdETyd6PJQo4O0Olp2gtEtEB5CxapGHjppdJc0bSdW6j16', NULL, NULL, NULL, 'female', NULL, NULL, NULL, NULL, NULL, NULL, NULL, 'B+', 'Central African Republic', 'Hinduism', '1987-12-19', NULL, NULL, NULL, NULL, '2025-11-19 09:53:13', '2025-11-19 09:53:13', NULL),
(98, 'Macey Sipes', 'student91@example.com', '2025-11-19 09:53:13', '$2y$12$w3Yso2i6o/v2R7eJcH0u7O.KK9iJfUHOubqsOPABtL0zrvMj7m0Nu', NULL, NULL, NULL, 'male', NULL, NULL, NULL, NULL, NULL, NULL, NULL, 'O+', 'Netherlands', 'Christianity', '2015-10-11', NULL, NULL, NULL, NULL, '2025-11-19 09:53:13', '2025-11-19 09:53:13', NULL),
(99, 'Mable Muller', 'student92@example.com', '2025-11-19 09:53:13', '$2y$12$3OKy0vua5JD5kF4bgwA0OOaOue29IutirpfqOb1kmsaNY5wzK.I7G', NULL, NULL, NULL, 'female', NULL, NULL, NULL, NULL, NULL, NULL, NULL, 'A+', 'Antigua and Barbuda', 'Hinduism', '1983-02-18', NULL, NULL, NULL, NULL, '2025-11-19 09:53:13', '2025-11-19 09:53:13', NULL),
(100, 'Prof. Lila Hackett', 'student93@example.com', '2025-11-19 09:53:13', '$2y$12$To2/EsM1a2Jnvl.mg9ZqFedr2hjejG5e3KGcr2VVKsaftJ8Fu.EAe', NULL, NULL, NULL, 'female', NULL, NULL, NULL, NULL, NULL, NULL, NULL, 'O+', 'Serbia', 'Buddhism', '1972-08-22', NULL, NULL, NULL, NULL, '2025-11-19 09:53:13', '2025-11-19 09:53:13', NULL),
(101, 'Elda Hintz V', 'student94@example.com', '2025-11-19 09:53:14', '$2y$12$Dm.A/xxFaoIdRV5riy1keONwg7pPs964syZDJAMNKCgBLyX6kzAzG', NULL, NULL, NULL, 'female', NULL, NULL, NULL, NULL, NULL, NULL, NULL, 'O+', 'Belarus', 'Christianity', '1979-02-08', NULL, NULL, NULL, NULL, '2025-11-19 09:53:14', '2025-11-19 09:53:14', NULL),
(102, 'Abbie Bruen', 'student95@example.com', '2025-11-19 09:53:14', '$2y$12$Wn0l888S2Q24uArV3/3pROFPJRmrVjaLgE0KYhVFUU.loQYustCA.', NULL, NULL, NULL, 'female', NULL, NULL, NULL, NULL, NULL, NULL, NULL, 'A+', 'Guyana', 'Buddhism', '2010-09-27', NULL, NULL, NULL, NULL, '2025-11-19 09:53:14', '2025-11-19 09:53:14', NULL),
(103, 'Mariano Jast', 'student96@example.com', '2025-11-19 09:53:14', '$2y$12$BeRSkevaGcGbIF6DxPAPvuvm2xIvpoSoUYgrieMdMXuRCNkGeXxDS', NULL, NULL, NULL, 'male', NULL, NULL, NULL, NULL, NULL, NULL, NULL, 'A+', 'Philippines', 'Islam', '2003-11-10', NULL, NULL, NULL, NULL, '2025-11-19 09:53:14', '2025-11-19 09:53:14', NULL),
(104, 'Dr. Carmelo Okuneva IV', 'student97@example.com', '2025-11-19 09:53:14', '$2y$12$s3M.EMrM9UM4Ex9bU9mkAOoWWaQGtsqwyPl1ZPR3cOxgEQdRSa0oi', NULL, NULL, NULL, 'male', NULL, NULL, NULL, NULL, NULL, NULL, NULL, 'AB+', 'United Arab Emirates', 'Hinduism', '2023-05-08', NULL, NULL, NULL, NULL, '2025-11-19 09:53:14', '2025-11-19 09:53:14', NULL),
(105, 'Prof. Piper Walter MD', 'student98@example.com', '2025-11-19 09:53:14', '$2y$12$p9pEe6qjOIdEYHFpUkoRn.rgWkizL012Ly8GGOC5qF6jhbwP.DY3m', NULL, NULL, NULL, 'female', NULL, NULL, NULL, NULL, NULL, NULL, NULL, 'AB+', 'Hungary', 'Buddhism', '2013-01-18', NULL, NULL, NULL, NULL, '2025-11-19 09:53:14', '2025-11-19 09:53:14', NULL),
(106, 'Louvenia Johnson', 'student99@example.com', '2025-11-19 09:53:15', '$2y$12$zYnfSLnPk6TZ9Nimcrs8jeU7AgeLDl6HfRO/F8tdqprXP2Rrah.Um', NULL, NULL, NULL, 'male', NULL, NULL, NULL, NULL, NULL, NULL, NULL, 'B+', 'Saint Lucia', 'Christianity', '1970-06-29', NULL, NULL, NULL, NULL, '2025-11-19 09:53:15', '2025-11-19 09:53:15', NULL);

--
-- Indexes for dumped tables
--

--
-- Indexes for table `attendances`
--
ALTER TABLE `attendances`
  ADD PRIMARY KEY (`id`),
  ADD UNIQUE KEY `attendances_student_id_subject_id_classroom_id_date_unique` (`student_id`,`subject_id`,`classroom_id`,`date`),
  ADD KEY `attendances_classroom_id_foreign` (`classroom_id`),
  ADD KEY `attendances_subject_id_foreign` (`subject_id`);

--
-- Indexes for table `cache`
--
ALTER TABLE `cache`
  ADD PRIMARY KEY (`key`);

--
-- Indexes for table `cache_locks`
--
ALTER TABLE `cache_locks`
  ADD PRIMARY KEY (`key`);

--
-- Indexes for table `classrooms`
--
ALTER TABLE `classrooms`
  ADD PRIMARY KEY (`id`),
  ADD UNIQUE KEY `classrooms_room_number_unique` (`room_number`);

--
-- Indexes for table `course_offerings`
--
ALTER TABLE `course_offerings`
  ADD PRIMARY KEY (`id`),
  ADD KEY `course_offerings_subject_id_foreign` (`subject_id`),
  ADD KEY `course_offerings_teacher_id_foreign` (`teacher_id`),
  ADD KEY `course_offerings_classroom_id_foreign` (`classroom_id`);

--
-- Indexes for table `departments`
--
ALTER TABLE `departments`
  ADD PRIMARY KEY (`id`),
  ADD UNIQUE KEY `departments_name_unique` (`name`);

--
-- Indexes for table `exams`
--
ALTER TABLE `exams`
  ADD PRIMARY KEY (`id`),
  ADD KEY `exams_course_offering_id_foreign` (`course_offering_id`);

--
-- Indexes for table `expenses`
--
ALTER TABLE `expenses`
  ADD PRIMARY KEY (`id`),
  ADD KEY `expenses_expense_category_id_foreign` (`expense_category_id`),
  ADD KEY `expenses_approved_by_foreign` (`approved_by`);

--
-- Indexes for table `expense_categories`
--
ALTER TABLE `expense_categories`
  ADD PRIMARY KEY (`id`),
  ADD UNIQUE KEY `expense_categories_name_unique` (`name`);

--
-- Indexes for table `fees`
--
ALTER TABLE `fees`
  ADD PRIMARY KEY (`id`),
  ADD KEY `fees_student_id_foreign` (`student_id`),
  ADD KEY `fees_fee_type_id_foreign` (`fee_type_id`);

--
-- Indexes for table `fee_types`
--
ALTER TABLE `fee_types`
  ADD PRIMARY KEY (`id`),
  ADD UNIQUE KEY `fee_types_name_unique` (`name`);

--
-- Indexes for table `migrations`
--
ALTER TABLE `migrations`
  ADD PRIMARY KEY (`id`);

--
-- Indexes for table `model_has_permissions`
--
ALTER TABLE `model_has_permissions`
  ADD PRIMARY KEY (`permission_id`,`model_id`,`model_type`),
  ADD KEY `model_has_permissions_model_id_model_type_index` (`model_id`,`model_type`);

--
-- Indexes for table `model_has_roles`
--
ALTER TABLE `model_has_roles`
  ADD PRIMARY KEY (`role_id`,`model_id`,`model_type`),
  ADD KEY `model_has_roles_model_id_model_type_index` (`model_id`,`model_type`);

--
-- Indexes for table `password_reset_tokens`
--
ALTER TABLE `password_reset_tokens`
  ADD PRIMARY KEY (`email`);

--
-- Indexes for table `payments`
--
ALTER TABLE `payments`
  ADD PRIMARY KEY (`id`),
  ADD KEY `payments_received_by_foreign` (`received_by`),
  ADD KEY `payments_student_id_foreign` (`student_id`),
  ADD KEY `payments_fee_id_foreign` (`fee_id`);

--
-- Indexes for table `permissions`
--
ALTER TABLE `permissions`
  ADD PRIMARY KEY (`id`),
  ADD UNIQUE KEY `permissions_name_guard_name_unique` (`name`,`guard_name`);

--
-- Indexes for table `personal_access_tokens`
--
ALTER TABLE `personal_access_tokens`
  ADD PRIMARY KEY (`id`),
  ADD UNIQUE KEY `personal_access_tokens_token_unique` (`token`),
  ADD KEY `personal_access_tokens_tokenable_type_tokenable_id_index` (`tokenable_type`,`tokenable_id`);

--
-- Indexes for table `roles`
--
ALTER TABLE `roles`
  ADD PRIMARY KEY (`id`),
  ADD UNIQUE KEY `roles_name_guard_name_unique` (`name`,`guard_name`);

--
-- Indexes for table `role_has_permissions`
--
ALTER TABLE `role_has_permissions`
  ADD PRIMARY KEY (`permission_id`,`role_id`),
  ADD KEY `role_has_permissions_role_id_foreign` (`role_id`);

--
-- Indexes for table `schedules`
--
ALTER TABLE `schedules`
  ADD PRIMARY KEY (`id`),
  ADD KEY `schedules_teacher_id_foreign` (`teacher_id`),
  ADD KEY `schedules_subject_id_foreign` (`subject_id`),
  ADD KEY `schedules_classroom_id_foreign` (`classroom_id`);

--
-- Indexes for table `scores`
--
ALTER TABLE `scores`
  ADD PRIMARY KEY (`id`),
  ADD UNIQUE KEY `scores_student_id_exam_id_subject_id_semester_unique` (`student_id`,`exam_id`,`course_offering_id`,`semester`),
  ADD KEY `scores_exam_id_foreign` (`exam_id`),
  ADD KEY `scores_course_offering_id_foreign` (`course_offering_id`);

--
-- Indexes for table `sessions`
--
ALTER TABLE `sessions`
  ADD PRIMARY KEY (`id`),
  ADD KEY `sessions_user_id_index` (`user_id`),
  ADD KEY `sessions_last_activity_index` (`last_activity`);

--
-- Indexes for table `student_course`
--
ALTER TABLE `student_course`
  ADD UNIQUE KEY `student_course_student_id_subject_id_unique` (`student_id`,`course_offering_id`),
  ADD KEY `student_course_subject_id_foreign` (`course_offering_id`);

--
-- Indexes for table `subjects`
--
ALTER TABLE `subjects`
  ADD PRIMARY KEY (`id`),
  ADD UNIQUE KEY `subjects_code_unique` (`code`);

--
-- Indexes for table `users`
--
ALTER TABLE `users`
  ADD PRIMARY KEY (`id`),
  ADD UNIQUE KEY `users_email_unique` (`email`),
  ADD KEY `users_department_id_foreign` (`department_id`);

--
-- AUTO_INCREMENT for dumped tables
--

--
-- AUTO_INCREMENT for table `attendances`
--
ALTER TABLE `attendances`
  MODIFY `id` bigint UNSIGNED NOT NULL AUTO_INCREMENT;

--
-- AUTO_INCREMENT for table `classrooms`
--
ALTER TABLE `classrooms`
  MODIFY `id` bigint UNSIGNED NOT NULL AUTO_INCREMENT, AUTO_INCREMENT=16;

--
-- AUTO_INCREMENT for table `course_offerings`
--
ALTER TABLE `course_offerings`
  MODIFY `id` bigint UNSIGNED NOT NULL AUTO_INCREMENT, AUTO_INCREMENT=2;

--
-- AUTO_INCREMENT for table `departments`
--
ALTER TABLE `departments`
  MODIFY `id` bigint UNSIGNED NOT NULL AUTO_INCREMENT, AUTO_INCREMENT=6;

--
-- AUTO_INCREMENT for table `exams`
--
ALTER TABLE `exams`
  MODIFY `id` bigint UNSIGNED NOT NULL AUTO_INCREMENT, AUTO_INCREMENT=3;

--
-- AUTO_INCREMENT for table `expenses`
--
ALTER TABLE `expenses`
  MODIFY `id` bigint UNSIGNED NOT NULL AUTO_INCREMENT, AUTO_INCREMENT=21;

--
-- AUTO_INCREMENT for table `expense_categories`
--
ALTER TABLE `expense_categories`
  MODIFY `id` bigint UNSIGNED NOT NULL AUTO_INCREMENT, AUTO_INCREMENT=5;

--
-- AUTO_INCREMENT for table `fees`
--
ALTER TABLE `fees`
  MODIFY `id` bigint UNSIGNED NOT NULL AUTO_INCREMENT, AUTO_INCREMENT=401;

--
-- AUTO_INCREMENT for table `fee_types`
--
ALTER TABLE `fee_types`
  MODIFY `id` bigint UNSIGNED NOT NULL AUTO_INCREMENT, AUTO_INCREMENT=5;

--
-- AUTO_INCREMENT for table `migrations`
--
ALTER TABLE `migrations`
  MODIFY `id` int UNSIGNED NOT NULL AUTO_INCREMENT, AUTO_INCREMENT=6;

--
-- AUTO_INCREMENT for table `payments`
--
ALTER TABLE `payments`
  MODIFY `id` bigint UNSIGNED NOT NULL AUTO_INCREMENT;

--
-- AUTO_INCREMENT for table `permissions`
--
ALTER TABLE `permissions`
  MODIFY `id` bigint UNSIGNED NOT NULL AUTO_INCREMENT, AUTO_INCREMENT=69;

--
-- AUTO_INCREMENT for table `personal_access_tokens`
--
ALTER TABLE `personal_access_tokens`
  MODIFY `id` bigint UNSIGNED NOT NULL AUTO_INCREMENT;

--
-- AUTO_INCREMENT for table `roles`
--
ALTER TABLE `roles`
  MODIFY `id` bigint UNSIGNED NOT NULL AUTO_INCREMENT, AUTO_INCREMENT=6;

--
-- AUTO_INCREMENT for table `schedules`
--
ALTER TABLE `schedules`
  MODIFY `id` bigint UNSIGNED NOT NULL AUTO_INCREMENT, AUTO_INCREMENT=16;

--
-- AUTO_INCREMENT for table `scores`
--
ALTER TABLE `scores`
  MODIFY `id` bigint UNSIGNED NOT NULL AUTO_INCREMENT;

--
-- AUTO_INCREMENT for table `subjects`
--
ALTER TABLE `subjects`
  MODIFY `id` bigint UNSIGNED NOT NULL AUTO_INCREMENT, AUTO_INCREMENT=7;

--
-- AUTO_INCREMENT for table `users`
--
ALTER TABLE `users`
  MODIFY `id` bigint UNSIGNED NOT NULL AUTO_INCREMENT, AUTO_INCREMENT=107;

--
-- Constraints for dumped tables
--

--
-- Constraints for table `attendances`
--
ALTER TABLE `attendances`
  ADD CONSTRAINT `attendances_classroom_id_foreign` FOREIGN KEY (`classroom_id`) REFERENCES `classrooms` (`id`),
  ADD CONSTRAINT `attendances_student_id_foreign` FOREIGN KEY (`student_id`) REFERENCES `users` (`id`) ON DELETE CASCADE,
  ADD CONSTRAINT `attendances_subject_id_foreign` FOREIGN KEY (`subject_id`) REFERENCES `subjects` (`id`);

--
-- Constraints for table `course_offerings`
--
ALTER TABLE `course_offerings`
  ADD CONSTRAINT `course_offerings_classroom_id_foreign` FOREIGN KEY (`classroom_id`) REFERENCES `classrooms` (`id`) ON DELETE SET NULL,
  ADD CONSTRAINT `course_offerings_subject_id_foreign` FOREIGN KEY (`subject_id`) REFERENCES `subjects` (`id`) ON DELETE CASCADE,
  ADD CONSTRAINT `course_offerings_teacher_id_foreign` FOREIGN KEY (`teacher_id`) REFERENCES `users` (`id`) ON DELETE SET NULL;

--
-- Constraints for table `exams`
--
ALTER TABLE `exams`
  ADD CONSTRAINT `exams_course_offering_id_foreign` FOREIGN KEY (`course_offering_id`) REFERENCES `course_offerings` (`id`) ON DELETE CASCADE;

--
-- Constraints for table `expenses`
--
ALTER TABLE `expenses`
  ADD CONSTRAINT `expenses_approved_by_foreign` FOREIGN KEY (`approved_by`) REFERENCES `users` (`id`) ON DELETE SET NULL,
  ADD CONSTRAINT `expenses_expense_category_id_foreign` FOREIGN KEY (`expense_category_id`) REFERENCES `expense_categories` (`id`) ON DELETE SET NULL;

--
-- Constraints for table `fees`
--
ALTER TABLE `fees`
  ADD CONSTRAINT `fees_fee_type_id_foreign` FOREIGN KEY (`fee_type_id`) REFERENCES `fee_types` (`id`) ON DELETE CASCADE,
  ADD CONSTRAINT `fees_student_id_foreign` FOREIGN KEY (`student_id`) REFERENCES `users` (`id`) ON DELETE CASCADE;

--
-- Constraints for table `model_has_permissions`
--
ALTER TABLE `model_has_permissions`
  ADD CONSTRAINT `model_has_permissions_permission_id_foreign` FOREIGN KEY (`permission_id`) REFERENCES `permissions` (`id`) ON DELETE CASCADE;

--
-- Constraints for table `model_has_roles`
--
ALTER TABLE `model_has_roles`
  ADD CONSTRAINT `model_has_roles_role_id_foreign` FOREIGN KEY (`role_id`) REFERENCES `roles` (`id`) ON DELETE CASCADE;

--
-- Constraints for table `payments`
--
ALTER TABLE `payments`
  ADD CONSTRAINT `payments_fee_id_foreign` FOREIGN KEY (`fee_id`) REFERENCES `fees` (`id`) ON DELETE CASCADE,
  ADD CONSTRAINT `payments_received_by_foreign` FOREIGN KEY (`received_by`) REFERENCES `users` (`id`) ON DELETE RESTRICT,
  ADD CONSTRAINT `payments_student_id_foreign` FOREIGN KEY (`student_id`) REFERENCES `users` (`id`) ON DELETE CASCADE;

--
-- Constraints for table `role_has_permissions`
--
ALTER TABLE `role_has_permissions`
  ADD CONSTRAINT `role_has_permissions_permission_id_foreign` FOREIGN KEY (`permission_id`) REFERENCES `permissions` (`id`) ON DELETE CASCADE,
  ADD CONSTRAINT `role_has_permissions_role_id_foreign` FOREIGN KEY (`role_id`) REFERENCES `roles` (`id`) ON DELETE CASCADE;

--
-- Constraints for table `schedules`
--
ALTER TABLE `schedules`
  ADD CONSTRAINT `schedules_classroom_id_foreign` FOREIGN KEY (`classroom_id`) REFERENCES `classrooms` (`id`),
  ADD CONSTRAINT `schedules_subject_id_foreign` FOREIGN KEY (`subject_id`) REFERENCES `subjects` (`id`),
  ADD CONSTRAINT `schedules_teacher_id_foreign` FOREIGN KEY (`teacher_id`) REFERENCES `users` (`id`);

--
-- Constraints for table `scores`
--
ALTER TABLE `scores`
  ADD CONSTRAINT `scores_course_offering_id_foreign` FOREIGN KEY (`course_offering_id`) REFERENCES `course_offerings` (`id`) ON DELETE CASCADE,
  ADD CONSTRAINT `scores_exam_id_foreign` FOREIGN KEY (`exam_id`) REFERENCES `exams` (`id`) ON DELETE CASCADE,
  ADD CONSTRAINT `scores_student_id_foreign` FOREIGN KEY (`student_id`) REFERENCES `users` (`id`) ON DELETE CASCADE;

--
-- Constraints for table `student_course`
--
ALTER TABLE `student_course`
  ADD CONSTRAINT `student_course_student_id_foreign` FOREIGN KEY (`student_id`) REFERENCES `users` (`id`) ON DELETE CASCADE;

--
-- Constraints for table `users`
--
ALTER TABLE `users`
  ADD CONSTRAINT `users_department_id_foreign` FOREIGN KEY (`department_id`) REFERENCES `departments` (`id`) ON DELETE SET NULL;
COMMIT;

/*!40101 SET CHARACTER_SET_CLIENT=@OLD_CHARACTER_SET_CLIENT */;
/*!40101 SET CHARACTER_SET_RESULTS=@OLD_CHARACTER_SET_RESULTS */;
/*!40101 SET COLLATION_CONNECTION=@OLD_COLLATION_CONNECTION */;
